timestamp,cpu_utilization,hour,day_of_week,cpu_rolling_mean_5,cpu_rolling_std_5,anomaly_label,anomaly_score
2014-02-14 14:30:00,0.132,14,4,0.1336,0.0008944271909999,1,0.2635917710220085
2014-02-14 14:35:00,0.134,14,4,0.1336,0.0008944271909999,1,0.2785013839449013
2014-02-14 14:40:00,0.134,14,4,0.1336,0.0008944271909999,1,0.2785013839449013
2014-02-14 14:45:00,0.134,14,4,0.1336,0.0008944271909999,1,0.2785013839449013
2014-02-14 14:50:00,0.134,14,4,0.1336,0.0008944271909999,1,0.2785013839449013
2014-02-14 14:55:00,0.134,14,4,0.134,0.0,1,0.2653641133277481
2014-02-14 15:00:00,0.134,15,4,0.134,0.0,1,0.2677488629952112
2014-02-14 15:05:00,0.134,15,4,0.134,0.0,1,0.2677488629952112
2014-02-14 15:10:00,0.066,15,4,0.1204,0.0304105244939971,1,0.26492680924653783
2014-02-14 15:15:00,0.132,15,4,0.12,0.030199337741083,1,0.3305423955319883
2014-02-14 15:20:00,0.134,15,4,0.12,0.030199337741083,1,0.33925435586590946
2014-02-14 15:25:00,0.066,15,4,0.1064,0.0368890227574545,1,0.2598895785164426
2014-02-14 15:30:00,0.132,15,4,0.106,0.0365239647354993,1,0.27655820544005527
2014-02-14 15:35:00,0.2019999999999999,15,4,0.1331999999999999,0.0480957378569036,1,0.18463927841944472
2014-02-14 15:40:00,0.068,15,4,0.1203999999999999,0.0563098570411965,1,0.1960060382718286
2014-02-14 15:45:00,0.134,15,4,0.1203999999999999,0.0563098570411965,1,0.272758449914684
2014-02-14 15:50:00,0.132,15,4,0.1336,0.0474004219390502,1,0.26119176925103216
2014-02-14 15:55:00,0.134,15,4,0.1339999999999999,0.0473919824442911,1,0.26941895023553863
2014-02-14 16:00:00,0.134,16,4,0.1204,0.0293052896249124,1,0.3369496968272967
2014-02-14 16:05:00,0.136,16,4,0.1339999999999999,0.0014142135623729,1,0.2465704849162706
2014-02-14 16:10:00,0.132,16,4,0.1336,0.001673320053068,1,0.25781317390799596
2014-02-14 16:15:00,0.134,16,4,0.1339999999999999,0.0014142135623729,1,0.27042057475111814
2014-02-14 16:20:00,0.134,16,4,0.134,0.0014142135623729,1,0.27042057475111814
2014-02-14 16:25:00,0.066,16,4,0.1204,0.0304433900871765,1,0.26453677734678654
2014-02-14 16:30:00,0.134,16,4,0.12,0.030199337741083,1,0.3369496968272967
2014-02-14 16:35:00,0.134,16,4,0.1204,0.0304105244939971,1,0.3374845638517429
2014-02-14 16:40:00,0.066,16,4,0.1068,0.0372451339103513,1,0.25706947985442813
2014-02-14 16:45:00,0.134,16,4,0.1068,0.0372451339103513,1,0.28205938937097785
2014-02-14 16:50:00,0.134,16,4,0.1204,0.0304105244939971,1,0.3374845638517429
2014-02-14 16:55:00,0.134,16,4,0.1204,0.0304105244939971,1,0.3374845638517429
2014-02-14 17:00:00,0.132,17,4,0.12,0.030199337741083,1,0.33095709167722553
2014-02-14 17:05:00,0.136,17,4,0.1339999999999999,0.0014142135623729,1,0.25000178930790734
2014-02-14 17:10:00,0.134,17,4,0.134,0.0014142135623729,1,0.2760668540338891
2014-02-14 17:15:00,0.134,17,4,0.1339999999999999,0.0014142135623729,1,0.2760668540338891
2014-02-14 17:20:00,0.132,17,4,0.1336,0.001673320053068,1,0.2625721518105389
2014-02-14 17:25:00,0.132,17,4,0.1336,0.001673320053068,1,0.2625721518105389
2014-02-14 17:30:00,0.134,17,4,0.1332,0.0010954451150101,1,0.28303034288198303
2014-02-14 17:35:00,0.134,17,4,0.1331999999999999,0.0010954451150101,1,0.28303034288198303
2014-02-14 17:40:00,0.066,17,4,0.1196,0.0299799933288852,1,0.2615864942180654
2014-02-14 17:45:00,0.134,17,4,0.12,0.030199337741083,1,0.3412832650661958
2014-02-14 17:50:00,0.134,17,4,0.1204,0.0304105244939971,1,0.34008805509345225
2014-02-14 17:55:00,0.2019999999999999,17,4,0.1339999999999999,0.0480832611206851,1,0.17276729187183093
2014-02-14 18:00:00,0.134,18,4,0.1339999999999999,0.0480832611206851,1,0.26371724254824913
2014-02-14 18:05:00,0.134,18,4,0.1475999999999999,0.030410524493997,1,0.25883277474300465
2014-02-14 18:10:00,0.134,18,4,0.1475999999999999,0.030410524493997,1,0.25883277474300465
2014-02-14 18:15:00,0.068,18,4,0.1344,0.0473793203834752,1,0.17594325875980643
2014-02-14 18:20:00,0.132,18,4,0.1204,0.0293052896249124,1,0.3259664746641475
2014-02-14 18:25:00,0.134,18,4,0.1204,0.0293052896249124,1,0.3362085386245774
2014-02-14 18:30:00,0.134,18,4,0.1204,0.0293052896249124,1,0.3362085386245774
2014-02-14 18:35:00,0.134,18,4,0.1204,0.0293052896249124,1,0.3362085386245774
2014-02-14 18:40:00,0.134,18,4,0.1336,0.000894427191,1,0.2749694007036499
2014-02-14 18:45:00,0.134,18,4,0.134,5.094209646402836e-10,1,0.2631046471655821
2014-02-14 18:50:00,0.134,18,4,0.134,5.094209646402836e-10,1,0.2631046471655821
2014-02-14 18:55:00,0.134,18,4,0.134,5.094209646402836e-10,1,0.2631046471655821
2014-02-14 19:00:00,0.066,19,4,0.1204,0.0304105244939971,1,0.2522283682452974
2014-02-14 19:05:00,0.134,19,4,0.1204,0.0304105244939971,1,0.3362037232898291
2014-02-14 19:10:00,0.134,19,4,0.1204,0.0304105244939971,1,0.3362037232898291
2014-02-14 19:15:00,0.134,19,4,0.1204,0.0304105244939971,1,0.3362037232898291
2014-02-14 19:20:00,0.066,19,4,0.1068,0.0372451339103513,1,0.24505705041894
2014-02-14 19:25:00,0.132,19,4,0.12,0.030199337741083,1,0.3276154168177467
2014-02-14 19:30:00,0.134,19,4,0.12,0.030199337741083,1,0.3382714165915863
2014-02-14 19:35:00,0.2,19,4,0.1332,0.0473835414463714,1,0.17734012713806135
2014-02-14 19:40:00,0.132,19,4,0.1328,0.0473835414463714,1,0.2583553727161455
2014-02-14 19:45:00,0.134,19,4,0.1464,0.0299799933288851,1,0.26055352458889086
2014-02-14 19:50:00,0.136,19,4,0.1472,0.0295499576987852,1,0.2335625521290549
2014-02-14 19:55:00,0.132,19,4,0.1468,0.0297859027058103,1,0.25035411953870884
2014-02-14 20:00:00,0.066,20,4,0.12,0.030232432915662,1,0.24674265808076046
2014-02-14 20:05:00,0.134,20,4,0.1204,0.0304433900871766,1,0.328548673765106
2014-02-14 20:10:00,0.134,20,4,0.1204,0.0304433900871766,1,0.328548673765106
2014-02-14 20:15:00,0.134,20,4,0.12,0.030199337741083,1,0.3312893326485334
2014-02-14 20:20:00,0.2,20,4,0.1336,0.0473793203834753,1,0.16999729418956966
2014-02-14 20:25:00,0.132,20,4,0.1468,0.0297523108346225,1,0.246644393720844
2014-02-14 20:30:00,0.136,20,4,0.1472,0.0295499576987852,1,0.23130204983260105
2014-02-14 20:35:00,0.134,20,4,0.1472,0.0295499576987852,1,0.2524767698268412
2014-02-14 20:40:00,0.134,20,4,0.1472,0.0295499576987852,1,0.2524767698268412
2014-02-14 20:45:00,0.134,20,4,0.134,0.0014142135623735,1,0.2587017194255178
2014-02-14 20:50:00,0.066,20,4,0.1208,0.0306463700950048,1,0.24306466745455957
2014-02-14 20:55:00,0.134,20,4,0.1204,0.0304105244939972,1,0.3288227537806783
2014-02-14 21:00:00,0.134,21,4,0.1204,0.0304105244939972,1,0.3261654893495062
2014-02-14 21:05:00,0.134,21,4,0.1204,0.0304105244939972,1,0.3261654893495062
2014-02-14 21:10:00,0.134,21,4,0.1204,0.0304105244939972,1,0.3261654893495062
2014-02-14 21:15:00,0.132,21,4,0.1336,0.0008944271909999,1,0.2427817917024968
2014-02-14 21:20:00,0.066,21,4,0.12,0.030199337741083,1,0.24263182752937174
2014-02-14 21:25:00,0.134,21,4,0.12,0.030199337741083,1,0.32719071871248284
2014-02-14 21:30:00,0.132,21,4,0.1196,0.0299799933288851,1,0.3155085966444798
2014-02-14 21:35:00,0.134,21,4,0.1196,0.0299799933288851,1,0.32456691555985556
2014-02-14 21:40:00,0.132,21,4,0.1196,0.0299799933288851,1,0.3155085966444798
2014-02-14 21:45:00,0.066,21,4,0.1196,0.0299799933288851,1,0.24003647054426386
2014-02-14 21:50:00,0.134,21,4,0.1196,0.0299799933288851,1,0.32456691555985556
2014-02-14 21:55:00,0.132,21,4,0.1196,0.0299799933288851,1,0.3155085966444798
2014-02-14 22:00:00,0.134,22,4,0.1196,0.0299799933288851,1,0.31575765271110123
2014-02-14 22:05:00,0.134,22,4,0.12,0.030199337741083,1,0.319557160255145
2014-02-14 22:10:00,0.066,22,4,0.12,0.030199337741083,1,0.24074312351216798
2014-02-14 22:15:00,0.134,22,4,0.12,0.030199337741083,1,0.319557160255145
2014-02-14 22:20:00,0.132,22,4,0.12,0.030199337741083,1,0.3105492917454485
2014-02-14 22:25:00,0.134,22,4,0.12,0.030199337741083,1,0.319557160255145
2014-02-14 22:30:00,0.132,22,4,0.1196,0.0299799933288851,1,0.30596141968021373
2014-02-14 22:35:00,0.068,22,4,0.12,0.0290860791444979,1,0.20979109368594007
2014-02-14 22:40:00,0.132,22,4,0.1196,0.0288582743766844,1,0.3024587725016304
2014-02-14 22:45:00,0.132,22,4,0.1196,0.0288582743766844,1,0.3024587725016304
2014-02-14 22:50:00,0.134,22,4,0.1196,0.0288582743766844,1,0.31261962482445294
2014-02-14 22:55:00,0.132,22,4,0.1196,0.0288582743766844,1,0.3024587725016304
2014-02-14 23:00:00,0.134,23,4,0.1327999999999999,0.0010954451150103,1,0.22189739697958022
2014-02-14 23:05:00,0.134,23,4,0.1332,0.0010954451150103,1,0.22903684972320348
2014-02-14 23:10:00,0.134,23,4,0.1336,0.0008944271909999,1,0.2277351084632594
2014-02-14 23:15:00,0.066,23,4,0.12,0.030199337741083,1,0.2304546832765908
2014-02-14 23:20:00,0.132,23,4,0.12,0.030199337741083,1,0.2964435935111044
2014-02-14 23:25:00,0.132,23,4,0.1196,0.0299799933288851,1,0.29147541997525167
2014-02-14 23:30:00,0.066,23,4,0.106,0.0365239647354993,1,0.2128213073877726
2014-02-14 23:35:00,0.136,23,4,0.1064,0.0369161211396863,1,0.23214129006488904
2014-02-14 23:40:00,0.134,23,4,0.12,0.0302324329156619,1,0.3029478001332962
2014-02-14 23:45:00,0.066,23,4,0.1068,0.037271973384837,1,0.22023019090705265
2014-02-14 23:50:00,0.134,23,4,0.1072,0.0376191440625647,1,0.24402214038103404
2014-02-14 23:55:00,0.2,23,4,0.134,0.0473919824442911,1,0.15465135316201473
2014-02-15 00:00:00,0.134,0,5,0.1336,0.0473793203834753,1,0.23893646191169216
2014-02-15 00:05:00,0.134,0,5,0.1336,0.0473793203834753,1,0.23893646191169216
2014-02-15 00:10:00,0.066,0,5,0.1336,0.0473793203834753,1,0.17461032048556946
2014-02-15 00:15:00,0.132,0,5,0.1331999999999999,0.0473835414463714,1,0.2317533259785216
2014-02-15 00:20:00,0.134,0,5,0.12,0.030199337741083,1,0.30202692181134766
2014-02-15 00:25:00,0.066,0,5,0.1064,0.0368890227574545,1,0.23025520866435167
2014-02-15 00:30:00,0.136,0,5,0.1068,0.037271973384837,1,0.2485653447743008
2014-02-15 00:35:00,0.134,0,5,0.1204,0.0304433900871765,1,0.3015062564973227
2014-02-15 00:40:00,0.134,0,5,0.1208,0.0306463700950047,1,0.2962205853927733
2014-02-15 00:45:00,0.066,0,5,0.1072,0.0376191440625647,1,0.22536385169853168
2014-02-15 00:50:00,0.134,0,5,0.1208,0.0306463700950047,1,0.2962205853927733
2014-02-15 00:55:00,0.134,0,5,0.1204,0.0304105244939971,1,0.3015062564973227
2014-02-15 01:00:00,0.134,1,5,0.1204,0.0304105244939971,1,0.31287092191808585
2014-02-15 01:05:00,0.068,1,5,0.1072,0.0367042231902543,1,0.21344954936380622
2014-02-15 01:10:00,0.132,1,5,0.1204,0.0293052896249124,1,0.2983707031234094
2014-02-15 01:15:00,0.134,1,5,0.1204,0.0293052896249124,1,0.312705840238405
2014-02-15 01:20:00,0.134,1,5,0.1204,0.0293052896249124,1,0.312705840238405
2014-02-15 01:25:00,0.068,1,5,0.1072,0.035793854221081,1,0.21127625385901272
2014-02-15 01:30:00,0.134,1,5,0.1204,0.0293052896249124,1,0.312705840238405
2014-02-15 01:35:00,0.134,1,5,0.1208,0.0295160973029972,1,0.30837658738779855
2014-02-15 01:40:00,0.134,1,5,0.1208,0.0295160973029972,1,0.30837658738779855
2014-02-15 01:45:00,0.134,1,5,0.1208,0.0295160973029972,1,0.30837658738779855
2014-02-15 01:50:00,0.134,1,5,0.134,0.0,1,0.21369800040192066
2014-02-15 01:55:00,0.134,1,5,0.134,0.0,1,0.21369800040192066
2014-02-15 02:00:00,0.066,2,5,0.1204,0.0304105244939971,1,0.24443794585197642
2014-02-15 02:05:00,0.134,2,5,0.1204,0.0304105244939971,1,0.3202292532119517
2014-02-15 02:10:00,0.132,2,5,0.12,0.030199337741083,1,0.3099171156950385
2014-02-15 02:15:00,0.134,2,5,0.12,0.030199337741083,1,0.3201118816851928
2014-02-15 02:20:00,0.066,2,5,0.1064,0.0368890227574545,1,0.2531396615506186
2014-02-15 02:25:00,0.132,2,5,0.1196,0.0299799933288851,1,0.30886462075124943
2014-02-15 02:30:00,0.132,2,5,0.1192,0.0297523108346225,1,0.30312073854410027
2014-02-15 02:35:00,0.066,2,5,0.106,0.0365239647354993,1,0.24587158999230868
2014-02-15 02:40:00,0.134,2,5,0.106,0.0365239647354993,1,0.28084322683817486
2014-02-15 02:45:00,0.134,2,5,0.1196,0.0299799933288851,1,0.3197997197101704
2014-02-15 02:50:00,0.136,2,5,0.1204,0.0304433900871765,1,0.3026814135053652
2014-02-15 02:55:00,0.134,2,5,0.1208,0.0306463700950047,1,0.3157375212379883
2014-02-15 03:00:00,0.134,3,5,0.1344,0.0008944271909998,1,0.22039428059373578
2014-02-15 03:05:00,1.466,3,5,0.4008,0.5954655321678997,-1,-0.042373832944935574
2014-02-15 03:10:00,0.066,3,5,0.3872,0.603800629347138,-1,-0.004884815254494246
2014-02-15 03:15:00,0.134,3,5,0.3868,0.60400927145202,1,0.004524579233680881
2014-02-15 03:20:00,0.134,3,5,0.3868,0.60400927145202,1,0.004524579233680881
2014-02-15 03:25:00,0.134,3,5,0.3868,0.60400927145202,1,0.004524579233680881
2014-02-15 03:30:00,0.134,3,5,0.1204,0.0304105244939963,1,0.3260183883038448
2014-02-15 03:35:00,0.134,3,5,0.134,0.0,1,0.22512228504390364
2014-02-15 03:40:00,0.132,3,5,0.1336,0.0008944271909999,1,0.2266539823843704
2014-02-15 03:45:00,0.066,3,5,0.12,0.030199337741083,1,0.249012271333797
2014-02-15 03:50:00,0.134,3,5,0.12,0.030199337741083,1,0.3259026649721
2014-02-15 03:55:00,0.132,3,5,0.1196,0.0299799933288851,1,0.3170376402353596
2014-02-15 04:00:00,0.134,4,5,0.1196,0.0299799933288851,1,0.32587391410359107
2014-02-15 04:05:00,0.066,4,5,0.1064,0.0368890227574545,1,0.26408220968479
2014-02-15 04:10:00,0.134,4,5,0.12,0.030199337741083,1,0.32618148146933473
2014-02-15 04:15:00,0.134,4,5,0.12,0.030199337741083,1,0.32618148146933473
2014-02-15 04:20:00,0.134,4,5,0.1204,0.0304105244939971,1,0.3262971254432555
2014-02-15 04:25:00,0.068,4,5,0.1072,0.0367042231902542,1,0.23239199120989884
2014-02-15 04:30:00,0.132,4,5,0.1204,0.0293052896249124,1,0.3178893941515544
2014-02-15 04:35:00,0.134,4,5,0.1204,0.0293052896249124,1,0.32508438029957837
2014-02-15 04:40:00,0.066,4,5,0.1068,0.0363483149540663,1,0.26691371120147667
2014-02-15 04:45:00,0.132,4,5,0.1064,0.0359833294735214,1,0.2809446244426607
2014-02-15 04:50:00,0.134,4,5,0.1196,0.0299799933288851,1,0.32587391410359107
2014-02-15 04:55:00,0.134,4,5,0.12,0.030199337741083,1,0.32618148146933473
2014-02-15 05:00:00,0.066,5,5,0.1064,0.0368890227574545,1,0.27515432826782826
2014-02-15 05:05:00,0.134,5,5,0.12,0.030199337741083,1,0.3353805626017841
2014-02-15 05:10:00,0.132,5,5,0.12,0.030199337741083,1,0.3285974585418966
2014-02-15 05:15:00,0.134,5,5,0.12,0.030199337741083,1,0.3353805626017841
2014-02-15 05:20:00,0.066,5,5,0.1064,0.0368890227574545,1,0.27515432826782826
2014-02-15 05:25:00,0.136,5,5,0.1204,0.0304433900871765,1,0.3180339961160556
2014-02-15 05:30:00,0.068,5,5,0.1072,0.0367314579073578,1,0.24085084300027804
2014-02-15 05:35:00,0.132,5,5,0.1072,0.0367314579073578,1,0.2935200813249491
2014-02-15 05:40:00,0.132,5,5,0.1068,0.0363758161420469,1,0.2961065810470305
2014-02-15 05:45:00,0.134,5,5,0.1204,0.0293393933134275,1,0.3334241976747141
2014-02-15 05:50:00,0.134,5,5,0.12,0.0290860791444979,1,0.33331058281304077
2014-02-15 05:55:00,0.2,5,5,0.1464,0.0299799933288851,1,0.16061277981216338
2014-02-15 06:00:00,0.066,6,5,0.1332,0.0473835414463714,1,0.21460801384464478
2014-02-15 06:05:00,0.134,6,5,0.1336,0.0473793203834753,1,0.27033455926007494
2014-02-15 06:10:00,0.134,6,5,0.1336,0.0473793203834753,1,0.27033455926007494
2014-02-15 06:15:00,0.068,6,5,0.1204,0.0557027826953016,1,0.20244503314947138
2014-02-15 06:20:00,0.132,6,5,0.1068,0.0363483149540662,1,0.2956958662833679
2014-02-15 06:25:00,0.066,6,5,0.1068,0.0363483149540662,1,0.27668986968156595
2014-02-15 06:30:00,0.132,6,5,0.1064,0.0359833294735214,1,0.2923402460779483
2014-02-15 06:35:00,0.136,6,5,0.1068,0.0363758161420468,1,0.2833968363940447
2014-02-15 06:40:00,0.066,6,5,0.1064,0.0369161211396863,1,0.27338135636842276
2014-02-15 06:45:00,0.132,6,5,0.1064,0.0369161211396863,1,0.2917868207001702
2014-02-15 06:50:00,0.134,6,5,0.12,0.0302324329156619,1,0.33975627018201787
2014-02-15 06:55:00,0.134,6,5,0.1204,0.0304433900871765,1,0.3396023205861376
2014-02-15 07:00:00,0.066,7,5,0.1064,0.0368890227574545,1,0.2727706430684962
2014-02-15 07:05:00,0.134,7,5,0.12,0.0301993377410829,1,0.34028223806622204
2014-02-15 07:10:00,0.132,7,5,0.12,0.0301993377410829,1,0.3327319064777354
2014-02-15 07:15:00,0.066,7,5,0.1064,0.0368890227574545,1,0.2727706430684962
2014-02-15 07:20:00,0.134,7,5,0.1064,0.0368890227574545,1,0.2981811470984267
2014-02-15 07:25:00,0.134,7,5,0.12,0.0301993377410829,1,0.34028223806622204
2014-02-15 07:30:00,0.134,7,5,0.12,0.0301993377410829,1,0.34028223806622204
2014-02-15 07:35:00,0.066,7,5,0.1068,0.0372451339103512,1,0.2737895112963468
2014-02-15 07:40:00,0.134,7,5,0.1204,0.0304105244939971,1,0.34033884684949556
2014-02-15 07:45:00,0.132,7,5,0.12,0.0301993377410829,1,0.3327319064777354
2014-02-15 07:50:00,0.066,7,5,0.1064,0.0368890227574545,1,0.2727706430684962
2014-02-15 07:55:00,0.134,7,5,0.1064,0.0368890227574545,1,0.2981811470984267
2014-02-15 08:00:00,0.134,8,5,0.12,0.0301993377410829,1,0.33876522848607105
2014-02-15 08:05:00,0.134,8,5,0.12,0.0301993377410829,1,0.33876522848607105
2014-02-15 08:10:00,0.068,8,5,0.1072,0.0367042231902542,1,0.23964847989917332
2014-02-15 08:15:00,0.134,8,5,0.1208,0.0295160973029972,1,0.33396575687252394
2014-02-15 08:20:00,0.068,8,5,0.1076,0.0361496887953409,1,0.23420593231551595
2014-02-15 08:25:00,0.132,8,5,0.1072,0.035793854221081,1,0.2868756476553397
2014-02-15 08:30:00,0.134,8,5,0.1072,0.035793854221081,1,0.2920730612803848
2014-02-15 08:35:00,0.134,8,5,0.1204,0.0293052896249124,1,0.33677001580754873
2014-02-15 08:40:00,0.066,8,5,0.1068,0.0363483149540662,1,0.275903743744231
2014-02-15 08:45:00,0.134,8,5,0.12,0.0301993377410829,1,0.33876522848607105
2014-02-15 08:50:00,0.134,8,5,0.1204,0.0304105244939971,1,0.3388220562270912
2014-02-15 08:55:00,0.134,8,5,0.1204,0.0304105244939971,1,0.3388220562270912
2014-02-15 09:00:00,0.066,9,5,0.1068,0.0372451339103512,1,0.2719619346458524
2014-02-15 09:05:00,0.132,9,5,0.12,0.0301993377410829,1,0.3352771869927776
2014-02-15 09:10:00,0.134,9,5,0.12,0.0301993377410829,1,0.34221755436405193
2014-02-15 09:15:00,0.066,9,5,0.1064,0.0368890227574545,1,0.2729753953457209
2014-02-15 09:20:00,0.134,9,5,0.1064,0.0368890227574545,1,0.30020943815384704
2014-02-15 09:25:00,0.134,9,5,0.12,0.0301993377410829,1,0.34221755436405193
2014-02-15 09:30:00,0.134,9,5,0.1204,0.0304105244939971,1,0.34227388381323215
2014-02-15 09:35:00,0.066,9,5,0.1068,0.0372451339103512,1,0.2719619346458524
2014-02-15 09:40:00,0.134,9,5,0.1204,0.0304105244939971,1,0.34227388381323215
2014-02-15 09:45:00,0.134,9,5,0.1204,0.0304105244939971,1,0.34227388381323215
2014-02-15 09:50:00,0.132,9,5,0.12,0.0301993377410829,1,0.3352771869927776
2014-02-15 09:55:00,0.134,9,5,0.12,0.0301993377410829,1,0.34221755436405193
2014-02-15 10:00:00,0.068,10,5,0.1204,0.0293052896249124,1,0.23494417399237344
2014-02-15 10:05:00,0.134,10,5,0.1204,0.0293052896249124,1,0.3383679816909031
2014-02-15 10:10:00,0.132,10,5,0.12,0.0290860791444979,1,0.33176177862419964
2014-02-15 10:15:00,0.066,10,5,0.1068,0.0363483149540662,1,0.27545778960847367
2014-02-15 10:20:00,0.134,10,5,0.1068,0.0363483149540662,1,0.2997654648130376
2014-02-15 10:25:00,0.134,10,5,0.12,0.0301993377410829,1,0.3406940816083676
2014-02-15 10:30:00,0.066,10,5,0.1064,0.0368890227574545,1,0.2706359328319125
2014-02-15 10:35:00,0.132,10,5,0.1064,0.0368890227574545,1,0.2903293609884918
2014-02-15 10:40:00,0.132,10,5,0.1196,0.0299799933288851,1,0.33315850883006004
2014-02-15 10:45:00,0.134,10,5,0.1196,0.0299799933288851,1,0.3397485790480988
2014-02-15 10:50:00,0.134,10,5,0.1196,0.0299799933288851,1,0.3397485790480988
2014-02-15 10:55:00,0.132,10,5,0.1327999999999999,0.0010954451150096,1,0.2369762678956569
2014-02-15 11:00:00,0.068,11,5,0.12,0.0290860791444979,1,0.23089435713232553
2014-02-15 11:05:00,0.132,11,5,0.12,0.0290860791444979,1,0.331324357075073
2014-02-15 11:10:00,0.132,11,5,0.1196,0.0288582743766843,1,0.32963243357691213
2014-02-15 11:15:00,0.134,11,5,0.1196,0.0288582743766843,1,0.33755369429761606
2014-02-15 11:20:00,0.066,11,5,0.1064,0.0359833294735214,1,0.2651189979167995
2014-02-15 11:25:00,0.134,11,5,0.1196,0.0299799933288851,1,0.34058311084947807
2014-02-15 11:30:00,0.066,11,5,0.1064,0.0368890227574545,1,0.26942479447698275
2014-02-15 11:35:00,0.132,11,5,0.1064,0.0368890227574545,1,0.28470240027191474
2014-02-15 11:40:00,0.136,11,5,0.1068,0.037271973384837,1,0.275832482035271
2014-02-15 11:45:00,0.134,11,5,0.1204,0.0304433900871765,1,0.342985090586994
2014-02-15 11:50:00,0.068,11,5,0.1072,0.0367314579073578,1,0.23333214041482997
2014-02-15 11:55:00,0.132,11,5,0.1204,0.0293393933134275,1,0.3303635912093767
2014-02-15 12:00:00,0.132,12,5,0.1204,0.0293393933134275,1,0.32913489645871813
2014-02-15 12:05:00,0.134,12,5,0.12,0.0290860791444979,1,0.3355131580195457
2014-02-15 12:10:00,0.134,12,5,0.12,0.0290860791444979,1,0.3355131580195457
2014-02-15 12:15:00,0.132,12,5,0.1327999999999999,0.0010954451150091,1,0.2382752685286193
2014-02-15 12:20:00,0.066,12,5,0.1196,0.0299799933288851,1,0.2677618850452243
2014-02-15 12:25:00,0.134,12,5,0.12,0.0301993377410829,1,0.3403191597419018
2014-02-15 12:30:00,0.132,12,5,0.1196,0.0299799933288851,1,0.33150112521297803
2014-02-15 12:35:00,0.134,12,5,0.1196,0.0299799933288851,1,0.3385740167792412
2014-02-15 12:40:00,0.134,12,5,0.12,0.0301993377410829,1,0.3403191597419018
2014-02-15 12:45:00,0.066,12,5,0.12,0.0301993377410829,1,0.26794072215925346
2014-02-15 12:50:00,0.134,12,5,0.12,0.0301993377410829,1,0.3403191597419018
2014-02-15 12:55:00,0.2,12,5,0.1336,0.0473793203834752,1,0.18037864994378927
2014-02-15 13:00:00,0.134,13,5,0.1336,0.0473793203834752,1,0.2554031109026444
2014-02-15 13:05:00,0.066,13,5,0.12,0.0561782876207525,1,0.2121068093246502
2014-02-15 13:10:00,0.134,13,5,0.1336,0.0473793203834752,1,0.2554031109026444
2014-02-15 13:15:00,0.136,13,5,0.134,0.0473919824442911,1,0.23486535662869762
2014-02-15 13:20:00,0.134,13,5,0.1208,0.0306463700950046,1,0.3339869018721938
2014-02-15 13:25:00,0.066,13,5,0.1072,0.0376191440625647,1,0.25742775022556413
2014-02-15 13:30:00,0.134,13,5,0.1208,0.0306463700950047,1,0.3339869018721938
2014-02-15 13:35:00,0.134,13,5,0.1208,0.0306463700950047,1,0.3339869018721938
2014-02-15 13:40:00,0.134,13,5,0.1204,0.0304105244939971,1,0.33848843914932175
2014-02-15 13:45:00,0.134,13,5,0.1204,0.0304105244939971,1,0.33848843914932175
2014-02-15 13:50:00,0.134,13,5,0.134,0.0,1,0.24805310361935812
2014-02-15 13:55:00,0.134,13,5,0.134,0.0,1,0.24805310361935812
2014-02-15 14:00:00,0.134,14,5,0.134,0.0,1,0.24898449749207602
2014-02-15 14:05:00,0.066,14,5,0.1204,0.0304105244939971,1,0.25894547286092584
2014-02-15 14:10:00,0.134,14,5,0.1204,0.0304105244939971,1,0.33507381361351296
2014-02-15 14:15:00,0.134,14,5,0.1204,0.0304105244939971,1,0.33507381361351296
2014-02-15 14:20:00,0.132,14,5,0.12,0.030199337741083,1,0.3240559215457798
2014-02-15 14:25:00,0.134,14,5,0.12,0.030199337741083,1,0.33469161715331863
2014-02-15 14:30:00,0.134,14,5,0.1336,0.0008944271909999,1,0.26042271042492426
2014-02-15 14:35:00,0.066,14,5,0.12,0.030199337741083,1,0.2584648834184977
2014-02-15 14:40:00,0.134,14,5,0.12,0.030199337741083,1,0.33469161715331863
2014-02-15 14:45:00,0.134,14,5,0.1204,0.0304105244939971,1,0.33507381361351296
2014-02-15 14:50:00,0.132,14,5,0.12,0.030199337741083,1,0.3240559215457798
2014-02-15 14:55:00,0.132,14,5,0.1196,0.0299799933288851,1,0.32265885098574393
2014-02-15 15:00:00,0.134,15,5,0.1331999999999999,0.0010954451150102,1,0.2558893831970634
2014-02-15 15:05:00,0.132,15,5,0.1328,0.0010954451150102,1,0.2375443959534751
2014-02-15 15:10:00,0.066,15,5,0.1192,0.0297523108346225,1,0.25190722137023175
2014-02-15 15:15:00,0.132,15,5,0.1192,0.0297523108346225,1,0.3191018826055705
2014-02-15 15:20:00,0.134,15,5,0.1196,0.0299799933288851,1,0.33261137482595754
2014-02-15 15:25:00,0.132,15,5,0.1192,0.0297523108346225,1,0.3191018826055705
2014-02-15 15:30:00,0.134,15,5,0.1196,0.0299799933288851,1,0.33261137482595754
2014-02-15 15:35:00,0.068,15,5,0.12,0.0290860791444979,1,0.22120139870666888
2014-02-15 15:40:00,0.134,15,5,0.1204,0.0293052896249124,1,0.3351370607540646
2014-02-15 15:45:00,0.134,15,5,0.1204,0.0293052896249124,1,0.3351370607540646
2014-02-15 15:50:00,0.134,15,5,0.1208,0.0295160973029972,1,0.33232122981231843
2014-02-15 15:55:00,0.134,15,5,0.1208,0.0295160973029972,1,0.33232122981231843
2014-02-15 16:00:00,0.132,16,5,0.1336,0.0008944271909999,1,0.2458935347584426
2014-02-15 16:05:00,0.204,16,5,0.1476,0.031540450218727,1,0.15770690284650646
2014-02-15 16:10:00,0.066,16,5,0.134,0.0488057373676497,1,0.18389915871169982
2014-02-15 16:15:00,0.132,16,5,0.1336,0.0488139324373687,1,0.23048162800276306
2014-02-15 16:20:00,0.134,16,5,0.1336,0.0488139324373687,1,0.24085927275963165
2014-02-15 16:25:00,0.066,16,5,0.1204,0.0575047824098135,1,0.19860061785675498
2014-02-15 16:30:00,0.134,16,5,0.1064,0.0368890227574545,1,0.2718677882684939
2014-02-15 16:35:00,0.134,16,5,0.12,0.030199337741083,1,0.3330489790080501
2014-02-15 16:40:00,0.134,16,5,0.1204,0.0304105244939971,1,0.3336466956425404
2014-02-15 16:45:00,0.066,16,5,0.1068,0.0372451339103513,1,0.2563468172040649
2014-02-15 16:50:00,0.134,16,5,0.1204,0.0304105244939971,1,0.3336466956425404
2014-02-15 16:55:00,0.134,16,5,0.1204,0.0304105244939971,1,0.3336466956425404
2014-02-15 17:00:00,0.134,17,5,0.1204,0.0304105244939971,1,0.33490000756731386
2014-02-15 17:05:00,0.132,17,5,0.12,0.030199337741083,1,0.3243451666462461
2014-02-15 17:10:00,0.134,17,5,0.1336,0.0008944271910005,1,0.2644373236245562
2014-02-15 17:15:00,0.134,17,5,0.1336,0.0008944271910005,1,0.2644373236245562
2014-02-15 17:20:00,0.066,17,5,0.12,0.030199337741083,1,0.25664521648899785
2014-02-15 17:25:00,0.134,17,5,0.12,0.030199337741083,1,0.33605380078315994
2014-02-15 17:30:00,0.136,17,5,0.1208,0.0306463700950047,1,0.30536142332749927
2014-02-15 17:35:00,0.134,17,5,0.1208,0.0306463700950047,1,0.3307177152245244
2014-02-15 17:40:00,0.066,17,5,0.1072,0.0376191440625647,1,0.25157760886869907
2014-02-15 17:45:00,0.134,17,5,0.1207999999999999,0.0306463700950047,1,0.3307177152245244
2014-02-15 17:50:00,0.134,17,5,0.1207999999999999,0.0306463700950047,1,0.3307177152245244
2014-02-15 17:55:00,0.132,17,5,0.12,0.030199337741083,1,0.3243451666462461
2014-02-15 18:00:00,0.134,18,5,0.12,0.030199337741083,1,0.33079860661259014
2014-02-15 18:05:00,0.134,18,5,0.1336,0.0008944271910006,1,0.2611977460724765
2014-02-15 18:10:00,0.134,18,5,0.1336,0.0008944271910006,1,0.2611977460724765
2014-02-15 18:15:00,0.068,18,5,0.1204,0.0293052896249124,1,0.21264383414665256
2014-02-15 18:20:00,0.134,18,5,0.1208,0.0295160973029972,1,0.32772592062147
2014-02-15 18:25:00,0.066,18,5,0.1072,0.0367042231902543,1,0.2510312848194746
2014-02-15 18:30:00,0.132,18,5,0.1068,0.0363483149540663,1,0.2655407855591144
2014-02-15 18:35:00,0.132,18,5,0.1064,0.0359833294735215,1,0.2617886316103293
2014-02-15 18:40:00,0.066,18,5,0.106,0.0365239647354993,1,0.24456199299207093
2014-02-15 18:45:00,0.132,18,5,0.1056,0.0361496887953409,1,0.26051391121045464
2014-02-15 18:50:00,0.134,18,5,0.1192,0.0297523108346226,1,0.3249472073161423
2014-02-15 18:55:00,0.134,18,5,0.1196,0.0299799933288852,1,0.32807507003171965
2014-02-15 19:00:00,0.134,19,5,0.12,0.030199337741083,1,0.33299471514456364
2014-02-15 19:05:00,0.134,19,5,0.1336,0.0008944271910008,1,0.26022487183067455
2014-02-15 19:10:00,0.132,19,5,0.1336,0.0008944271910008,1,0.2429252295552753
2014-02-15 19:15:00,0.134,19,5,0.1336,0.0008944271910008,1,0.26022487183067455
2014-02-15 19:20:00,0.134,19,5,0.1336,0.0008944271910008,1,0.26022487183067455
2014-02-15 19:25:00,0.066,19,5,0.12,0.030199337741083,1,0.24771882267148293
2014-02-15 19:30:00,0.134,19,5,0.12,0.030199337741083,1,0.33299471514456364
2014-02-15 19:35:00,0.134,19,5,0.1204,0.0304105244939971,1,0.3316391260007553
2014-02-15 19:40:00,0.134,19,5,0.1204,0.0304105244939971,1,0.3316391260007553
2014-02-15 19:45:00,0.066,19,5,0.1068,0.0372451339103513,1,0.2479189971419588
2014-02-15 19:50:00,0.132,19,5,0.12,0.030199337741083,1,0.32044185470561015
2014-02-15 19:55:00,0.132,19,5,0.1196,0.0299799933288852,1,0.31666388398043455
2014-02-15 20:00:00,0.134,20,5,0.1196,0.0299799933288852,1,0.32011491945691806
2014-02-15 20:05:00,0.066,20,5,0.106,0.0365239647354993,1,0.23282258230218456
2014-02-15 20:10:00,0.136,20,5,0.12,0.0302324329156619,1,0.2992288606377256
2014-02-15 20:15:00,0.134,20,5,0.1204,0.0304433900871765,1,0.3223905387569262
2014-02-15 20:20:00,0.134,20,5,0.1207999999999999,0.0306463700950047,1,0.3183578421496839
2014-02-15 20:25:00,0.132,20,5,0.1204,0.0304433900871765,1,0.3092434456792879
2014-02-15 20:30:00,0.068,20,5,0.1208,0.0295499576987853,1,0.20105634839800923
2014-02-15 20:35:00,0.132,20,5,0.12,0.029086079144498,1,0.30704178209277755
2014-02-15 20:40:00,0.134,20,5,0.12,0.029086079144498,1,0.3183706416664449
2014-02-15 20:45:00,0.066,20,5,0.1064,0.0359833294735215,1,0.23907218118697127
2014-02-15 20:50:00,0.132,20,5,0.1064,0.0359833294735215,1,0.2506573414496257
2014-02-15 20:55:00,0.134,20,5,0.1196,0.0299799933288852,1,0.32011491945691806
2014-02-15 21:00:00,0.134,21,5,0.12,0.030199337741083,1,0.320406907388007
2014-02-15 21:05:00,0.134,21,5,0.12,0.030199337741083,1,0.320406907388007
2014-02-15 21:10:00,0.066,21,5,0.12,0.030199337741083,1,0.23498068923621945
2014-02-15 21:15:00,0.134,21,5,0.1204,0.0304105244939971,1,0.3204044506969747
2014-02-15 21:20:00,0.134,21,5,0.1204,0.0304105244939971,1,0.3204044506969747
2014-02-15 21:25:00,0.134,21,5,0.1204,0.0304105244939971,1,0.3204044506969747
2014-02-15 21:30:00,0.066,21,5,0.1068,0.0372451339103513,1,0.2349669598957319
2014-02-15 21:35:00,0.134,21,5,0.1204,0.0304105244939971,1,0.3204044506969747
2014-02-15 21:40:00,0.066,21,5,0.1068,0.0372451339103513,1,0.2349669598957319
2014-02-15 21:45:00,0.134,21,5,0.1068,0.0372451339103513,1,0.2573075822949754
2014-02-15 21:50:00,0.136,21,5,0.1072,0.0376191440625647,1,0.23491825709256353
2014-02-15 21:55:00,0.136,21,5,0.1212,0.0308739372286723,1,0.29149323156303475
2014-02-15 22:00:00,0.134,22,5,0.1212,0.0308739372286723,1,0.30995865032609493
2014-02-15 22:05:00,0.066,22,5,0.1212,0.0308739372286723,1,0.2259728312032081
2014-02-15 22:10:00,0.134,22,5,0.1212,0.0308739372286723,1,0.30995865032609493
2014-02-15 22:15:00,0.134,22,5,0.1207999999999999,0.0306463700950047,1,0.31172665589511545
2014-02-15 22:20:00,0.134,22,5,0.1204,0.0304105244939971,1,0.31522626868102815
2014-02-15 22:25:00,0.066,22,5,0.1068,0.0372451339103513,1,0.23074324632986754
2014-02-15 22:30:00,0.134,22,5,0.1204,0.0304105244939971,1,0.31522626868102815
2014-02-15 22:35:00,0.132,22,5,0.12,0.030199337741083,1,0.3066245895532476
2014-02-15 22:40:00,0.066,22,5,0.1064,0.0368890227574545,1,0.23016801778983031
2014-02-15 22:45:00,0.134,22,5,0.1064,0.0368890227574545,1,0.24905975785592238
2014-02-15 22:50:00,0.134,22,5,0.12,0.030199337741083,1,0.31579299557199275
2014-02-15 22:55:00,0.136,22,5,0.1204,0.0304433900871765,1,0.29083428401333716
2014-02-15 23:00:00,0.066,23,5,0.1072,0.0376191440625647,1,0.21309058946721338
2014-02-15 23:05:00,0.134,23,5,0.1208,0.0306463700950047,1,0.294170207562401
2014-02-15 23:10:00,0.134,23,5,0.1208,0.0306463700950047,1,0.294170207562401
2014-02-15 23:15:00,0.066,23,5,0.1072,0.0376191440625647,1,0.21309058946721338
2014-02-15 23:20:00,0.134,23,5,0.1068,0.0372451339103513,1,0.23679544447698675
2014-02-15 23:25:00,0.134,23,5,0.1204,0.0304105244939971,1,0.2982049943809647
2014-02-15 23:30:00,0.066,23,5,0.1068,0.0372451339103513,1,0.21852447887482307
2014-02-15 23:35:00,0.134,23,5,0.1068,0.0372451339103513,1,0.23679544447698675
2014-02-15 23:40:00,0.134,23,5,0.1204,0.0304105244939971,1,0.2982049943809647
2014-02-15 23:45:00,0.066,23,5,0.1068,0.0372451339103513,1,0.21852447887482307
2014-02-15 23:50:00,0.132,23,5,0.1064,0.0368890227574545,1,0.22925127934805312
2014-02-15 23:55:00,0.134,23,5,0.12,0.030199337741083,1,0.2979918528904867
2014-02-16 00:00:00,0.134,0,6,0.12,0.030199337741083,1,0.27940865502489376
2014-02-16 00:05:00,0.134,0,6,0.12,0.030199337741083,1,0.27940865502489376
2014-02-16 00:10:00,0.066,0,6,0.12,0.030199337741083,1,0.20455888189586258
2014-02-16 00:15:00,0.132,0,6,0.12,0.030199337741083,1,0.2632463071614015
2014-02-16 00:20:00,0.068,0,6,0.1068,0.0363483149540663,1,0.1941925924848349
2014-02-16 00:25:00,0.132,0,6,0.1064,0.0359833294735215,1,0.23076583283652352
2014-02-16 00:30:00,0.134,0,6,0.1064,0.0359833294735215,1,0.24050480828474713
2014-02-16 00:35:00,0.066,0,6,0.1064,0.0359833294735215,1,0.2103283690311334
2014-02-16 00:40:00,0.134,0,6,0.1068,0.0363483149540663,1,0.24834837884096855
2014-02-16 00:45:00,0.136,0,6,0.1204,0.0304433900871766,1,0.25728113053129814
2014-02-16 00:50:00,0.068,0,6,0.1076,0.0370782955379559,1,0.19188518775282448
2014-02-16 00:55:00,0.134,0,6,0.1076,0.0370782955379559,1,0.2453441105300022
2014-02-16 01:00:00,0.134,1,6,0.1212,0.0297523108346226,1,0.28754952151679924
2014-02-16 01:05:00,0.134,1,6,0.1212,0.0297523108346226,1,0.28754952151679924
2014-02-16 01:10:00,0.066,1,6,0.1072,0.0367042231902543,1,0.22187291950346122
2014-02-16 01:15:00,0.134,1,6,0.1204,0.0304105244939971,1,0.2918461385747765
2014-02-16 01:20:00,0.134,1,6,0.1204,0.0304105244939971,1,0.2918461385747765
2014-02-16 01:25:00,0.134,1,6,0.1204,0.0304105244939971,1,0.2918461385747765
2014-02-16 01:30:00,0.132,1,6,0.12,0.030199337741083,1,0.27696275836614803
2014-02-16 01:35:00,0.066,1,6,0.12,0.030199337741083,1,0.2168043692864392
2014-02-16 01:40:00,0.134,1,6,0.12,0.030199337741083,1,0.29297361304068964
2014-02-16 01:45:00,0.134,1,6,0.12,0.030199337741083,1,0.29297361304068964
2014-02-16 01:50:00,0.198,1,6,0.1328,0.0466819022748645,1,0.1359055219989188
2014-02-16 01:55:00,0.134,1,6,0.1332,0.0466819022748645,1,0.2213285051411381
2014-02-16 02:00:00,0.134,2,6,0.1468,0.0286216701119974,1,0.20366001170149783
2014-02-16 02:05:00,0.136,2,6,0.1472,0.0284112653713277,1,0.18677781938448168
2014-02-16 02:10:00,0.132,2,6,0.1468,0.0286565873753314,1,0.19656422196123102
2014-02-16 02:15:00,0.066,2,6,0.1204,0.0304433900871765,1,0.22259302523423008
2014-02-16 02:20:00,0.132,2,6,0.12,0.0302324329156619,1,0.2869205298762385
2014-02-16 02:25:00,0.066,2,6,0.1064,0.0369161211396863,1,0.2334915188908303
2014-02-16 02:30:00,0.134,2,6,0.106,0.0365239647354993,1,0.261882061935099
2014-02-16 02:35:00,0.132,2,6,0.106,0.0365239647354993,1,0.2512512807905298
2014-02-16 02:40:00,0.068,2,6,0.1064,0.0359833294735214,1,0.2094925849218663
2014-02-16 02:45:00,0.134,2,6,0.1068,0.0363483149540662,1,0.27206841459952935
2014-02-16 02:50:00,0.134,2,6,0.1204,0.0293052896249124,1,0.29770870411461275
2014-02-16 02:55:00,0.134,2,6,0.1204,0.0293052896249124,1,0.29770870411461275
2014-02-16 03:00:00,0.134,3,6,0.1207999999999999,0.0295160973029972,1,0.30019384377822705
2014-02-16 03:05:00,1.534,3,6,0.414,0.6260990336999411,-1,-0.05399381079040855
2014-02-16 03:10:00,0.134,3,6,0.414,0.6260990336999411,-1,-0.009023539640138911
2014-02-16 03:15:00,0.134,3,6,0.414,0.6260990336999411,-1,-0.009023539640138911
2014-02-16 03:20:00,0.066,3,6,0.4004,0.6343853718363941,-1,-0.020664838573822286
2014-02-16 03:25:00,0.134,3,6,0.4004,0.6343853718363941,-1,-0.007519980331648357
2014-02-16 03:30:00,0.068,3,6,0.1072,0.0367042231902543,1,0.21541524192116634
2014-02-16 03:35:00,0.132,3,6,0.1068,0.0363483149540664,1,0.2648092153133452
2014-02-16 03:40:00,0.134,3,6,0.1068,0.0363483149540664,1,0.2742060482320098
2014-02-16 03:45:00,0.066,3,6,0.1068,0.0363483149540664,1,0.24042952322598687
2014-02-16 03:50:00,0.132,3,6,0.1064,0.0359833294735215,1,0.2597391680335748
2014-02-16 03:55:00,0.134,3,6,0.1196,0.0299799933288852,1,0.3051180893623
2014-02-16 04:00:00,0.134,4,6,0.12,0.0301993377410831,1,0.30480324715011614
2014-02-16 04:05:00,0.134,4,6,0.12,0.0301993377410831,1,0.30480324715011614
2014-02-16 04:10:00,0.068,4,6,0.1204,0.0293052896249125,1,0.20940804890047848
2014-02-16 04:15:00,0.134,4,6,0.1208,0.0295160973029973,1,0.30048385005909
2014-02-16 04:20:00,0.132,4,6,0.1204,0.0293052896249125,1,0.2902455669842257
2014-02-16 04:25:00,0.066,4,6,0.1068,0.0363483149540664,1,0.24705831300604947
2014-02-16 04:30:00,0.132,4,6,0.1064,0.0359833294735215,1,0.2624442009424728
2014-02-16 04:35:00,0.134,4,6,0.1196,0.0299799933288852,1,0.3054047921783479
2014-02-16 04:40:00,0.066,4,6,0.106,0.0365239647354994,1,0.23336395583013858
2014-02-16 04:45:00,0.134,4,6,0.1064,0.0368890227574546,1,0.2695271207615793
2014-02-16 04:50:00,0.134,4,6,0.12,0.0301993377410831,1,0.30480324715011614
2014-02-16 04:55:00,0.134,4,6,0.1204,0.0304105244939972,1,0.30463559601231077
2014-02-16 05:00:00,0.134,5,6,0.1204,0.0304105244939972,1,0.3135369239517048
2014-02-16 05:05:00,0.066,5,6,0.1204,0.0304105244939971,1,0.2386290505733608
2014-02-16 05:10:00,0.134,5,6,0.1204,0.0304105244939971,1,0.3135369239517048
2014-02-16 05:15:00,0.066,5,6,0.1068,0.0372451339103513,1,0.2561690845700436
2014-02-16 05:20:00,0.134,5,6,0.1068,0.0372451339103513,1,0.28427614482855423
2014-02-16 05:25:00,0.134,5,6,0.1068,0.0372451339103513,1,0.28427614482855423
2014-02-16 05:30:00,0.132,5,6,0.12,0.030199337741083,1,0.3015101993136044
2014-02-16 05:35:00,0.066,5,6,0.1064,0.0368890227574545,1,0.25722632810538587
2014-02-16 05:40:00,0.132,5,6,0.1196,0.0299799933288851,1,0.30347417832391094
2014-02-16 05:45:00,0.066,5,6,0.106,0.0365239647354993,1,0.24765772475140702
2014-02-16 05:50:00,0.134,5,6,0.106,0.0365239647354993,1,0.2791561533441877
2014-02-16 05:55:00,0.132,5,6,0.106,0.0365239647354993,1,0.26994894221301324
2014-02-16 06:00:00,0.134,6,6,0.1196,0.0299799933288851,1,0.31820537191572495
2014-02-16 06:05:00,0.134,6,6,0.12,0.030199337741083,1,0.3186263181679566
2014-02-16 06:10:00,0.068,6,6,0.1204,0.0293052896249124,1,0.21579529770314065
2014-02-16 06:15:00,0.134,6,6,0.1204,0.0293052896249124,1,0.3158879384790351
2014-02-16 06:20:00,0.066,6,6,0.1072,0.0367042231902543,1,0.2558979941202497
2014-02-16 06:25:00,0.134,6,6,0.1072,0.0367042231902543,1,0.2863582852759884
2014-02-16 06:30:00,0.132,6,6,0.1068,0.0363483149540663,1,0.27828285434712047
2014-02-16 06:35:00,0.066,6,6,0.1064,0.0368890227574545,1,0.255420145096561
2014-02-16 06:40:00,0.134,6,6,0.1064,0.0368890227574545,1,0.2814787325481563
2014-02-16 06:45:00,0.066,6,6,0.1064,0.0368890227574545,1,0.255420145096561
2014-02-16 06:50:00,0.132,6,6,0.106,0.0365239647354993,1,0.2697519676825634
2014-02-16 06:55:00,0.132,6,6,0.106,0.0365239647354993,1,0.2697519676825634
2014-02-16 07:00:00,0.134,7,6,0.1196,0.0299799933288851,1,0.3179888723537001
2014-02-16 07:05:00,0.066,7,6,0.106,0.0365239647354993,1,0.24366310811350533
2014-02-16 07:10:00,0.134,7,6,0.1196,0.0299799933288851,1,0.3179888723537001
2014-02-16 07:15:00,0.132,7,6,0.1196,0.0299799933288851,1,0.3048323146239946
2014-02-16 07:20:00,0.068,7,6,0.1068,0.0363483149540663,1,0.22806930726106978
2014-02-16 07:25:00,0.134,7,6,0.1068,0.0363483149540663,1,0.2837538673672026
2014-02-16 07:30:00,0.134,7,6,0.1204,0.0293052896249124,1,0.31704218659691136
2014-02-16 07:35:00,0.066,7,6,0.1068,0.0363483149540663,1,0.25777492862209533
2014-02-16 07:40:00,0.134,7,6,0.1072,0.0367042231902543,1,0.28254559378694605
2014-02-16 07:45:00,0.134,7,6,0.1204,0.0304105244939971,1,0.3193317561603243
2014-02-16 07:50:00,0.134,7,6,0.1204,0.0304105244939971,1,0.3193317561603243
2014-02-16 07:55:00,0.134,7,6,0.1204,0.0304105244939971,1,0.3193317561603243
2014-02-16 08:00:00,0.132,8,6,0.1336,0.0008944271909999,1,0.21231276148993505
2014-02-16 08:05:00,0.066,8,6,0.12,0.030199337741083,1,0.24390915640788136
2014-02-16 08:10:00,0.134,8,6,0.12,0.030199337741083,1,0.31823164130798093
2014-02-16 08:15:00,0.066,8,6,0.1064,0.0368890227574545,1,0.2513527993134609
2014-02-16 08:20:00,0.132,8,6,0.106,0.0365239647354993,1,0.2652566272934415
2014-02-16 08:25:00,0.134,8,6,0.1064,0.0368890227574545,1,0.276388323015787
2014-02-16 08:30:00,0.066,8,6,0.1064,0.0368890227574545,1,0.2513527993134609
2014-02-16 08:35:00,0.134,8,6,0.1064,0.0368890227574545,1,0.276388323015787
2014-02-16 08:40:00,0.134,8,6,0.12,0.030199337741083,1,0.31823164130798093
2014-02-16 08:45:00,0.134,8,6,0.1204,0.0304105244939971,1,0.31829143276659366
2014-02-16 08:50:00,0.066,8,6,0.1068,0.0372451339103512,1,0.251851252451975
2014-02-16 08:55:00,0.134,8,6,0.1204,0.0304105244939971,1,0.31829143276659366
2014-02-16 09:00:00,0.134,9,6,0.1204,0.0304105244939971,1,0.3199999966881049
2014-02-16 09:05:00,0.132,9,6,0.12,0.030199337741083,1,0.3085711755744564
2014-02-16 09:10:00,0.134,9,6,0.12,0.030199337741083,1,0.31994045187085507
2014-02-16 09:15:00,0.066,9,6,0.12,0.030199337741083,1,0.24406546436671744
2014-02-16 09:20:00,0.132,9,6,0.1196,0.0299799933288851,1,0.30760193295537014
2014-02-16 09:25:00,0.132,9,6,0.1192,0.0297523108346225,1,0.3027860920769811
2014-02-16 09:30:00,0.066,9,6,0.106,0.0365239647354993,1,0.24192923309749215
2014-02-16 09:35:00,0.134,9,6,0.106,0.0365239647354993,1,0.27707498844411077
2014-02-16 09:40:00,0.132,9,6,0.1192,0.0297523108346225,1,0.3027860920769811
2014-02-16 09:45:00,0.068,9,6,0.1064,0.0359833294735214,1,0.21760669259880783
2014-02-16 09:50:00,0.132,9,6,0.1064,0.0359833294735214,1,0.2693778526336278
2014-02-16 09:55:00,0.134,9,6,0.12,0.0290860791444979,1,0.31559980470251237
2014-02-16 10:00:00,0.134,10,6,0.12,0.0290860791444979,1,0.31613405061161487
2014-02-16 10:05:00,0.132,10,6,0.12,0.0290860791444979,1,0.3072224792296579
2014-02-16 10:10:00,0.066,10,6,0.1196,0.0299799933288851,1,0.24525969472779408
2014-02-16 10:15:00,0.134,10,6,0.12,0.030199337741083,1,0.31991122775430425
2014-02-16 10:20:00,0.132,10,6,0.1196,0.0299799933288851,1,0.3100307830832146
2014-02-16 10:25:00,0.066,10,6,0.106,0.0365239647354993,1,0.24122158896725454
2014-02-16 10:30:00,0.132,10,6,0.106,0.0365239647354993,1,0.2673757984067247
2014-02-16 10:35:00,0.134,10,6,0.1196,0.0299799933288851,1,0.319189610017194
2014-02-16 10:40:00,0.066,10,6,0.106,0.0365239647354993,1,0.24122158896725454
2014-02-16 10:45:00,0.132,10,6,0.106,0.0365239647354993,1,0.2673757984067247
2014-02-16 10:50:00,0.132,10,6,0.1192,0.0297523108346225,1,0.3052424719589575
2014-02-16 10:55:00,0.132,10,6,0.1192,0.0297523108346225,1,0.3052424719589575
2014-02-16 11:00:00,0.132,11,6,0.1188,0.0295160973029972,1,0.3007382975646248
2014-02-16 11:05:00,0.134,11,6,0.1324,0.0008944271909999,1,0.21597109813790427
2014-02-16 11:10:00,0.068,11,6,0.1196,0.0288582743766844,1,0.21400317954592585
2014-02-16 11:15:00,0.132,11,6,0.1196,0.0288582743766844,1,0.30542985705734693
2014-02-16 11:20:00,0.134,11,6,0.12,0.0290860791444979,1,0.3165591635545304
2014-02-16 11:25:00,0.134,11,6,0.1204,0.0293052896249124,1,0.31633773137020016
2014-02-16 11:30:00,0.066,11,6,0.1068,0.0363483149540663,1,0.255429410605749
2014-02-16 11:35:00,0.132,11,6,0.1196,0.0299799933288851,1,0.30963185628348866
2014-02-16 11:40:00,0.132,11,6,0.1196,0.0299799933288851,1,0.30963185628348866
2014-02-16 11:45:00,0.134,11,6,0.1196,0.0299799933288851,1,0.3196116031052719
2014-02-16 11:50:00,0.068,11,6,0.1064,0.0359833294735214,1,0.21480701875284058
2014-02-16 11:55:00,0.134,11,6,0.12,0.0290860791444979,1,0.3165591635545304
2014-02-16 12:00:00,0.134,12,6,0.1204,0.0293052896249124,1,0.3173309499100937
2014-02-16 12:05:00,0.066,12,6,0.1072,0.0367042231902542,1,0.25249762281605764
2014-02-16 12:10:00,0.132,12,6,0.1068,0.0363483149540663,1,0.26883155467376124
2014-02-16 12:15:00,0.132,12,6,0.1196,0.0299799933288851,1,0.31210290133023383
2014-02-16 12:20:00,0.066,12,6,0.106,0.0365239647354993,1,0.24360095492629674
2014-02-16 12:25:00,0.132,12,6,0.1056,0.0361496887953409,1,0.25849867200313736
2014-02-16 12:30:00,0.2,12,6,0.1324,0.0473793203834753,1,0.16006938077121535
2014-02-16 12:35:00,0.066,12,6,0.1192,0.0559392527658351,1,0.18375915867905146
2014-02-16 12:40:00,0.134,12,6,0.1196,0.0560606814086307,1,0.24136893809632748
2014-02-16 12:45:00,0.132,12,6,0.1327999999999999,0.0473835414463714,1,0.23112861180493594
2014-02-16 12:50:00,0.066,12,6,0.1196,0.0560606814086307,1,0.18185477780582915
2014-02-16 12:55:00,0.134,12,6,0.1064,0.0368890227574545,1,0.26938197658004276
2014-02-16 13:00:00,0.134,13,6,0.12,0.0301993377410829,1,0.32029435267288886
2014-02-16 13:05:00,0.066,13,6,0.1064,0.0368890227574545,1,0.24871582669015535
2014-02-16 13:10:00,0.132,13,6,0.1064,0.0368890227574545,1,0.25654200383661296
2014-02-16 13:15:00,0.134,13,6,0.12,0.0301993377410829,1,0.32029435267288886
2014-02-16 13:20:00,0.068,13,6,0.1068,0.0363483149540662,1,0.22033113541338367
2014-02-16 13:25:00,0.134,13,6,0.1068,0.0363483149540662,1,0.2714188469409067
2014-02-16 13:30:00,0.134,13,6,0.1204,0.0293052896249124,1,0.31653145014241957
2014-02-16 13:35:00,0.134,13,6,0.1208,0.0295160973029972,1,0.31416549601431065
2014-02-16 13:40:00,0.066,13,6,0.1072,0.0367042231902542,1,0.24914970966941014
2014-02-16 13:45:00,0.134,13,6,0.1204,0.0304105244939971,1,0.31979578287650284
2014-02-16 13:50:00,0.132,13,6,0.12,0.0301993377410829,1,0.31025905444502583
2014-02-16 13:55:00,0.134,13,6,0.12,0.0301993377410829,1,0.32029435267288886
2014-02-16 14:00:00,0.066,14,6,0.1064,0.0368890227574545,1,0.23976258566955821
2014-02-16 14:05:00,0.132,14,6,0.1196,0.0299799933288851,1,0.3056237034930908
2014-02-16 14:10:00,0.134,14,6,0.1196,0.0299799933288851,1,0.31565879013273335
2014-02-16 14:15:00,0.066,14,6,0.1064,0.0368890227574545,1,0.23976258566955821
2014-02-16 14:20:00,0.134,14,6,0.1064,0.0368890227574545,1,0.2597606595201516
2014-02-16 14:25:00,0.134,14,6,0.12,0.0301993377410829,1,0.3182725224300291
2014-02-16 14:30:00,0.136,14,6,0.1208,0.0306463700950047,1,0.2845904102436008
2014-02-16 14:35:00,0.066,14,6,0.1072,0.0376191440625647,1,0.23246212997897586
2014-02-16 14:40:00,0.134,14,6,0.1208,0.0306463700950047,1,0.31208248763755364
2014-02-16 14:45:00,0.132,14,6,0.1204,0.0304433900871765,1,0.3065436405360142
2014-02-16 14:50:00,0.066,14,6,0.1068,0.037271973384837,1,0.24066488803978547
2014-02-16 14:55:00,0.132,14,6,0.106,0.0365239647354993,1,0.2520411862918215
2014-02-16 15:00:00,0.134,15,6,0.1196,0.0299799933288851,1,0.31221845803420667
2014-02-16 15:05:00,0.134,15,6,0.1196,0.0299799933288851,1,0.31221845803420667
2014-02-16 15:10:00,0.066,15,6,0.1064,0.0368890227574545,1,0.23404919103833804
2014-02-16 15:15:00,0.132,15,6,0.1196,0.0299799933288851,1,0.30186923707927354
2014-02-16 15:20:00,0.134,15,6,0.12,0.0301993377410829,1,0.3160331241284853
2014-02-16 15:25:00,0.134,15,6,0.12,0.0301993377410829,1,0.3160331241284853
2014-02-16 15:30:00,0.134,15,6,0.12,0.0301993377410829,1,0.3160331241284853
2014-02-16 15:35:00,0.066,15,6,0.12,0.0301993377410829,1,0.23505393198605778
2014-02-16 15:40:00,0.134,15,6,0.1204,0.0304105244939971,1,0.3170025104148546
2014-02-16 15:45:00,0.134,15,6,0.1204,0.0304105244939971,1,0.3170025104148546
2014-02-16 15:50:00,0.134,15,6,0.1204,0.0304105244939971,1,0.3170025104148546
2014-02-16 15:55:00,0.132,15,6,0.12,0.0301993377410829,1,0.3054982515790023
2014-02-16 16:00:00,0.134,16,6,0.1336,0.0008944271909998,1,0.23116500279856356
2014-02-16 16:05:00,0.132,16,6,0.1332,0.0010954451150102,1,0.21786160843872782
2014-02-16 16:10:00,0.066,16,6,0.1196,0.0299799933288851,1,0.22849139584244516
2014-02-16 16:15:00,0.132,16,6,0.1192,0.0297523108346225,1,0.29438446686180986
2014-02-16 16:20:00,0.134,16,6,0.1196,0.0299799933288851,1,0.3085291098626353
2014-02-16 16:25:00,0.066,16,6,0.106,0.0365239647354993,1,0.22566068656429417
2014-02-16 16:30:00,0.134,16,6,0.1064,0.0368890227574545,1,0.25030403361751746
2014-02-16 16:35:00,0.132,16,6,0.1196,0.0299799933288851,1,0.297368279747709
2014-02-16 16:40:00,0.068,16,6,0.1068,0.0363483149540662,1,0.2039745256679959
2014-02-16 16:45:00,0.134,16,6,0.1068,0.0363483149540662,1,0.25670243795983017
2014-02-16 16:50:00,0.134,16,6,0.1204,0.0293052896249123,1,0.31068375392467723
2014-02-16 16:55:00,0.134,16,6,0.1204,0.0293052896249123,1,0.31068375392467723
2014-02-16 17:00:00,0.066,17,6,0.1072,0.0367042231902542,1,0.23591148999047107
2014-02-16 17:05:00,0.132,17,6,0.12,0.0301993377410829,1,0.30712751859639575
2014-02-16 17:10:00,0.134,17,6,0.12,0.0301993377410829,1,0.31905224299500895
2014-02-16 17:15:00,0.068,17,6,0.1068,0.0363483149540662,1,0.2118569334886239
2014-02-16 17:20:00,0.134,17,6,0.1068,0.0363483149540662,1,0.26596974594334444
2014-02-16 17:25:00,0.132,17,6,0.12,0.0290860791444979,1,0.303850001586539
2014-02-16 17:30:00,0.134,17,6,0.1204,0.0293052896249123,1,0.3173856413032335
2014-02-16 17:35:00,0.068,17,6,0.1072,0.0357938542210809,1,0.206531424746336
2014-02-16 17:40:00,0.134,17,6,0.1204,0.0293052896249123,1,0.3173856413032335
2014-02-16 17:45:00,0.134,17,6,0.1204,0.0293052896249123,1,0.3173856413032335
2014-02-16 17:50:00,0.066,17,6,0.1072,0.0367042231902542,1,0.23591148999047107
2014-02-16 17:55:00,0.134,17,6,0.1072,0.0367042231902542,1,0.2638290920946188
2014-02-16 18:00:00,0.134,18,6,0.1204,0.0304105244939971,1,0.31423682852549756
2014-02-16 18:05:00,0.132,18,6,0.12,0.0301993377410829,1,0.3024866300983364
2014-02-16 18:10:00,0.134,18,6,0.12,0.0301993377410829,1,0.315870265811477
2014-02-16 18:15:00,0.132,18,6,0.1331999999999999,0.0010954451150098,1,0.21700599702909884
2014-02-16 18:20:00,0.132,18,6,0.1328,0.0010954451150098,1,0.21100537681195952
2014-02-16 18:25:00,0.066,18,6,0.1192,0.0297523108346225,1,0.21875201678721534
2014-02-16 18:30:00,0.134,18,6,0.1196,0.0299799933288851,1,0.3120541079517749
2014-02-16 18:35:00,0.134,18,6,0.1196,0.0299799933288851,1,0.3120541079517749
2014-02-16 18:40:00,0.134,18,6,0.12,0.0301993377410829,1,0.315870265811477
2014-02-16 18:45:00,0.068,18,6,0.1072,0.0367042231902542,1,0.20114050357835478
2014-02-16 18:50:00,0.134,18,6,0.1208,0.0295160973029971,1,0.31123519445235737
2014-02-16 18:55:00,0.136,18,6,0.1212,0.0297523108346225,1,0.28005010137423364
2014-02-16 19:00:00,0.134,19,6,0.1212,0.0297523108346225,1,0.3119097437163481
2014-02-16 19:05:00,0.132,19,6,0.1208,0.0295499576987852,1,0.29919015317965136
2014-02-16 19:10:00,0.134,19,6,0.1339999999999999,0.001414213562373,1,0.22791232575612563
2014-02-16 19:15:00,0.134,19,6,0.134,0.001414213562373,1,0.22791232575612563
2014-02-16 19:20:00,0.066,19,6,0.12,0.0301993377410829,1,0.22886603423257423
2014-02-16 19:25:00,0.134,19,6,0.12,0.0301993377410829,1,0.3190700627077483
2014-02-16 19:30:00,0.136,19,6,0.1208,0.0306463700950047,1,0.2807974985876382
2014-02-16 19:35:00,0.134,19,6,0.1208,0.0306463700950047,1,0.3106047973941634
2014-02-16 19:40:00,0.066,19,6,0.1072,0.0376191440625647,1,0.2198432781071783
2014-02-16 19:45:00,0.134,19,6,0.1208,0.0306463700950047,1,0.3106047973941634
2014-02-16 19:50:00,0.134,19,6,0.1208,0.0306463700950047,1,0.3106047973941634
2014-02-16 19:55:00,0.134,19,6,0.1204,0.0304105244939971,1,0.31648469096691095
2014-02-16 20:00:00,0.066,20,6,0.1068,0.0372451339103512,1,0.2202920624586574
2014-02-16 20:05:00,0.134,20,6,0.1204,0.0304105244939971,1,0.30421331453583406
2014-02-16 20:10:00,0.134,20,6,0.1204,0.0304105244939971,1,0.30421331453583406
2014-02-16 20:15:00,0.134,20,6,0.1204,0.0304105244939971,1,0.30421331453583406
2014-02-16 20:20:00,0.134,20,6,0.1204,0.0304105244939971,1,0.30421331453583406
2014-02-16 20:25:00,0.066,20,6,0.1204,0.0304105244939971,1,0.21964561900362767
2014-02-16 20:30:00,0.132,20,6,0.12,0.030199337741083,1,0.2939214656897608
2014-02-16 20:35:00,0.134,20,6,0.12,0.030199337741083,1,0.3072569113388543
2014-02-16 20:40:00,0.066,20,6,0.1064,0.0368890227574545,1,0.2189330309943861
2014-02-16 20:45:00,0.134,20,6,0.1064,0.0368890227574545,1,0.24413505804450836
2014-02-16 20:50:00,0.132,20,6,0.1196,0.0299799933288851,1,0.28817378053592085
2014-02-16 20:55:00,0.134,20,6,0.12,0.030199337741083,1,0.3072569113388543
2014-02-16 21:00:00,0.132,21,6,0.1196,0.0299799933288851,1,0.2826802379155314
2014-02-16 21:05:00,0.136,21,6,0.1336,0.001673320053068,1,0.1843661640280908
2014-02-16 21:10:00,0.132,21,6,0.1332,0.0017888543819997,1,0.19208386336570427
2014-02-16 21:15:00,0.134,21,6,0.1336,0.001673320053068,1,0.20395241734984648
2014-02-16 21:20:00,0.134,21,6,0.1336,0.001673320053068,1,0.20395241734984648
2014-02-16 21:25:00,0.134,21,6,0.1339999999999999,0.001414213562373,1,0.2052990159299365
2014-02-16 21:30:00,0.066,21,6,0.12,0.0301993377410829,1,0.21488833754201475
2014-02-16 21:35:00,0.2019999999999999,21,6,0.1339999999999999,0.0480832611206851,1,0.1316110709314654
2014-02-16 21:40:00,0.136,21,6,0.1344,0.0480915793044894,1,0.18964587884881567
2014-02-16 21:45:00,0.134,21,6,0.1344,0.0480915793044894,1,0.20903943966166183
2014-02-16 21:50:00,0.068,21,6,0.1211999999999999,0.0565437883414261,1,0.14000289699600255
2014-02-16 21:55:00,0.132,21,6,0.1344,0.0474004219390502,1,0.2021990978496434
2014-02-16 22:00:00,0.134,22,6,0.1208,0.0295499576987852,1,0.2875028564020474
2014-02-16 22:05:00,0.134,22,6,0.1204,0.0293052896249124,1,0.28996176213532254
2014-02-16 22:10:00,0.066,22,6,0.1068,0.0363483149540663,1,0.21390893456140547
2014-02-16 22:15:00,0.134,22,6,0.12,0.030199337741083,1,0.2944994481186651
2014-02-16 22:20:00,0.066,22,6,0.1068,0.0372451339103513,1,0.20721006425000388
2014-02-16 22:25:00,0.132,22,6,0.1064,0.0368890227574545,1,0.22075755984498713
2014-02-16 22:30:00,0.132,22,6,0.106,0.0365239647354993,1,0.2218369132101431
2014-02-16 22:35:00,0.134,22,6,0.1196,0.0299799933288851,1,0.2891312393177621
2014-02-16 22:40:00,0.068,22,6,0.1064,0.0359833294735214,1,0.1739899435791208
2014-02-16 22:45:00,0.134,22,6,0.12,0.0290860791444979,1,0.28875302157541666
2014-02-16 22:50:00,0.066,22,6,0.1068,0.0363483149540663,1,0.21390893456140547
2014-02-16 22:55:00,0.134,22,6,0.1072,0.0367042231902542,1,0.2353939527217906
2014-02-16 23:00:00,0.134,23,6,0.1072,0.0367042231902542,1,0.22343870672149124
2014-02-16 23:05:00,0.134,23,6,0.1204,0.0304105244939971,1,0.2784408828423202
2014-02-16 23:10:00,0.134,23,6,0.1204,0.0304105244939971,1,0.2784408828423202
2014-02-16 23:15:00,0.134,23,6,0.134,0.0,1,0.18024904174261347
2014-02-16 23:20:00,0.134,23,6,0.134,0.0,1,0.18024904174261347
2014-02-16 23:25:00,0.066,23,6,0.1204,0.0304105244939971,1,0.19932361359271822
2014-02-16 23:30:00,0.134,23,6,0.1204,0.0304105244939971,1,0.2784408828423202
2014-02-16 23:35:00,0.2,23,6,0.1336,0.0473793203834753,1,0.12542808947831552
2014-02-16 23:40:00,0.134,23,6,0.1336,0.0473793203834753,1,0.20116978377861938
2014-02-16 23:45:00,0.066,23,6,0.12,0.0561782876207525,1,0.14466854828677178
2014-02-16 23:50:00,0.134,23,6,0.1336,0.0473793203834753,1,0.20116978377861938
2014-02-16 23:55:00,0.132,23,6,0.1332,0.0473835414463714,1,0.19050271318499257
2014-02-17 00:00:00,0.136,0,0,0.1204,0.0304433900871765,1,0.2549944147950567
2014-02-17 00:05:00,0.068,0,0,0.1072,0.0367314579073578,1,0.18002135170828104
2014-02-17 00:10:00,0.134,0,0,0.1208,0.0295499576987853,1,0.2708197884262922
2014-02-17 00:15:00,0.134,0,0,0.1208,0.0295499576987853,1,0.2708197884262922
2014-02-17 00:20:00,0.132,0,0,0.1208,0.0295499576987853,1,0.26225274034258
2014-02-17 00:25:00,0.066,0,0,0.1068,0.0363483149540663,1,0.19544006612835074
2014-02-17 00:30:00,0.134,0,0,0.12,0.030199337741083,1,0.2787208105881783
2014-02-17 00:35:00,0.068,0,0,0.1068,0.0363483149540663,1,0.17945704360506598
2014-02-17 00:40:00,0.132,0,0,0.1064,0.0359833294735215,1,0.20897011888665096
2014-02-17 00:45:00,0.066,0,0,0.0932,0.0363483149540663,1,0.1698196162584873
2014-02-17 00:50:00,0.134,0,0,0.1068,0.0363483149540663,1,0.2235645416827441
2014-02-17 00:55:00,0.132,0,0,0.1064,0.0359833294735215,1,0.20897011888665096
2014-02-17 01:00:00,0.134,1,0,0.1196,0.0299799933288851,1,0.296592379215529
2014-02-17 01:05:00,0.134,1,0,0.12,0.030199337741083,1,0.2966040979026177
2014-02-17 01:10:00,0.068,1,0,0.1204,0.0293052896249124,1,0.20562143093981478
2014-02-17 01:15:00,0.132,1,0,0.12,0.0290860791444979,1,0.28863972107943275
2014-02-17 01:20:00,0.132,1,0,0.12,0.0290860791444979,1,0.28863972107943275
2014-02-17 01:25:00,0.068,1,0,0.1068,0.0354288018425687,1,0.1849839796879299
2014-02-17 01:30:00,0.132,1,0,0.1064,0.0350542436803306,1,0.21946714415920243
2014-02-17 01:35:00,0.134,1,0,0.1196,0.0288582743766844,1,0.29466183250567013
2014-02-17 01:40:00,0.066,1,0,0.1064,0.0359833294735215,1,0.19921830280254016
2014-02-17 01:45:00,0.132,1,0,0.1064,0.0359833294735215,1,0.2258807551279759
2014-02-17 01:50:00,0.134,1,0,0.1196,0.0299799933288852,1,0.296592379215529
2014-02-17 01:55:00,0.132,1,0,0.1196,0.0299799933288852,1,0.28738276088978704
2014-02-17 02:00:00,0.134,2,0,0.1196,0.0299799933288852,1,0.30301557983248417
2014-02-17 02:05:00,0.066,2,0,0.1196,0.0299799933288852,1,0.228933776998416
2014-02-17 02:10:00,0.134,2,0,0.12,0.030199337741083,1,0.3033175936043123
2014-02-17 02:15:00,0.134,2,0,0.12,0.030199337741083,1,0.3033175936043123
2014-02-17 02:20:00,0.132,2,0,0.12,0.030199337741083,1,0.29701241079222906
2014-02-17 02:25:00,0.068,2,0,0.1068,0.0363483149540663,1,0.19998630737004186
2014-02-17 02:30:00,0.132,2,0,0.12,0.029086079144498,1,0.2965590553216785
2014-02-17 02:35:00,0.134,2,0,0.12,0.029086079144498,1,0.30251970391795796
2014-02-17 02:40:00,0.066,2,0,0.1064,0.0359833294735215,1,0.20943114078865943
2014-02-17 02:45:00,0.134,2,0,0.1068,0.0363483149540663,1,0.24589773189517444
2014-02-17 02:50:00,0.134,2,0,0.12,0.030199337741083,1,0.3033175936043123
2014-02-17 02:55:00,0.132,2,0,0.12,0.030199337741083,1,0.29701241079222906
2014-02-17 03:00:00,0.066,3,0,0.1064,0.0368890227574545,1,0.21753277920695535
2014-02-17 03:05:00,0.132,3,0,0.1196,0.0299799933288852,1,0.3051419943915857
2014-02-17 03:10:00,0.134,3,0,0.1196,0.0299799933288852,1,0.3120803480173133
2014-02-17 03:15:00,1.398,3,0,0.3724,0.5740547012262855,-1,-0.04079026811993991
2014-02-17 03:20:00,0.134,3,0,0.3727999999999999,0.5738459723654074,1,0.014084176985877495
2014-02-17 03:25:00,0.134,3,0,0.3863999999999999,0.5655022546374151,1,0.014570073479101331
2014-02-17 03:30:00,0.134,3,0,0.3867999999999999,0.5652779847119468,1,0.014570073479101331
2014-02-17 03:35:00,0.066,3,0,0.3732,0.5736368189019948,-1,-0.0005862192646162168
2014-02-17 03:40:00,0.134,3,0,0.1204,0.0304105244939981,1,0.3092294265631702
2014-02-17 03:45:00,0.066,3,0,0.1068,0.0372451339103521,1,0.21991853364303438
2014-02-17 03:50:00,0.134,3,0,0.1068,0.0372451339103521,1,0.2515788350291736
2014-02-17 03:55:00,0.134,3,0,0.1068,0.0372451339103521,1,0.2515788350291736
2014-02-17 04:00:00,0.134,4,0,0.1204,0.0304105244939981,1,0.31072741354656913
2014-02-17 04:05:00,0.134,4,0,0.1204,0.0304105244939981,1,0.31072741354656913
2014-02-17 04:10:00,0.066,4,0,0.1204,0.0304105244939971,1,0.23342598256633562
2014-02-17 04:15:00,0.134,4,0,0.1204,0.0304105244939971,1,0.31072741354656913
2014-02-17 04:20:00,0.134,4,0,0.1204,0.0304105244939971,1,0.31072741354656913
2014-02-17 04:25:00,0.134,4,0,0.1204,0.0304105244939971,1,0.31072741354656913
2014-02-17 04:30:00,0.068,4,0,0.1072,0.0367042231902542,1,0.20271931719884984
2014-02-17 04:35:00,0.132,4,0,0.1204,0.0293052896249124,1,0.30666375423254477
2014-02-17 04:40:00,0.134,4,0,0.1204,0.0293052896249124,1,0.31216537285421186
2014-02-17 04:45:00,0.066,4,0,0.1068,0.0363483149540663,1,0.22499191551519193
2014-02-17 04:50:00,0.134,4,0,0.1068,0.0363483149540663,1,0.25640328084137787
2014-02-17 04:55:00,0.198,4,0,0.1328,0.0466819022748645,1,0.1504764414525861
2014-02-17 05:00:00,0.134,5,0,0.1332,0.0466819022748645,1,0.2620216362138309
2014-02-17 05:05:00,0.134,5,0,0.1332,0.0466819022748645,1,0.2620216362138309
2014-02-17 05:10:00,0.134,5,0,0.1468,0.0286216701119973,1,0.24343363160284825
2014-02-17 05:15:00,0.132,5,0,0.1464,0.0288582743766844,1,0.23855550259721886
2014-02-17 05:20:00,0.066,5,0,0.12,0.030199337741083,1,0.23837255939695345
2014-02-17 05:25:00,0.134,5,0,0.12,0.030199337741083,1,0.3191116437014922
2014-02-17 05:30:00,0.132,5,0,0.1196,0.0299799933288852,1,0.3121587373900422
2014-02-17 05:35:00,0.134,5,0,0.1196,0.0299799933288852,1,0.31858231409932725
2014-02-17 05:40:00,0.134,5,0,0.12,0.030199337741083,1,0.3191116437014922
2014-02-17 05:45:00,0.068,5,0,0.1204,0.0293052896249124,1,0.21568979555537393
2014-02-17 05:50:00,0.132,5,0,0.12,0.0290860791444979,1,0.3133868529891676
2014-02-17 05:55:00,0.134,5,0,0.1204,0.0293052896249124,1,0.3174354618816362
2014-02-17 06:00:00,0.134,6,0,0.1204,0.0293052896249124,1,0.3185901139583318
2014-02-17 06:05:00,0.134,6,0,0.1204,0.0293052896249124,1,0.3185901139583318
2014-02-17 06:10:00,0.066,6,0,0.12,0.030199337741083,1,0.2393532324868971
2014-02-17 06:15:00,0.134,6,0,0.1204,0.0304105244939971,1,0.3168930448855128
2014-02-17 06:20:00,0.134,6,0,0.1204,0.0304105244939971,1,0.3168930448855128
2014-02-17 06:25:00,0.134,6,0,0.1204,0.0304105244939971,1,0.3168930448855128
2014-02-17 06:30:00,0.068,6,0,0.1072,0.0367042231902543,1,0.216411060063594
2014-02-17 06:35:00,0.134,6,0,0.1208,0.0295160973029972,1,0.31345282781378
2014-02-17 06:40:00,0.134,6,0,0.1208,0.0295160973029972,1,0.31345282781378
2014-02-17 06:45:00,0.136,6,0,0.1212,0.0297523108346225,1,0.29211072204606187
2014-02-17 06:50:00,0.134,6,0,0.1212,0.0297523108346225,1,0.31255751559435985
2014-02-17 06:55:00,0.134,6,0,0.1344,0.0008944271910003,1,0.22566743465529726
2014-02-17 07:00:00,0.134,7,0,0.1344,0.0008944271910003,1,0.2212366188068594
2014-02-17 07:05:00,0.134,7,0,0.1344,0.0008944271910003,1,0.2212366188068594
2014-02-17 07:10:00,0.132,7,0,0.1336,0.0008944271910003,1,0.22668644363942392
2014-02-17 07:15:00,0.068,7,0,0.1204,0.0293052896249124,1,0.21600582770059618
2014-02-17 07:20:00,0.132,7,0,0.12,0.0290860791444979,1,0.31355073988166
2014-02-17 07:25:00,0.066,7,0,0.1064,0.0359833294735214,1,0.22487399384961682
2014-02-17 07:30:00,0.132,7,0,0.106,0.0356089876295297,1,0.2503027202792913
2014-02-17 07:35:00,0.134,7,0,0.1064,0.0359833294735214,1,0.25792070256360144
2014-02-17 07:40:00,0.066,7,0,0.106,0.0365239647354993,1,0.22453339404151962
2014-02-17 07:45:00,0.134,7,0,0.1064,0.0368890227574545,1,0.26136945987694815
2014-02-17 07:50:00,0.066,7,0,0.1064,0.0368890227574545,1,0.23410594348964736
2014-02-17 07:55:00,0.134,7,0,0.1068,0.0372451339103513,1,0.2612627895564493
2014-02-17 08:00:00,0.134,8,0,0.1068,0.0372451339103513,1,0.26055553376605634
2014-02-17 08:05:00,0.134,8,0,0.1204,0.0304105244939971,1,0.31587460814227253
2014-02-17 08:10:00,0.066,8,0,0.1068,0.0372451339103513,1,0.2307219675923855
2014-02-17 08:15:00,0.134,8,0,0.1204,0.0304105244939971,1,0.31587460814227253
2014-02-17 08:20:00,0.134,8,0,0.1204,0.0304105244939971,1,0.31587460814227253
2014-02-17 08:25:00,0.068,8,0,0.1072,0.0367042231902542,1,0.21007845266346648
2014-02-17 08:30:00,0.134,8,0,0.1072,0.0367042231902542,1,0.2623351752921077
2014-02-17 08:35:00,0.132,8,0,0.1204,0.0293052896249124,1,0.3115714409099404
2014-02-17 08:40:00,0.132,8,0,0.12,0.0290860791444979,1,0.3125771056749938
2014-02-17 08:45:00,0.134,8,0,0.12,0.0290860791444979,1,0.3179149552252924
2014-02-17 08:50:00,0.132,8,0,0.1327999999999999,0.0010954451150107,1,0.22615763797616606
2014-02-17 08:55:00,0.134,8,0,0.1328,0.0010954451150107,1,0.22716363611379442
2014-02-17 09:00:00,0.134,9,0,0.1331999999999999,0.0010954451150107,1,0.23251511187212148
2014-02-17 09:05:00,0.066,9,0,0.12,0.030199337741083,1,0.23624592505518444
2014-02-17 09:10:00,0.132,9,0,0.1196,0.0299799933288852,1,0.313863974938581
2014-02-17 09:15:00,0.134,9,0,0.12,0.030199337741083,1,0.3217064022526537
2014-02-17 09:20:00,0.132,9,0,0.1196,0.0299799933288852,1,0.313863974938581
2014-02-17 09:25:00,0.132,9,0,0.1192,0.0297523108346225,1,0.3107435840505162
2014-02-17 09:30:00,0.132,9,0,0.1324,0.0008944271910003,1,0.22522483361349432
2014-02-17 09:35:00,0.066,9,0,0.1192,0.0297523108346225,1,0.23104186052173536
2014-02-17 09:40:00,0.134,9,0,0.1192,0.0297523108346225,1,0.3169115961800134
2014-02-17 09:45:00,0.134,9,0,0.1196,0.0299799933288851,1,0.3200729490536067
2014-02-17 09:50:00,0.068,9,0,0.1068,0.0363483149540663,1,0.21178936235414658
2014-02-17 09:55:00,0.134,9,0,0.1072,0.0367042231902542,1,0.2693848825605847
2014-02-17 10:00:00,0.132,10,0,0.1204,0.0293052896249124,1,0.3139018551720864
2014-02-17 10:05:00,0.134,10,0,0.1204,0.0293052896249124,1,0.3196429586900071
2014-02-17 10:10:00,0.066,10,0,0.1068,0.0363483149540663,1,0.23113120134938925
2014-02-17 10:15:00,0.132,10,0,0.1196,0.0299799933288851,1,0.3119139168383671
2014-02-17 10:20:00,0.132,10,0,0.1192,0.0297523108346225,1,0.3103033619174817
2014-02-17 10:25:00,0.068,10,0,0.1064,0.0359833294735214,1,0.20343765912242462
2014-02-17 10:30:00,0.132,10,0,0.106,0.0356089876295297,1,0.25335870923446846
2014-02-17 10:35:00,0.134,10,0,0.1196,0.0288582743766844,1,0.3165167222553641
2014-02-17 10:40:00,0.2,10,0,0.1332,0.0466819022748645,1,0.16435281295111437
2014-02-17 10:45:00,0.134,10,0,0.1336,0.0466776177626922,1,0.262009603999503
2014-02-17 10:50:00,0.068,10,0,0.1336,0.0466776177626922,1,0.18451284481148955
2014-02-17 10:55:00,0.134,10,0,0.1339999999999999,0.0466690475583121,1,0.2597528317153943
2014-02-17 11:00:00,0.132,11,0,0.1336,0.0466776177626922,1,0.25762996470888444
2014-02-17 11:05:00,0.136,11,0,0.1208,0.0295499576987853,1,0.2895627619360598
2014-02-17 11:10:00,0.068,11,0,0.1076,0.036177340974704,1,0.20469492247115972
2014-02-17 11:15:00,0.134,11,0,0.1208,0.0295499576987853,1,0.31304324751158136
2014-02-17 11:20:00,0.134,11,0,0.1208,0.0295499576987853,1,0.31304324751158136
2014-02-17 11:25:00,0.066,11,0,0.1076,0.0370782955379559,1,0.22750771517819712
2014-02-17 11:30:00,0.134,11,0,0.1072,0.0367042231902542,1,0.2641478119619852
2014-02-17 11:35:00,0.066,11,0,0.1068,0.0372451339103513,1,0.23182814530052054
2014-02-17 11:40:00,0.134,11,0,0.1068,0.0372451339103513,1,0.26711524006132414
2014-02-17 11:45:00,0.132,11,0,0.1064,0.0368890227574545,1,0.260719709767628
2014-02-17 11:50:00,0.134,11,0,0.12,0.030199337741083,1,0.3159973997922814
2014-02-17 11:55:00,0.132,11,0,0.1196,0.0299799933288851,1,0.30725727937842656
2014-02-17 12:00:00,0.068,12,0,0.12,0.0290860791444979,1,0.2135693722000268
2014-02-17 12:05:00,0.134,12,0,0.12,0.0290860791444979,1,0.3173949179060842
2014-02-17 12:10:00,0.132,12,0,0.12,0.0290860791444979,1,0.3130983606900548
2014-02-17 12:15:00,0.134,12,0,0.12,0.0290860791444979,1,0.3173949179060842
2014-02-17 12:20:00,0.066,12,0,0.1068,0.0363483149540663,1,0.22525570921731308
2014-02-17 12:25:00,0.134,12,0,0.12,0.030199337741083,1,0.3178441041544001
2014-02-17 12:30:00,0.134,12,0,0.12,0.030199337741083,1,0.3178441041544001
2014-02-17 12:35:00,0.066,12,0,0.1068,0.0372451339103513,1,0.22765734397368165
2014-02-17 12:40:00,0.132,12,0,0.1064,0.0368890227574545,1,0.2532467910193724
2014-02-17 12:45:00,0.134,12,0,0.12,0.030199337741083,1,0.3178441041544001
2014-02-17 12:50:00,0.134,12,0,0.12,0.030199337741083,1,0.3178441041544001
2014-02-17 12:55:00,0.134,12,0,0.12,0.030199337741083,1,0.3178441041544001
2014-02-17 13:00:00,0.068,13,0,0.1204,0.0293052896249124,1,0.20983362860132926
2014-02-17 13:05:00,0.134,13,0,0.1208,0.0295160973029972,1,0.31441756470074267
2014-02-17 13:10:00,0.134,13,0,0.1208,0.0295160973029972,1,0.31441756470074267
2014-02-17 13:15:00,0.134,13,0,0.1208,0.0295160973029972,1,0.31441756470074267
2014-02-17 13:20:00,0.134,13,0,0.1208,0.0295160973029972,1,0.31441756470074267
2014-02-17 13:25:00,0.066,13,0,0.1204,0.0304105244939971,1,0.22659645487605373
2014-02-17 13:30:00,0.132,13,0,0.12,0.030199337741083,1,0.3116267314497619
2014-02-17 13:35:00,0.068,13,0,0.1068,0.0363483149540663,1,0.1976650279479637
2014-02-17 13:40:00,0.134,13,0,0.1068,0.0363483149540663,1,0.25148044542860376
2014-02-17 13:45:00,0.132,13,0,0.1064,0.0359833294735214,1,0.238340024665806
2014-02-17 13:50:00,0.134,13,0,0.12,0.0290860791444979,1,0.31653872497537366
2014-02-17 13:55:00,0.2019999999999999,13,0,0.1339999999999999,0.0473919824442911,1,0.16766373141233182
2014-02-17 14:00:00,0.066,14,0,0.1336,0.0480915793044894,1,0.1885080018085319
2014-02-17 14:05:00,0.2,14,0,0.1467999999999999,0.0565437883414261,1,0.13826065629891282
2014-02-17 14:10:00,0.2,14,0,0.1603999999999999,0.0601564626619617,1,0.11126772193621415
2014-02-17 14:15:00,0.066,14,0,0.1467999999999999,0.0737644901019453,1,0.1179472715001012
2014-02-17 14:20:00,0.134,14,0,0.1332,0.0670014925206894,1,0.22889703763143876
2014-02-17 14:25:00,0.134,14,0,0.1468,0.0559392527658352,1,0.2183612980283498
2014-02-17 14:30:00,0.132,14,0,0.1332,0.0473835414463714,1,0.2556035338802494
2014-02-17 14:35:00,0.134,14,0,0.12,0.030199337741083,1,0.31300035305159923
2014-02-17 14:40:00,0.066,14,0,0.12,0.030199337741083,1,0.2262170681400868
2014-02-17 14:45:00,0.134,14,0,0.12,0.030199337741083,1,0.31300035305159923
2014-02-17 14:50:00,0.2019999999999999,14,0,0.1336,0.0480915793044894,1,0.16429437811979297
2014-02-17 14:55:00,0.134,14,0,0.1339999999999999,0.0480832611206852,1,0.25427503976133287
2014-02-17 15:00:00,0.132,15,0,0.1336,0.0480915793044894,1,0.25245864153850395
2014-02-17 15:05:00,0.134,15,0,0.1471999999999999,0.0306463700950046,1,0.25281971440620843
2014-02-17 15:10:00,0.134,15,0,0.1471999999999999,0.0306463700950046,1,0.25281971440620843
2014-02-17 15:15:00,0.066,15,0,0.12,0.0301993377410829,1,0.2261624552620447
2014-02-17 15:20:00,0.134,15,0,0.12,0.0301993377410829,1,0.31430250451801
2014-02-17 15:25:00,0.132,15,0,0.12,0.0301993377410829,1,0.30824309724994414
2014-02-17 15:30:00,0.066,15,0,0.1064,0.0368890227574545,1,0.20841187696610752
2014-02-17 15:35:00,0.132,15,0,0.106,0.0365239647354993,1,0.2310657456562617
2014-02-17 15:40:00,0.132,15,0,0.1192,0.0297523108346225,1,0.30421071164493746
2014-02-17 15:45:00,0.134,15,0,0.1192,0.0297523108346225,1,0.3106271134035019
2014-02-17 15:50:00,0.2019999999999999,15,0,0.1331999999999999,0.0480957378569036,1,0.16821137738981085
2014-02-17 15:55:00,0.2,15,0,0.1599999999999999,0.0374432904536981,1,0.12428356533667306
2014-02-17 16:00:00,0.132,16,0,0.16,0.0374432904536981,1,0.2118331032271099
2014-02-17 16:05:00,0.134,16,0,0.1603999999999999,0.0370782955379559,1,0.2193292216521503
2014-02-17 16:10:00,0.066,16,0,0.1467999999999999,0.0565437883414261,1,0.1416379103242057
2014-02-17 16:15:00,0.134,16,0,0.1332,0.0473835414463714,1,0.26302013098843885
2014-02-17 16:20:00,0.136,16,0,0.1204,0.0304433900871765,1,0.2884641779577018
2014-02-17 16:25:00,0.066,16,0,0.1072,0.0376191440625646,1,0.20426711065878034
2014-02-17 16:30:00,0.134,16,0,0.1072,0.0376191440625646,1,0.2355752500150245
2014-02-17 16:35:00,0.132,16,0,0.1204,0.0304433900871765,1,0.30365026591616284
2014-02-17 16:40:00,0.132,16,0,0.12,0.0302324329156619,1,0.3057280687676274
2014-02-17 16:45:00,0.066,16,0,0.106,0.0365239647354993,1,0.2012285852193838
2014-02-17 16:50:00,0.134,16,0,0.1196,0.0299799933288851,1,0.3094048253298439
2014-02-17 16:55:00,0.132,16,0,0.1192,0.0297523108346225,1,0.30167177807666407
2014-02-17 17:00:00,0.134,17,0,0.1196,0.0299799933288851,1,0.3108111652307941
2014-02-17 17:05:00,0.134,17,0,0.12,0.0301993377410829,1,0.3138309809352492
2014-02-17 17:10:00,0.132,17,0,0.1331999999999999,0.0010954451150101,1,0.2501987267903361
2014-02-17 17:15:00,0.134,17,0,0.1332,0.0010954451150101,1,0.2619667497076026
2014-02-17 17:20:00,0.134,17,0,0.1336,0.0008944271909997,1,0.2593749845242956
2014-02-17 17:25:00,0.134,17,0,0.1336,0.0008944271909997,1,0.2593749845242956
2014-02-17 17:30:00,0.132,17,0,0.1331999999999999,0.0010954451150101,1,0.2501987267903361
2014-02-17 17:35:00,0.068,17,0,0.1204,0.0293052896249123,1,0.19943934170647593
2014-02-17 17:40:00,0.132,17,0,0.12,0.0290860791444979,1,0.30493387156675567
2014-02-17 17:45:00,0.132,17,0,0.1196,0.0288582743766843,1,0.3008315553574853
2014-02-17 17:50:00,0.066,17,0,0.106,0.0356089876295296,1,0.18999405666502867
2014-02-17 17:55:00,0.2,17,0,0.1196,0.0554689102110362,1,0.14897066010751447
2014-02-17 18:00:00,0.068,18,0,0.1196,0.0554689102110362,1,0.16890502281937003
2014-02-17 18:05:00,0.134,18,0,0.12,0.0555877684387491,1,0.25458448446801546
2014-02-17 18:10:00,0.134,18,0,0.1204,0.0557027826953016,1,0.25393736339268463
2014-02-17 18:15:00,0.134,18,0,0.1339999999999999,0.0466690475583121,1,0.2671680216906381
2014-02-17 18:20:00,0.134,18,0,0.1208,0.0295160973029971,1,0.3083553219309992
2014-02-17 18:25:00,0.132,18,0,0.1336,0.0008944271909999,1,0.2452686430055651
2014-02-17 18:30:00,0.066,18,0,0.12,0.030199337741083,1,0.2170659334546614
2014-02-17 18:35:00,0.136,18,0,0.1204,0.0304433900871765,1,0.2865772198452555
2014-02-17 18:40:00,0.134,18,0,0.1204,0.0304433900871765,1,0.31031108575400596
2014-02-17 18:45:00,0.134,18,0,0.1204,0.0304433900871765,1,0.31031108575400596
2014-02-17 18:50:00,0.132,18,0,0.1204,0.0304433900871765,1,0.3038584259082257
2014-02-17 18:55:00,0.134,18,0,0.1339999999999999,0.0014142135623731,1,0.25345398825216237
2014-02-17 19:00:00,0.068,19,0,0.1204,0.0293052896249124,1,0.1935394959910265
2014-02-17 19:05:00,0.134,19,0,0.1204,0.0293052896249124,1,0.30642116822417614
2014-02-17 19:10:00,0.134,19,0,0.1204,0.0293052896249124,1,0.30642116822417614
2014-02-17 19:15:00,0.134,19,0,0.1208,0.0295160973029972,1,0.3049792120473304
2014-02-17 19:20:00,0.134,19,0,0.1208,0.0295160973029972,1,0.3049792120473304
2014-02-17 19:25:00,0.068,19,0,0.1207999999999999,0.0295160973029972,1,0.19134950605428536
2014-02-17 19:30:00,0.132,19,0,0.1204,0.0293052896249124,1,0.2999868903398369
2014-02-17 19:35:00,0.134,19,0,0.1204,0.0293052896249124,1,0.30642116822417614
2014-02-17 19:40:00,0.068,19,0,0.1072,0.035793854221081,1,0.16724766540476077
2014-02-17 19:45:00,0.134,19,0,0.1072,0.035793854221081,1,0.2348330212554709
2014-02-17 19:50:00,0.134,19,0,0.1204,0.0293052896249124,1,0.30642116822417614
2014-02-17 19:55:00,0.204,19,0,0.1348,0.0480957378569036,1,0.1505735139834784
2014-02-17 20:00:00,0.066,20,0,0.1212,0.0571419285638838,1,0.16414482961895516
2014-02-17 20:05:00,0.134,20,0,0.1344,0.048793442182326,1,0.23930084548636227
2014-02-17 20:10:00,0.136,20,0,0.1348,0.0487975409216489,1,0.21971072419036375
2014-02-17 20:15:00,0.132,20,0,0.1344,0.0488139324373687,1,0.22969524048810297
2014-02-17 20:20:00,0.132,20,0,0.12,0.0302324329156619,1,0.2911339078653305
2014-02-17 20:25:00,0.134,20,0,0.1336,0.0016733200530679,1,0.24135705440460653
2014-02-17 20:30:00,0.066,20,0,0.12,0.0302324329156619,1,0.20492189779687697
2014-02-17 20:35:00,0.132,20,0,0.1192,0.0297523108346225,1,0.28565190837741716
2014-02-17 20:40:00,0.134,20,0,0.1196,0.0299799933288851,1,0.29422059901157216
2014-02-17 20:45:00,0.134,20,0,0.12,0.030199337741083,1,0.2968301984859321
2014-02-17 20:50:00,0.132,20,0,0.1196,0.0299799933288851,1,0.28771859568273866
2014-02-17 20:55:00,0.134,20,0,0.1332,0.0010954451150103,1,0.2497492066406377
2014-02-17 21:00:00,0.132,21,0,0.1332,0.0010954451150103,1,0.23499087485018233
2014-02-17 21:05:00,0.134,21,0,0.1332,0.0010954451150103,1,0.2440644864649073
2014-02-17 21:10:00,0.134,21,0,0.1332,0.0010954451150103,1,0.2440644864649073
2014-02-17 21:15:00,0.134,21,0,0.1336,0.0008944271909999,1,0.24058062789295626
2014-02-17 21:20:00,0.066,21,0,0.12,0.030199337741083,1,0.19888522677592446
2014-02-17 21:25:00,0.134,21,0,0.1204,0.0304105244939971,1,0.28905446837646176
2014-02-17 21:30:00,0.134,21,0,0.1204,0.0304105244939971,1,0.28905446837646176
2014-02-17 21:35:00,0.132,21,0,0.12,0.030199337741083,1,0.2856555742007445
2014-02-17 21:40:00,0.132,21,0,0.1196,0.0299799933288851,1,0.28280677466325205
2014-02-17 21:45:00,0.066,21,0,0.1196,0.0299799933288851,1,0.19398353483303132
2014-02-17 21:50:00,0.2,21,0,0.1328,0.0473835414463714,1,0.15306677260820156
2014-02-17 21:55:00,0.134,21,0,0.1328,0.0473835414463714,1,0.24725540026143017
2014-02-17 22:00:00,0.066,22,0,0.1196,0.0560606814086307,1,0.15779412572034612
2014-02-17 22:05:00,0.2019999999999999,22,0,0.1336,0.0675040739511327,1,0.11823497944887951
2014-02-17 22:10:00,0.134,22,0,0.1471999999999999,0.0564198546612803,1,0.19409344061457712
2014-02-17 22:15:00,0.134,22,0,0.1339999999999999,0.0480832611206851,1,0.2382303378788651
2014-02-17 22:20:00,0.132,22,0,0.1336,0.0480915793044894,1,0.23166301941834544
2014-02-17 22:25:00,0.134,22,0,0.1471999999999999,0.0306463700950046,1,0.22495027505822152
2014-02-17 22:30:00,0.134,22,0,0.1336,0.0008944271909994,1,0.23250133641775644
2014-02-17 22:35:00,0.132,22,0,0.1332,0.0010954451150099,1,0.22694824072343045
2014-02-17 22:40:00,0.132,22,0,0.1328,0.0010954451150099,1,0.22245128430164707
2014-02-17 22:45:00,0.134,22,0,0.1332,0.0010954451150099,1,0.23484323711751848
2014-02-17 22:50:00,0.132,22,0,0.1328,0.0010954451150099,1,0.22245128430164707
2014-02-17 22:55:00,0.134,22,0,0.1328,0.0010954451150099,1,0.22949623950868048
2014-02-17 23:00:00,0.136,23,0,0.1336,0.0016733200530679,1,0.19124045382866994
2014-02-17 23:05:00,0.066,23,0,0.1204,0.0304433900871765,1,0.18551841867205066
2014-02-17 23:10:00,0.198,23,0,0.1332,0.0467033189398783,1,0.13709878014268784
2014-02-17 23:15:00,0.068,23,0,0.1204,0.0551253117905014,1,0.14355483993079832
2014-02-17 23:20:00,0.134,23,0,0.1204,0.0551253117905014,1,0.21925713412281733
2014-02-17 23:25:00,0.134,23,0,0.12,0.05499090833947,1,0.22029780862292858
2014-02-17 23:30:00,0.066,23,0,0.12,0.05499090833947,1,0.15154790150101116
2014-02-17 23:35:00,0.132,23,0,0.1068,0.0363483149540662,1,0.19974802798432945
2014-02-17 23:40:00,0.134,23,0,0.12,0.0301993377410829,1,0.2653165876715992
2014-02-17 23:45:00,0.068,23,0,0.1068,0.0363483149540662,1,0.15259487711253206
2014-02-17 23:50:00,0.132,23,0,0.1064,0.0359833294735214,1,0.19273340130553507
2014-02-17 23:55:00,0.14,23,0,0.1212,0.0299198930479371,1,0.23297762815371248
2014-02-18 00:00:00,0.132,0,1,0.1212,0.0299198930479371,1,0.2854182373637844
2014-02-18 00:05:00,0.068,0,1,0.108,0.0366606055596467,1,0.1953249940935876
2014-02-18 00:10:00,0.134,0,1,0.1212,0.0299198930479371,1,0.2932362625149076
2014-02-18 00:15:00,0.134,0,1,0.1216,0.0301131200641846,1,0.29361495277657246
2014-02-18 00:20:00,0.132,0,1,0.12,0.0290860791444979,1,0.29098377005319614
2014-02-18 00:25:00,0.066,0,1,0.1068,0.0363483149540662,1,0.21584744129451627
2014-02-18 00:30:00,0.134,0,1,0.12,0.0301993377410829,1,0.3006712488413825
2014-02-18 00:35:00,0.132,0,1,0.1196,0.0299799933288851,1,0.2898022930008104
2014-02-18 00:40:00,0.134,0,1,0.1196,0.0299799933288851,1,0.2977515503939787
2014-02-18 00:45:00,0.132,0,1,0.1196,0.0299799933288851,1,0.2898022930008104
2014-02-18 00:50:00,0.134,0,1,0.1332,0.0010954451150099,1,0.2213921188499619
2014-02-18 00:55:00,0.134,0,1,0.1332,0.0010954451150099,1,0.2213921188499619
2014-02-18 01:00:00,0.066,1,1,0.12,0.0301993377410829,1,0.2482604993542067
2014-02-18 01:05:00,0.134,1,1,0.12,0.0301993377410829,1,0.31714697260885766
2014-02-18 01:10:00,0.134,1,1,0.1204,0.0304105244939971,1,0.31572235675683574
2014-02-18 01:15:00,0.134,1,1,0.1204,0.0304105244939971,1,0.31572235675683574
2014-02-18 01:20:00,0.134,1,1,0.1204,0.0304105244939971,1,0.31572235675683574
2014-02-18 01:25:00,0.066,1,1,0.1204,0.0304105244939971,1,0.24582419901872105
2014-02-18 01:30:00,0.132,1,1,0.12,0.030199337741083,1,0.3102781178492514
2014-02-18 01:35:00,0.132,1,1,0.1196,0.0299799933288851,1,0.30918052877301483
2014-02-18 01:40:00,0.068,1,1,0.1064,0.0359833294735214,1,0.2067406107465447
2014-02-18 01:45:00,0.132,1,1,0.106,0.0356089876295297,1,0.23953330002418938
2014-02-18 01:50:00,0.134,1,1,0.1196,0.0288582743766844,1,0.31336534480377887
2014-02-18 01:55:00,0.134,1,1,0.12,0.0290860791444979,1,0.31476544387738953
2014-02-18 02:00:00,0.134,2,1,0.1204,0.0293052896249124,1,0.3247910831759527
2014-02-18 02:05:00,0.066,2,1,0.12,0.0301993377410829,1,0.2577172499928098
2014-02-18 02:10:00,0.134,2,1,0.1204,0.0304105244939971,1,0.32542551678037684
2014-02-18 02:15:00,0.134,2,1,0.1204,0.0304105244939971,1,0.32542551678037684
2014-02-18 02:20:00,0.134,2,1,0.1204,0.0304105244939971,1,0.32542551678037684
2014-02-18 02:25:00,0.066,2,1,0.1068,0.0372451339103513,1,0.24192655473220792
2014-02-18 02:30:00,0.2,2,1,0.1336,0.0473793203834753,1,0.1827300954486636
2014-02-18 02:35:00,0.134,2,1,0.1336,0.0473793203834753,1,0.2768662170851845
2014-02-18 02:40:00,0.134,2,1,0.1336,0.0473793203834753,1,0.2768662170851845
2014-02-18 02:45:00,0.134,2,1,0.1336,0.0473793203834753,1,0.2768662170851845
2014-02-18 02:50:00,0.134,2,1,0.1472,0.0295160973029972,1,0.23942502538414423
2014-02-18 02:55:00,0.134,2,1,0.134,0.0,1,0.23648043328208296
2014-02-18 03:00:00,0.134,3,1,0.134,0.0,1,0.24688066444262013
2014-02-18 03:05:00,0.134,3,1,0.134,0.0,1,0.24688066444262013
2014-02-18 03:10:00,0.066,3,1,0.1204,0.0304105244939971,1,0.25728448455724157
2014-02-18 03:15:00,0.134,3,1,0.1204,0.0304105244939971,1,0.33089611064473606
2014-02-18 03:20:00,1.534,3,1,0.4004,0.6343853718363941,-1,-0.04814970274512542
2014-02-18 03:25:00,0.066,3,1,0.3868,0.6422049517093433,-1,-0.0032163620614139576
2014-02-18 03:30:00,0.134,3,1,0.3868,0.6422049517093433,1,0.014084176985877495
2014-02-18 03:35:00,0.134,3,1,0.4004,0.6343853718363941,1,0.007370204647042966
2014-02-18 03:40:00,0.068,3,1,0.3872,0.641955761715712,-1,-0.004315948263438285
2014-02-18 03:45:00,0.134,3,1,0.1072,0.0367042231902543,1,0.2711469796285987
2014-02-18 03:50:00,0.132,3,1,0.1204,0.0293052896249125,1,0.3253161652375931
2014-02-18 03:55:00,0.134,3,1,0.1204,0.0293052896249125,1,0.3305422450690308
2014-02-18 04:00:00,0.134,4,1,0.1204,0.0293052896249125,1,0.33323104456392366
2014-02-18 04:05:00,0.068,4,1,0.1204,0.0293052896249125,1,0.24564010229249117
2014-02-18 04:10:00,0.134,4,1,0.1204,0.0293052896249125,1,0.33323104456392366
2014-02-18 04:15:00,0.134,4,1,0.1208,0.0295160973029973,1,0.32855059632495576
2014-02-18 04:20:00,0.132,4,1,0.1204,0.0293052896249125,1,0.32948992679449834
2014-02-18 04:25:00,0.136,4,1,0.1208,0.0295499576987853,1,0.30663680323052095
2014-02-18 04:30:00,0.132,4,1,0.1336,0.0016733200530702,1,0.24411584611157883
2014-02-18 04:35:00,0.066,4,1,0.12,0.030232432915662,1,0.2675587183834841
2014-02-18 04:40:00,0.134,4,1,0.12,0.030232432915662,1,0.3340265708490103
2014-02-18 04:45:00,0.132,4,1,0.12,0.030232432915662,1,0.3305245918318835
2014-02-18 04:50:00,0.066,4,1,0.106,0.0365239647354994,1,0.24234621869818546
2014-02-18 04:55:00,0.198,4,1,0.1192,0.0553461832469051,1,0.16743942348473706
2014-02-18 05:00:00,0.066,5,1,0.1192,0.0553461832469051,1,0.21809144225867072
2014-02-18 05:05:00,0.134,5,1,0.1192,0.0553461832469051,1,0.2726404543553346
2014-02-18 05:10:00,0.132,5,1,0.1192,0.0553461832469051,1,0.2698830201449603
2014-02-18 05:15:00,0.132,5,1,0.1324,0.0466776177626923,1,0.28696966041907895
2014-02-18 05:20:00,0.134,5,1,0.1196,0.0299799933288853,1,0.3390547722513879
2014-02-18 05:25:00,0.066,5,1,0.1196,0.0299799933288853,1,0.26920390940389627
2014-02-18 05:30:00,0.132,5,1,0.1192,0.0297523108346227,1,0.3300266712664463
2014-02-18 05:35:00,0.134,5,1,0.1196,0.0299799933288853,1,0.3390547722513879
2014-02-18 05:40:00,0.134,5,1,0.12,0.0301993377410831,1,0.3398741019198631
2014-02-18 05:45:00,0.132,5,1,0.1196,0.0299799933288853,1,0.335195082881441
2014-02-18 05:50:00,0.066,5,1,0.1196,0.0299799933288853,1,0.26920390940389627
2014-02-18 05:55:00,0.198,5,1,0.1328,0.0466819022748645,1,0.17963768393891522
2014-02-18 06:00:00,0.132,6,1,0.1324,0.0466776177626923,1,0.28581205306494795
2014-02-18 06:05:00,0.068,6,1,0.1192,0.0547466893976248,1,0.2105831536307442
2014-02-18 06:10:00,0.134,6,1,0.1196,0.0548707572391707,1,0.27764591681915485
2014-02-18 06:15:00,0.134,6,1,0.1331999999999999,0.0459695551425071,1,0.2882469042143743
2014-02-18 06:20:00,0.134,6,1,0.1204,0.0293052896249125,1,0.3383932543490935
2014-02-18 06:25:00,0.134,6,1,0.1208,0.0295160973029973,1,0.3342334462151509
2014-02-18 06:30:00,0.132,6,1,0.1336,0.0008944271909999,1,0.2581073730922486
2014-02-18 06:35:00,0.134,6,1,0.1336,0.0008944271909999,1,0.2600514504898713
2014-02-18 06:40:00,0.134,6,1,0.1336,0.0008944271909999,1,0.2600514504898713
2014-02-18 06:45:00,0.134,6,1,0.1336,0.0008944271909999,1,0.2600514504898713
2014-02-18 06:50:00,0.068,6,1,0.1204,0.0293052896249124,1,0.24796356968353273
2014-02-18 06:55:00,0.134,6,1,0.1208,0.0295160973029972,1,0.3342334462151509
2014-02-18 07:00:00,0.132,7,1,0.1204,0.0293052896249124,1,0.3335819887253776
2014-02-18 07:05:00,0.134,7,1,0.1204,0.0293052896249124,1,0.3381022796480916
2014-02-18 07:10:00,0.134,7,1,0.1204,0.0293052896249124,1,0.3381022796480916
2014-02-18 07:15:00,0.066,7,1,0.12,0.030199337741083,1,0.2681452650458308
2014-02-18 07:20:00,0.134,7,1,0.12,0.030199337741083,1,0.3390371480932688
2014-02-18 07:25:00,0.134,7,1,0.1204,0.0304105244939971,1,0.3387712485441393
2014-02-18 07:30:00,0.134,7,1,0.1204,0.0304105244939971,1,0.3387712485441393
2014-02-18 07:35:00,0.066,7,1,0.1068,0.0372451339103513,1,0.2590824541952268
2014-02-18 07:40:00,0.132,7,1,0.12,0.030199337741083,1,0.33452757231018954
2014-02-18 07:45:00,0.132,7,1,0.1196,0.0299799933288851,1,0.3313268015747262
2014-02-18 07:50:00,0.134,7,1,0.1196,0.0299799933288851,1,0.3358726477689257
2014-02-18 07:55:00,0.2,7,1,0.1328,0.0473835414463714,1,0.18592029926127052
2014-02-18 08:00:00,0.132,8,1,0.146,0.0301993377410829,1,0.25867919485577356
2014-02-18 08:05:00,0.068,8,1,0.1332,0.0466819022748645,1,0.21300518138740843
2014-02-18 08:10:00,0.134,8,1,0.1336,0.0466776177626922,1,0.2818117333268133
2014-02-18 08:15:00,0.066,8,1,0.12,0.0555877684387491,1,0.21646014066344055
2014-02-18 08:20:00,0.134,8,1,0.1068,0.0363483149540662,1,0.2848614996416509
2014-02-18 08:25:00,0.136,8,1,0.1076,0.0370782955379558,1,0.26221821774860865
2014-02-18 08:30:00,0.066,8,1,0.1072,0.0376191440625647,1,0.25162783948328726
2014-02-18 08:35:00,0.136,8,1,0.1076,0.0379842072445904,1,0.25850962617454626
2014-02-18 08:40:00,0.134,8,1,0.1212,0.0308739372286723,1,0.33164961655973046
2014-02-18 08:45:00,0.134,8,1,0.1212,0.0308739372286723,1,0.33164961655973046
2014-02-18 08:50:00,0.132,8,1,0.1204,0.0304433900871765,1,0.3337577775349366
2014-02-18 08:55:00,0.134,8,1,0.1339999999999999,0.0014142135623733,1,0.24866051237470577
2014-02-18 09:00:00,0.134,9,1,0.1336,0.0008944271910002,1,0.2562827394208436
2014-02-18 09:05:00,0.066,9,1,0.12,0.030199337741083,1,0.26723934515650827
2014-02-18 09:10:00,0.134,9,1,0.12,0.030199337741083,1,0.3403025467967881
2014-02-18 09:15:00,0.134,9,1,0.1204,0.0304105244939971,1,0.3401382883228213
2014-02-18 09:20:00,0.134,9,1,0.1204,0.0304105244939971,1,0.3401382883228213
2014-02-18 09:25:00,0.066,9,1,0.1068,0.0372451339103513,1,0.2568712810600299
2014-02-18 09:30:00,0.132,9,1,0.12,0.030199337741083,1,0.3362900070583101
2014-02-18 09:35:00,0.132,9,1,0.1196,0.0299799933288851,1,0.33282168142507357
2014-02-18 09:40:00,0.132,9,1,0.1192,0.0297523108346225,1,0.3306590407659954
2014-02-18 09:45:00,0.066,9,1,0.1056,0.0361496887953409,1,0.24229909339570538
2014-02-18 09:50:00,0.132,9,1,0.1188,0.0295160973029972,1,0.3279458113624019
2014-02-18 09:55:00,0.132,9,1,0.1188,0.0295160973029972,1,0.3279458113624019
2014-02-18 10:00:00,0.132,10,1,0.1188,0.0295160973029972,1,0.32649502845946693
2014-02-18 10:05:00,0.266,10,1,0.1456,0.0731218161700049,1,0.11932488780687944
2014-02-18 10:10:00,0.134,10,1,0.1592,0.0597092957587007,1,0.19842258996725493
2014-02-18 10:15:00,0.134,10,1,0.1596,0.0594878138781381,1,0.19842258996725493
2014-02-18 10:20:00,0.134,10,1,0.16,0.0592621295601162,1,0.19842258996725493
2014-02-18 10:25:00,0.066,10,1,0.1468,0.0728505319129517,1,0.14358121136076452
2014-02-18 10:30:00,0.134,10,1,0.1204,0.0304105244939971,1,0.33848871689782356
2014-02-18 10:35:00,0.134,10,1,0.1204,0.0304105244939971,1,0.33848871689782356
2014-02-18 10:40:00,0.066,10,1,0.1068,0.0372451339103513,1,0.25652227794914106
2014-02-18 10:45:00,0.136,10,1,0.1072,0.0376191440625647,1,0.2630527972297358
2014-02-18 10:50:00,0.132,10,1,0.1204,0.0304433900871766,1,0.33436980327911797
2014-02-18 10:55:00,0.132,10,1,0.12,0.030232432915662,1,0.3345364767598794
2014-02-18 11:00:00,0.132,11,1,0.1196,0.0300133303716865,1,0.32840794771504994
2014-02-18 11:05:00,0.068,11,1,0.12,0.0291204395571221,1,0.24244834529191345
2014-02-18 11:10:00,0.134,11,1,0.1196,0.0288582743766844,1,0.3293005368836978
2014-02-18 11:15:00,0.134,11,1,0.12,0.029086079144498,1,0.33451918616291815
2014-02-18 11:20:00,0.134,11,1,0.1204,0.0293052896249124,1,0.33594974337189404
2014-02-18 11:25:00,0.134,11,1,0.1208,0.0295160973029972,1,0.3333572870700233
2014-02-18 11:30:00,0.066,11,1,0.1204,0.0304105244939971,1,0.2671978268923637
2014-02-18 11:35:00,0.132,11,1,0.12,0.030199337741083,1,0.33197942220798576
2014-02-18 11:40:00,0.132,11,1,0.1196,0.0299799933288851,1,0.32840794771504994
2014-02-18 11:45:00,0.066,11,1,0.106,0.0365239647354993,1,0.24694086721923303
2014-02-18 11:50:00,0.132,11,1,0.1056,0.0361496887953409,1,0.2710595057655777
2014-02-18 11:55:00,0.132,11,1,0.1188,0.0295160973029972,1,0.32289219966728033
2014-02-18 12:00:00,0.134,12,1,0.1192,0.0297523108346225,1,0.3359084293036253
2014-02-18 12:05:00,0.134,12,1,0.1196,0.0299799933288851,1,0.33861937229368233
2014-02-18 12:10:00,0.066,12,1,0.1196,0.0299799933288852,1,0.2657159272435733
2014-02-18 12:15:00,0.134,12,1,0.12,0.030199337741083,1,0.3418123363363083
2014-02-18 12:20:00,0.134,12,1,0.1204,0.0304105244939971,1,0.3416487102084582
2014-02-18 12:25:00,0.134,12,1,0.1204,0.0304105244939971,1,0.3416487102084582
2014-02-18 12:30:00,0.134,12,1,0.1204,0.0304105244939971,1,0.3416487102084582
2014-02-18 12:35:00,0.134,12,1,0.134,0.0,1,0.2594301718799165
2014-02-18 12:40:00,0.066,12,1,0.1204,0.0304105244939971,1,0.26990940004443886
2014-02-18 12:45:00,0.134,12,1,0.1204,0.0304105244939971,1,0.3416487102084582
2014-02-18 12:50:00,0.132,12,1,0.12,0.030199337741083,1,0.33775915452370436
2014-02-18 12:55:00,0.134,12,1,0.12,0.030199337741083,1,0.3418123363363083
2014-02-18 13:00:00,0.132,13,1,0.1196,0.0299799933288851,1,0.33177594836153196
2014-02-18 13:05:00,0.134,13,1,0.1331999999999999,0.0010954451150102,1,0.27264755309780003
2014-02-18 13:10:00,0.068,13,1,0.12,0.0290860791444979,1,0.2374641485021593
2014-02-18 13:15:00,0.132,13,1,0.12,0.0290860791444979,1,0.3313760008099883
2014-02-18 13:20:00,0.132,13,1,0.1196,0.0288582743766844,1,0.3267469852770224
2014-02-18 13:25:00,0.066,13,1,0.1064,0.0359833294735214,1,0.2375842489541507
2014-02-18 13:30:00,0.132,13,1,0.106,0.0356089876295297,1,0.26062463143775266
2014-02-18 13:35:00,0.132,13,1,0.1188,0.0295160973029972,1,0.3251910624523576
2014-02-18 13:40:00,0.134,13,1,0.1192,0.0297523108346225,1,0.33453393657786984
2014-02-18 13:45:00,0.134,13,1,0.1196,0.0299799933288851,1,0.33725427538622216
2014-02-18 13:50:00,0.134,13,1,0.1331999999999999,0.0010954451150098,1,0.27264755309780003
2014-02-18 13:55:00,0.134,13,1,0.1336,0.0008944271909993,1,0.273405312366182
2014-02-18 14:00:00,0.132,14,1,0.1336,0.0008944271909999,1,0.2630794508263692
2014-02-18 14:05:00,0.134,14,1,0.1336,0.0008944271909999,1,0.2745580317658873
2014-02-18 14:10:00,0.134,14,1,0.1336,0.0008944271909999,1,0.2745580317658873
2014-02-18 14:15:00,0.134,14,1,0.1336,0.0008944271909999,1,0.2745580317658873
2014-02-18 14:20:00,0.2,14,1,0.1467999999999999,0.0297523108346225,1,0.17474474980276333
2014-02-18 14:25:00,0.066,14,1,0.1336,0.0473793203834753,1,0.21138780430645454
2014-02-18 14:30:00,0.132,14,1,0.1331999999999999,0.0473835414463714,1,0.27485700473846203
2014-02-18 14:35:00,0.2,14,1,0.1464,0.0560606814086307,1,0.15946978452700744
2014-02-18 14:40:00,0.134,14,1,0.1464,0.0560606814086307,1,0.23787493055031456
2014-02-18 14:45:00,0.134,14,1,0.1332,0.0473835414463714,1,0.28001969844490465
2014-02-18 14:50:00,0.134,14,1,0.1468,0.0297523108346225,1,0.27291762731439406
2014-02-18 14:55:00,0.134,14,1,0.1472,0.0295160973029972,1,0.27157022220772953
2014-02-18 15:00:00,0.068,15,1,0.1208,0.0295160973029972,1,0.2332541079960131
2014-02-18 15:05:00,0.134,15,1,0.1208,0.0295160973029972,1,0.33517259745600847
2014-02-18 15:10:00,0.134,15,1,0.1208,0.0295160973029972,1,0.33517259745600847
2014-02-18 15:15:00,0.134,15,1,0.1208,0.0295160973029972,1,0.33517259745600847
2014-02-18 15:20:00,0.134,15,1,0.1208,0.0295160973029972,1,0.33517259745600847
2014-02-18 15:25:00,0.132,15,1,0.1336,0.0008944271909999,1,0.26636267092237986
2014-02-18 15:30:00,0.066,15,1,0.12,0.030199337741083,1,0.2581859786930055
2014-02-18 15:35:00,0.134,15,1,0.12,0.030199337741083,1,0.3380128161332253
2014-02-18 15:40:00,0.132,15,1,0.1196,0.0299799933288851,1,0.32810456059539134
2014-02-18 15:45:00,0.134,15,1,0.1196,0.0299799933288851,1,0.33428773514956306
2014-02-18 15:50:00,0.066,15,1,0.1064,0.0368890227574545,1,0.23700094641454494
2014-02-18 15:55:00,0.198,15,1,0.1328,0.0466819022748645,1,0.18025473315438767
2014-02-18 16:00:00,0.066,16,1,0.1192,0.0553461832469051,1,0.20005526141022234
2014-02-18 16:05:00,0.132,16,1,0.1192,0.0553461832469051,1,0.25773834157072983
2014-02-18 16:10:00,0.134,16,1,0.1192,0.0553461832469051,1,0.26301712247784914
2014-02-18 16:15:00,0.066,16,1,0.1192,0.0553461832469051,1,0.20005526141022234
2014-02-18 16:20:00,0.134,16,1,0.1064,0.0368890227574545,1,0.26522824101131287
2014-02-18 16:25:00,0.134,16,1,0.12,0.030199337741083,1,0.33398477060367987
2014-02-18 16:30:00,0.066,16,1,0.1068,0.0372451339103513,1,0.2338290123258076
2014-02-18 16:35:00,0.132,16,1,0.1064,0.0368890227574545,1,0.2602080339883321
2014-02-18 16:40:00,0.134,16,1,0.12,0.030199337741083,1,0.33398477060367987
2014-02-18 16:45:00,0.134,16,1,0.12,0.030199337741083,1,0.33398477060367987
2014-02-18 16:50:00,0.134,16,1,0.12,0.030199337741083,1,0.33398477060367987
2014-02-18 16:55:00,0.136,16,1,0.1339999999999999,0.0014142135623728,1,0.24731204606237212
2014-02-18 17:00:00,0.066,17,1,0.1208,0.0306463700950047,1,0.2468788210026423
2014-02-18 17:05:00,0.134,17,1,0.1208,0.0306463700950047,1,0.33333657966881947
2014-02-18 17:10:00,0.134,17,1,0.1208,0.0306463700950047,1,0.33333657966881947
2014-02-18 17:15:00,0.134,17,1,0.1208,0.0306463700950047,1,0.33333657966881947
2014-02-18 17:20:00,0.134,17,1,0.1204,0.0304105244939971,1,0.3357459411914017
2014-02-18 17:25:00,0.066,17,1,0.1204,0.0304105244939971,1,0.2499155691289266
2014-02-18 17:30:00,0.134,17,1,0.1204,0.0304105244939971,1,0.3357459411914017
2014-02-18 17:35:00,0.132,17,1,0.12,0.030199337741083,1,0.3294748204243926
2014-02-18 17:40:00,0.134,17,1,0.12,0.030199337741083,1,0.33652875007218946
2014-02-18 17:45:00,0.134,17,1,0.12,0.030199337741083,1,0.33652875007218946
2014-02-18 17:50:00,0.134,17,1,0.1336,0.0008944271909999,1,0.28464489249737773
2014-02-18 17:55:00,0.132,17,1,0.1332,0.0010954451150103,1,0.27376501902847383
2014-02-18 18:00:00,0.134,18,1,0.1336,0.0008944271909999,1,0.2811975427751936
2014-02-18 18:05:00,0.132,18,1,0.1332,0.0010954451150103,1,0.2704443481461397
2014-02-18 18:10:00,0.066,18,1,0.1196,0.0299799933288851,1,0.23871462045347575
2014-02-18 18:15:00,0.2019999999999999,18,1,0.1331999999999999,0.0480957378569036,1,0.17840399482902636
2014-02-18 18:20:00,0.134,18,1,0.1336,0.0480915793044894,1,0.2774063305951751
2014-02-18 18:25:00,0.134,18,1,0.1336,0.0480915793044894,1,0.2774063305951751
2014-02-18 18:30:00,0.066,18,1,0.1203999999999999,0.0568928818043171,1,0.1956559845749779
2014-02-18 18:35:00,0.136,18,1,0.1344,0.0480915793044894,1,0.25359304161824037
2014-02-18 18:40:00,0.134,18,1,0.1208,0.0306463700950047,1,0.33072037943280663
2014-02-18 18:45:00,0.134,18,1,0.1208,0.0306463700950047,1,0.33072037943280663
2014-02-18 18:50:00,0.132,18,1,0.1204,0.0304433900871765,1,0.3259742944754504
2014-02-18 18:55:00,0.132,18,1,0.1336,0.0016733200530684,1,0.26513762219876497
2014-02-18 19:00:00,0.134,19,1,0.1332,0.0010954451150108,1,0.27654270993575286
2014-02-18 19:05:00,0.134,19,1,0.1331999999999999,0.0010954451150108,1,0.27654270993575286
2014-02-18 19:10:00,0.2,19,1,0.1464,0.0299799933288851,1,0.16780826735373766
2014-02-18 19:15:00,0.132,19,1,0.1464,0.0299799933288851,1,0.2623892728882277
2014-02-18 19:20:00,0.066,19,1,0.1332,0.0473835414463714,1,0.2006920401624379
2014-02-18 19:25:00,0.132,19,1,0.1327999999999999,0.0473835414463714,1,0.2701978143635295
2014-02-18 19:30:00,0.134,19,1,0.1328,0.0473835414463714,1,0.27937900688641326
2014-02-18 19:35:00,0.134,19,1,0.1196,0.0299799933288852,1,0.3293454836562546
2014-02-18 19:40:00,0.132,19,1,0.1196,0.0299799933288852,1,0.3205815007292652
2014-02-18 19:45:00,0.066,19,1,0.1196,0.0299799933288852,1,0.23485551205345034
2014-02-18 19:50:00,0.2019999999999999,19,1,0.1336,0.0480915793044894,1,0.17767707473003513
2014-02-18 19:55:00,0.134,19,1,0.1336,0.0480915793044894,1,0.27775087140582816
2014-02-18 20:00:00,0.066,20,1,0.1199999999999999,0.0567802782663135,1,0.18951985568537688
2014-02-18 20:05:00,0.134,20,1,0.1203999999999999,0.0568928818043171,1,0.2601489856904703
2014-02-18 20:10:00,0.134,20,1,0.1339999999999999,0.0480832611206852,1,0.2677576259016512
2014-02-18 20:15:00,0.134,20,1,0.1204,0.0304105244939972,1,0.32270670172420596
2014-02-18 20:20:00,0.132,20,1,0.12,0.030199337741083,1,0.31727814481585603
2014-02-18 20:25:00,0.134,20,1,0.1336,0.0008944271910009,1,0.27132967415724224
2014-02-18 20:30:00,0.134,20,1,0.1336,0.0008944271910009,1,0.27132967415724224
2014-02-18 20:35:00,0.134,20,1,0.1336,0.0008944271910009,1,0.27132967415724224
2014-02-18 20:40:00,0.066,20,1,0.12,0.030199337741083,1,0.2352104284186573
2014-02-18 20:45:00,0.134,20,1,0.1204,0.0304105244939972,1,0.32270670172420596
2014-02-18 20:50:00,0.134,20,1,0.1204,0.0304105244939972,1,0.32270670172420596
2014-02-18 20:55:00,0.134,20,1,0.1204,0.0304105244939972,1,0.32270670172420596
2014-02-18 21:00:00,0.134,21,1,0.1204,0.0304105244939972,1,0.31942572515771195
2014-02-18 21:05:00,0.134,21,1,0.134,0.0,1,0.2547698002502301
2014-02-18 21:10:00,0.134,21,1,0.134,0.0,1,0.2547698002502301
2014-02-18 21:15:00,0.134,21,1,0.134,0.0,1,0.2547698002502301
2014-02-18 21:20:00,0.134,21,1,0.134,0.0,1,0.2547698002502301
2014-02-18 21:25:00,0.132,21,1,0.1336,0.0008944271909999,1,0.2513829535100865
2014-02-18 21:30:00,0.132,21,1,0.1332,0.0010954451150103,1,0.25482580880001887
2014-02-18 21:35:00,0.134,21,1,0.1331999999999999,0.0010954451150103,1,0.2637564466450975
2014-02-18 21:40:00,0.136,21,1,0.1336,0.0016733200530681,1,0.23295614864625752
2014-02-18 21:45:00,0.134,21,1,0.1336,0.0016733200530681,1,0.2583706457843323
2014-02-18 21:50:00,0.068,21,1,0.1208,0.0295499576987852,1,0.215089318683918
2014-02-18 21:55:00,0.198,21,1,0.134,0.0459782557302906,1,0.17070274377924066
2014-02-18 22:00:00,0.066,22,1,0.1204,0.0551253117905014,1,0.1833297572134419
2014-02-18 22:05:00,0.134,22,1,0.12,0.05499090833947,1,0.25559058255183364
2014-02-18 22:10:00,0.134,22,1,0.12,0.05499090833947,1,0.25559058255183364
2014-02-18 22:15:00,0.134,22,1,0.1331999999999999,0.0466819022748645,1,0.2666332586148792
2014-02-18 22:20:00,0.134,22,1,0.1204,0.0304105244939971,1,0.31297400579223006
2014-02-18 22:25:00,0.068,22,1,0.1207999999999999,0.0295160973029972,1,0.21253565229732774
2014-02-18 22:30:00,0.134,22,1,0.1208,0.0295160973029972,1,0.3089072442804735
2014-02-18 22:35:00,0.132,22,1,0.1204,0.0293052896249124,1,0.3046625275073024
2014-02-18 22:40:00,0.068,22,1,0.1072,0.035793854221081,1,0.17723914661485873
2014-02-18 22:45:00,0.136,22,1,0.1076,0.036177340974704,1,0.22087655073164436
2014-02-18 22:50:00,0.134,22,1,0.1208,0.0295499576987853,1,0.3089072442804735
2014-02-18 22:55:00,0.134,22,1,0.1208,0.0295499576987853,1,0.3089072442804735
2014-02-18 23:00:00,0.132,23,1,0.1208,0.0295499576987853,1,0.2859842003565609
2014-02-18 23:05:00,0.132,23,1,0.1336,0.0016733200530684,1,0.22596169399390642
2014-02-18 23:10:00,0.134,23,1,0.1332,0.0010954451150107,1,0.23629834284024936
2014-02-18 23:15:00,0.066,23,1,0.1196,0.0299799933288852,1,0.2094961855811438
2014-02-18 23:20:00,0.134,23,1,0.1196,0.0299799933288852,1,0.28883849527589844
2014-02-18 23:25:00,0.134,23,1,0.12,0.030199337741083,1,0.29531546547786763
2014-02-18 23:30:00,0.134,23,1,0.1204,0.0304105244939971,1,0.295489828029671
2014-02-18 23:35:00,0.068,23,1,0.1072,0.0367042231902543,1,0.17449636515850653
2014-02-18 23:40:00,0.134,23,1,0.1208,0.0295160973029972,1,0.29064347929567197
2014-02-18 23:45:00,0.132,23,1,0.1204,0.0293052896249124,1,0.28917284641332663
2014-02-18 23:50:00,0.066,23,1,0.1068,0.0363483149540663,1,0.1905015591783169
2014-02-18 23:55:00,0.138,23,1,0.1076,0.0371321962722379,1,0.209198026225619
2014-02-19 00:00:00,0.198,0,2,0.1336,0.046741844208375,1,0.1474046475728602
2014-02-19 00:05:00,0.134,0,2,0.1336,0.046741844208375,1,0.25629699652502147
2014-02-19 00:10:00,0.132,0,2,0.1336,0.046741844208375,1,0.25008392881253283
2014-02-19 00:15:00,0.132,0,2,0.1468,0.0287262945748316,1,0.2132493888950533
2014-02-19 00:20:00,0.134,0,2,0.146,0.0290860791444979,1,0.21795148427342004
2014-02-19 00:25:00,0.134,0,2,0.1332,0.0010954451150103,1,0.2375558842792102
2014-02-19 00:30:00,0.134,0,2,0.1332,0.0010954451150103,1,0.2375558842792102
2014-02-19 00:35:00,0.068,0,2,0.1204,0.0293052896249124,1,0.21638334800935322
2014-02-19 00:40:00,0.134,0,2,0.1208,0.0295160973029972,1,0.29975469505310975
2014-02-19 00:45:00,0.134,0,2,0.1208,0.0295160973029972,1,0.29975469505310975
2014-02-19 00:50:00,0.066,0,2,0.1072,0.0367042231902542,1,0.22793148879837455
2014-02-19 00:55:00,0.2,0,2,0.1204,0.0557027826953016,1,0.1352422487564482
2014-02-19 01:00:00,0.132,1,2,0.1331999999999999,0.0473835414463714,1,0.2689751340434921
2014-02-19 01:05:00,0.066,1,2,0.1196,0.0560606814086307,1,0.20720641994494948
2014-02-19 01:10:00,0.132,1,2,0.1192,0.0559392527658351,1,0.2506845124832629
2014-02-19 01:15:00,0.134,1,2,0.1327999999999999,0.0473835414463714,1,0.2713474406205596
2014-02-19 01:20:00,0.134,1,2,0.1196,0.0299799933288851,1,0.3206514951047114
2014-02-19 01:25:00,0.066,1,2,0.1064,0.0368890227574545,1,0.24402718002430296
2014-02-19 01:30:00,0.134,1,2,0.12,0.0301993377410829,1,0.32148258142055897
2014-02-19 01:35:00,0.134,1,2,0.1204,0.0304105244939971,1,0.3202451821520056
2014-02-19 01:40:00,0.066,1,2,0.1068,0.0372451339103512,1,0.24439722129017016
2014-02-19 01:45:00,0.134,1,2,0.1068,0.0372451339103512,1,0.26694723394781683
2014-02-19 01:50:00,0.134,1,2,0.1204,0.0304105244939971,1,0.3202451821520056
2014-02-19 01:55:00,0.134,1,2,0.1204,0.0304105244939971,1,0.3202451821520056
2014-02-19 02:00:00,0.134,2,2,0.1204,0.0304105244939971,1,0.32918334988957054
2014-02-19 02:05:00,0.068,2,2,0.1207999999999999,0.0295160973029972,1,0.23719309285438583
2014-02-19 02:10:00,0.132,2,2,0.1204,0.0293052896249124,1,0.3213744866701139
2014-02-19 02:15:00,0.134,2,2,0.1204,0.0293052896249124,1,0.3284759624571375
2014-02-19 02:20:00,0.134,2,2,0.1204,0.0293052896249124,1,0.3284759624571375
2014-02-19 02:25:00,0.132,2,2,0.12,0.0290860791444979,1,0.3222323541678954
2014-02-19 02:30:00,0.066,2,2,0.1196,0.0299799933288851,1,0.2593171410464216
2014-02-19 02:35:00,0.134,2,2,0.12,0.030199337741083,1,0.3297929501371155
2014-02-19 02:40:00,0.132,2,2,0.1196,0.0299799933288851,1,0.32085500803296346
2014-02-19 02:45:00,0.066,2,2,0.106,0.0365239647354993,1,0.2460379110363598
2014-02-19 02:50:00,0.136,2,2,0.1068,0.037271973384837,1,0.256932213305275
2014-02-19 02:55:00,0.132,2,2,0.12,0.0302324329156619,1,0.32295067362898766
2014-02-19 03:00:00,0.134,3,2,0.12,0.0302324329156619,1,0.33710534234586725
2014-02-19 03:05:00,0.066,3,2,0.1068,0.037271973384837,1,0.2572316270360722
2014-02-19 03:10:00,0.132,3,2,0.12,0.0302324329156619,1,0.3315243735935402
2014-02-19 03:15:00,0.132,3,2,0.1192,0.0297523108346225,1,0.3247008620324617
2014-02-19 03:20:00,0.068,3,2,0.1064,0.0359833294735214,1,0.22994792744828407
2014-02-19 03:25:00,0.134,3,2,0.1064,0.0359833294735214,1,0.2772585163802101
2014-02-19 03:30:00,0.134,3,2,0.12,0.0290860791444979,1,0.3364118499795261
2014-02-19 03:35:00,1.444,3,2,0.3823999999999999,0.5941269224669086,-1,-0.036616069646628224
2014-02-19 03:40:00,0.134,3,2,0.3827999999999999,0.593916829194122,1,0.021516357174192202
2014-02-19 03:45:00,0.066,3,2,0.3823999999999999,0.5941824635581228,1,0.005220920796985884
2014-02-19 03:50:00,0.134,3,2,0.3823999999999999,0.5941824635581228,1,0.021516357174192202
2014-02-19 03:55:00,0.132,3,2,0.382,0.5943921264619847,1,0.01826250394168738
2014-02-19 04:00:00,0.134,4,2,0.12,0.0301993377410813,1,0.337655427432841
2014-02-19 04:05:00,0.134,4,2,0.12,0.0301993377410813,1,0.337655427432841
2014-02-19 04:10:00,0.132,4,2,0.1331999999999999,0.0010954451149657,1,0.26687883390663264
2014-02-19 04:15:00,0.132,4,2,0.1328,0.0010954451149657,1,0.2651976697053346
2014-02-19 04:20:00,0.066,4,2,0.1196,0.0299799933288835,1,0.26721456319797304
2014-02-19 04:25:00,0.134,4,2,0.1196,0.0299799933288835,1,0.336321327336341
2014-02-19 04:30:00,0.134,4,2,0.1196,0.0299799933288835,1,0.336321327336341
2014-02-19 04:35:00,0.066,4,2,0.1064,0.0368890227574531,1,0.26277811505906784
2014-02-19 04:40:00,0.2,4,2,0.12,0.0561782876207516,1,0.16996049850979256
2014-02-19 04:45:00,0.132,4,2,0.1331999999999999,0.0473835414463704,1,0.28723347514517067
2014-02-19 04:50:00,0.132,4,2,0.1328,0.0473835414463704,1,0.2861026846277284
2014-02-19 04:55:00,0.134,4,2,0.1327999999999999,0.0473835414463704,1,0.2881238072037738
2014-02-19 05:00:00,0.066,5,2,0.1328,0.0473835414463704,1,0.23545670791410434
2014-02-19 05:05:00,0.132,5,2,0.1192,0.0297523108346209,1,0.3336134407662339
2014-02-19 05:10:00,0.134,5,2,0.1196,0.0299799933288835,1,0.34321355794203057
2014-02-19 05:15:00,0.068,5,2,0.1068,0.0363483149540649,1,0.24681223536521302
2014-02-19 05:20:00,0.132,5,2,0.1064,0.0359833294735201,1,0.2908162263674506
2014-02-19 05:25:00,0.134,5,2,0.12,0.0290860791444962,1,0.3429713901645136
2014-02-19 05:30:00,0.066,5,2,0.1068,0.0363483149540649,1,0.27594118450089417
2014-02-19 05:35:00,0.132,5,2,0.1064,0.0359833294735201,1,0.2908162263674506
2014-02-19 05:40:00,0.134,5,2,0.1196,0.0299799933288835,1,0.34321355794203057
2014-02-19 05:45:00,0.132,5,2,0.1196,0.0299799933288835,1,0.33873579083723426
2014-02-19 05:50:00,0.132,5,2,0.1192,0.0297523108346209,1,0.3336134407662339
2014-02-19 05:55:00,0.134,5,2,0.1327999999999999,0.0010954451149653,1,0.27669422891678996
2014-02-19 06:00:00,0.132,6,2,0.1328,0.0010954451149653,1,0.2739949778112118
2014-02-19 06:05:00,0.066,6,2,0.1192,0.0297523108346208,1,0.2651091200404005
2014-02-19 06:10:00,0.2019999999999999,6,2,0.1331999999999999,0.0480957378569026,1,0.1867356216890249
2014-02-19 06:15:00,0.066,6,2,0.1199999999999999,0.0567802782663126,1,0.2190381993864614
2014-02-19 06:20:00,0.132,6,2,0.1195999999999999,0.056663921502133,1,0.2706371557633918
2014-02-19 06:25:00,0.134,6,2,0.1199999999999999,0.0567802782663126,1,0.2752511141492292
2014-02-19 06:30:00,0.134,6,2,0.1336,0.0480915793044884,1,0.28928363459162565
2014-02-19 06:35:00,0.134,6,2,0.12,0.0301993377410813,1,0.3428039858655417
2014-02-19 06:40:00,0.066,6,2,0.12,0.0301993377410813,1,0.2725113318660909
2014-02-19 06:45:00,0.134,6,2,0.1204,0.0304105244939954,1,0.3422140818339912
2014-02-19 06:50:00,0.134,6,2,0.1204,0.0304105244939954,1,0.3422140818339912
2014-02-19 06:55:00,0.132,6,2,0.12,0.0301993377410813,1,0.3379043665625074
2014-02-19 07:00:00,0.066,7,2,0.1064,0.0368890227574531,1,0.27000928362925
2014-02-19 07:05:00,0.132,7,2,0.1196,0.0299799933288835,1,0.3365400053926687
2014-02-19 07:10:00,0.134,7,2,0.1196,0.0299799933288835,1,0.34168181992724034
2014-02-19 07:15:00,0.132,7,2,0.1192,0.0297523108346208,1,0.3328341088387548
2014-02-19 07:20:00,0.2,7,2,0.1328,0.0473835414463704,1,0.19025482133218552
2014-02-19 07:25:00,0.134,7,2,0.1464,0.0299799933288836,1,0.2640135944827267
2014-02-19 07:30:00,0.066,7,2,0.1332,0.0473835414463704,1,0.2343477894637977
2014-02-19 07:35:00,0.134,7,2,0.1331999999999999,0.0473835414463704,1,0.290355809598959
2014-02-19 07:40:00,0.134,7,2,0.1336,0.0473793203834742,1,0.28810393130693707
2014-02-19 07:45:00,0.132,7,2,0.12,0.0301993377410813,1,0.3393242227585552
2014-02-19 07:50:00,0.132,7,2,0.1196,0.0299799933288835,1,0.3365400053926687
2014-02-19 07:55:00,0.134,7,2,0.1331999999999999,0.0010954451149662,1,0.27773429769240776
2014-02-19 08:00:00,0.066,8,2,0.1196,0.0299799933288835,1,0.26748836505022666
2014-02-19 08:05:00,0.134,8,2,0.1196,0.0299799933288835,1,0.3404018934060517
2014-02-19 08:10:00,0.132,8,2,0.1196,0.0299799933288835,1,0.3354176637458146
2014-02-19 08:15:00,0.066,8,2,0.1064,0.0368890227574531,1,0.2693394170705719
2014-02-19 08:20:00,0.134,8,2,0.1064,0.0368890227574531,1,0.29510407603960176
2014-02-19 08:25:00,0.066,8,2,0.1064,0.0368890227574531,1,0.2693394170705719
2014-02-19 08:30:00,0.134,8,2,0.1064,0.0368890227574531,1,0.29510407603960176
2014-02-19 08:35:00,0.132,8,2,0.1064,0.0368890227574531,1,0.2906280565689581
2014-02-19 08:40:00,0.134,8,2,0.12,0.0301993377410813,1,0.34375108726025594
2014-02-19 08:45:00,0.066,8,2,0.1064,0.0368890227574531,1,0.2693394170705719
2014-02-19 08:50:00,0.134,8,2,0.12,0.0301993377410813,1,0.34375108726025594
2014-02-19 08:55:00,0.2,8,2,0.1332,0.0473835414463704,1,0.1917207036558436
2014-02-19 09:00:00,0.068,9,2,0.1204,0.0557027826953007,1,0.20560140468066468
2014-02-19 09:05:00,0.134,9,2,0.1204,0.0557027826953007,1,0.27466007511870233
2014-02-19 09:10:00,0.134,9,2,0.1339999999999999,0.0466690475583111,1,0.2958617076851845
2014-02-19 09:15:00,0.132,9,2,0.1336,0.0466776177626911,1,0.2905985996595113
2014-02-19 09:20:00,0.134,9,2,0.1204,0.0293052896249107,1,0.34751554194404655
2014-02-19 09:25:00,0.136,9,2,0.1339999999999999,0.001414213562339,1,0.25219151063217854
2014-02-19 09:30:00,0.066,9,2,0.1204,0.0304433900871749,1,0.2752262615663521
2014-02-19 09:35:00,0.134,9,2,0.1204,0.0304433900871749,1,0.34824351293621614
2014-02-19 09:40:00,0.134,9,2,0.1208,0.030646370095003,1,0.34711885951694743
2014-02-19 09:45:00,0.066,9,2,0.1072,0.0376191440625633,1,0.2630740592808113
2014-02-19 09:50:00,0.134,9,2,0.1068,0.0372451339103498,1,0.30063860376000406
2014-02-19 09:55:00,0.134,9,2,0.1204,0.0304105244939954,1,0.34824351293621614
2014-02-19 10:00:00,0.132,10,2,0.12,0.0301993377410813,1,0.33963660447607824
2014-02-19 10:05:00,0.134,10,2,0.12,0.0301993377410813,1,0.3456545581633919
2014-02-19 10:10:00,0.068,10,2,0.1204,0.0293052896249107,1,0.24897168070731324
2014-02-19 10:15:00,0.134,10,2,0.1204,0.0293052896249107,1,0.3448670010044553
2014-02-19 10:20:00,0.068,10,2,0.1072,0.0357938542210795,1,0.2288846793887117
2014-02-19 10:25:00,0.134,10,2,0.1076,0.0361496887953395,1,0.2908439358158222
2014-02-19 10:30:00,0.134,10,2,0.1076,0.0361496887953395,1,0.2908439358158222
2014-02-19 10:35:00,0.066,10,2,0.1072,0.0367042231902528,1,0.26306170654351774
2014-02-19 10:40:00,0.134,10,2,0.1072,0.0367042231902528,1,0.2946984333139515
2014-02-19 10:45:00,0.134,10,2,0.1204,0.0304105244939954,1,0.34533812992698953
2014-02-19 10:50:00,0.134,10,2,0.1204,0.0304105244939954,1,0.34533812992698953
2014-02-19 10:55:00,0.134,10,2,0.1204,0.0304105244939954,1,0.34533812992698953
2014-02-19 11:00:00,0.134,11,2,0.134,0.0,1,0.2707588205891203
2014-02-19 11:05:00,0.134,11,2,0.134,0.0,1,0.2707588205891203
2014-02-19 11:10:00,0.066,11,2,0.1204,0.0304105244939971,1,0.2769980810706168
2014-02-19 11:15:00,0.132,11,2,0.12,0.030199337741083,1,0.33920861846008776
2014-02-19 11:20:00,0.134,11,2,0.12,0.030199337741083,1,0.3460650491290349
2014-02-19 11:25:00,0.134,11,2,0.12,0.030199337741083,1,0.3460650491290349
2014-02-19 11:30:00,0.066,11,2,0.1064,0.0368890227574545,1,0.27030544356448344
2014-02-19 11:35:00,0.134,11,2,0.12,0.030199337741083,1,0.3460650491290349
2014-02-19 11:40:00,0.134,11,2,0.1204,0.0304105244939971,1,0.3457489566743087
2014-02-19 11:45:00,0.134,11,2,0.1204,0.0304105244939971,1,0.3457489566743087
2014-02-19 11:50:00,0.134,11,2,0.1204,0.0304105244939971,1,0.3457489566743087
2014-02-19 11:55:00,0.134,11,2,0.134,0.0,1,0.2707588205891203
2014-02-19 12:00:00,0.132,12,2,0.1336,0.0008944271909999,1,0.27233882690208144
2014-02-19 12:05:00,0.068,12,2,0.1204,0.0293052896249124,1,0.2507933216233422
2014-02-19 12:10:00,0.134,12,2,0.1204,0.0293052896249124,1,0.3461460188958947
2014-02-19 12:15:00,0.132,12,2,0.12,0.0290860791444979,1,0.33778683669367204
2014-02-19 12:20:00,0.066,12,2,0.1064,0.0359833294735214,1,0.2632494720341651
2014-02-19 12:25:00,0.136,12,2,0.1072,0.0367314579073578,1,0.2703317818837419
2014-02-19 12:30:00,0.134,12,2,0.1204,0.0304433900871765,1,0.3468765796267284
2014-02-19 12:35:00,0.134,12,2,0.1204,0.0304433900871765,1,0.3468765796267284
2014-02-19 12:40:00,0.066,12,2,0.1072,0.0376191440625647,1,0.2587915363319778
2014-02-19 12:45:00,0.134,12,2,0.1208,0.0306463700950047,1,0.3445593261169821
2014-02-19 12:50:00,0.134,12,2,0.1204,0.0304105244939971,1,0.3468765796267284
2014-02-19 12:55:00,0.134,12,2,0.1204,0.0304105244939971,1,0.3468765796267284
2014-02-19 13:00:00,0.132,13,2,0.12,0.030199337741083,1,0.3395638914689369
2014-02-19 13:05:00,0.134,13,2,0.1336,0.0008944271909999,1,0.2924551572931854
2014-02-19 13:10:00,0.132,13,2,0.1332,0.0010954451150103,1,0.2816076705264756
2014-02-19 13:15:00,0.134,13,2,0.1331999999999999,0.0010954451150103,1,0.2916846017652134
2014-02-19 13:20:00,0.066,13,2,0.1196,0.0299799933288851,1,0.2706559111828308
2014-02-19 13:25:00,0.134,13,2,0.12,0.030199337741083,1,0.3465596143545931
2014-02-19 13:30:00,0.134,13,2,0.12,0.030199337741083,1,0.3465596143545931
2014-02-19 13:35:00,0.134,13,2,0.1204,0.0304105244939971,1,0.3465596143545931
2014-02-19 13:40:00,0.134,13,2,0.1204,0.0304105244939971,1,0.3465596143545931
2014-02-19 13:45:00,0.134,13,2,0.134,0.0,1,0.28030888833156287
2014-02-19 13:50:00,0.132,13,2,0.1336,0.0008944271909999,1,0.27922541293034797
2014-02-19 13:55:00,0.132,13,2,0.1331999999999999,0.0010954451150103,1,0.2816076705264756
2014-02-19 14:00:00,0.066,14,2,0.1196,0.0299799933288851,1,0.2683113714480974
2014-02-19 14:05:00,0.134,14,2,0.1196,0.0299799933288851,1,0.3410191929356692
2014-02-19 14:10:00,0.134,14,2,0.1196,0.0299799933288851,1,0.3410191929356692
2014-02-19 14:15:00,0.134,14,2,0.12,0.030199337741083,1,0.34263664633972124
2014-02-19 14:20:00,0.134,14,2,0.1204,0.0304105244939971,1,0.3429549862928275
2014-02-19 14:25:00,0.134,14,2,0.134,0.0,1,0.28094228338524974
2014-02-19 14:30:00,0.066,14,2,0.1204,0.0304105244939971,1,0.27239952977037796
2014-02-19 14:35:00,0.134,14,2,0.1204,0.0304105244939971,1,0.3429549862928275
2014-02-19 14:40:00,0.134,14,2,0.1204,0.0304105244939971,1,0.3429549862928275
2014-02-19 14:45:00,0.136,14,2,0.1208,0.0306463700950047,1,0.3139089751982379
2014-02-19 14:50:00,0.134,14,2,0.1208,0.0306463700950047,1,0.3397310630693049
2014-02-19 14:55:00,0.134,14,2,0.1344,0.0008944271909999,1,0.27856929725491514
2014-02-19 15:00:00,0.134,15,2,0.1344,0.0008944271909999,1,0.27824150208080073
2014-02-19 15:05:00,0.066,15,2,0.1207999999999999,0.0306463700950047,1,0.264313217944316
2014-02-19 15:10:00,0.2,15,2,0.1336,0.0473793203834753,1,0.19045048146365162
2014-02-19 15:15:00,0.134,15,2,0.1336,0.0473793203834753,1,0.2859671936149884
2014-02-19 15:20:00,0.134,15,2,0.1336,0.0473793203834753,1,0.2859671936149884
2014-02-19 15:25:00,0.134,15,2,0.1336,0.0473793203834753,1,0.2859671936149884
2014-02-19 15:30:00,0.066,15,2,0.1336,0.0473793203834753,1,0.22218624344175197
2014-02-19 15:35:00,0.132,15,2,0.12,0.030199337741083,1,0.3347714232394217
2014-02-19 15:40:00,0.132,15,2,0.1196,0.0299799933288851,1,0.3318693146346074
2014-02-19 15:45:00,0.134,15,2,0.1196,0.0299799933288851,1,0.3393273872112141
2014-02-19 15:50:00,0.134,15,2,0.1196,0.0299799933288851,1,0.3393273872112141
2014-02-19 15:55:00,0.134,15,2,0.1331999999999999,0.0010954451150104,1,0.29253570144510505
2014-02-19 16:00:00,0.066,16,2,0.12,0.030199337741083,1,0.26645472222615485
2014-02-19 16:05:00,0.134,16,2,0.1204,0.0304105244939971,1,0.33931255109298647
2014-02-19 16:10:00,0.132,16,2,0.12,0.030199337741083,1,0.3313360944727703
2014-02-19 16:15:00,0.132,16,2,0.1196,0.0299799933288851,1,0.3284089184047858
2014-02-19 16:20:00,0.066,16,2,0.106,0.0365239647354993,1,0.2442162393942543
2014-02-19 16:25:00,0.132,16,2,0.1192,0.0297523108346225,1,0.32716812161879755
2014-02-19 16:30:00,0.134,16,2,0.1192,0.0297523108346225,1,0.33440116467675834
2014-02-19 16:35:00,0.066,16,2,0.106,0.0365239647354993,1,0.2442162393942543
2014-02-19 16:40:00,0.2,16,2,0.1196,0.0560606814086307,1,0.1651663553546815
2014-02-19 16:45:00,0.066,16,2,0.1196,0.0560606814086307,1,0.20503128036343599
2014-02-19 16:50:00,0.132,16,2,0.1196,0.0560606814086307,1,0.2575600835713934
2014-02-19 16:55:00,0.132,16,2,0.1192,0.0559392527658352,1,0.25577930759578194
2014-02-19 17:00:00,0.134,17,2,0.1327999999999999,0.0473835414463714,1,0.28785707984929315
2014-02-19 17:05:00,0.132,17,2,0.1192,0.0297523108346225,1,0.33166539830960823
2014-02-19 17:10:00,0.134,17,2,0.1327999999999999,0.0010954451150106,1,0.29571911064569195
2014-02-19 17:15:00,0.134,17,2,0.1332,0.0010954451150106,1,0.3012565483258126
2014-02-19 17:20:00,0.2,17,2,0.1467999999999999,0.0297523108346225,1,0.16625579300887816
2014-02-19 17:25:00,0.066,17,2,0.1332,0.0473835414463714,1,0.21999114576442536
2014-02-19 17:30:00,0.2019999999999999,17,2,0.1471999999999999,0.0564198546612803,1,0.14639183050251336
2014-02-19 17:35:00,0.066,17,2,0.1336,0.0675040739511327,1,0.1636358569836046
2014-02-19 17:40:00,0.134,17,2,0.1336,0.0675040739511327,1,0.23487583472153223
2014-02-19 17:45:00,0.132,17,2,0.1199999999999999,0.0567802782663135,1,0.25655083221296987
2014-02-19 17:50:00,0.134,17,2,0.1336,0.0480915793044894,1,0.28318646308504153
2014-02-19 17:55:00,0.134,17,2,0.12,0.030199337741083,1,0.34307166291837743
2014-02-19 18:00:00,0.132,18,2,0.1331999999999999,0.0010954451150104,1,0.2837262747742518
2014-02-19 18:05:00,0.134,18,2,0.1332,0.0010954451150104,1,0.29692755347748473
2014-02-19 18:10:00,0.134,18,2,0.1336,0.000894427191,1,0.29626610772032125
2014-02-19 18:15:00,0.134,18,2,0.1336,0.000894427191,1,0.29626610772032125
2014-02-19 18:20:00,0.134,18,2,0.1336,0.000894427191,1,0.29626610772032125
2014-02-19 18:25:00,0.132,18,2,0.1336,0.000894427191,1,0.2810388371578493
2014-02-19 18:30:00,0.134,18,2,0.1336,0.000894427191,1,0.29626610772032125
2014-02-19 18:35:00,0.134,18,2,0.1336,0.000894427191,1,0.29626610772032125
2014-02-19 18:40:00,0.134,18,2,0.1336,0.000894427191,1,0.29626610772032125
2014-02-19 18:45:00,0.132,18,2,0.1332,0.0010954451150104,1,0.2837262747742518
2014-02-19 18:50:00,0.132,18,2,0.1331999999999999,0.0010954451150104,1,0.2837262747742518
2014-02-19 18:55:00,0.132,18,2,0.1328,0.0010954451150105,1,0.278541159376558
2014-02-19 19:00:00,0.134,19,2,0.1327999999999999,0.0010954451150105,1,0.28802650810830377
2014-02-19 19:05:00,0.134,19,2,0.1328,0.0010954451150105,1,0.28802650810830377
2014-02-19 19:10:00,0.2019999999999999,19,2,0.1467999999999999,0.0308739372286722,1,0.1570961054614517
2014-02-19 19:15:00,0.066,19,2,0.1336,0.0480915793044894,1,0.2094248441729364
2014-02-19 19:20:00,0.134,19,2,0.1339999999999999,0.0480832611206852,1,0.2824924107092528
2014-02-19 19:25:00,0.132,19,2,0.1336,0.0480915793044894,1,0.273001956152469
2014-02-19 19:30:00,0.066,19,2,0.12,0.0567802782663135,1,0.20165542733490383
2014-02-19 19:35:00,0.134,19,2,0.1064,0.0368890227574546,1,0.2794816312309782
2014-02-19 19:40:00,0.132,19,2,0.1196,0.0299799933288852,1,0.3291247469463142
2014-02-19 19:45:00,0.134,19,2,0.1196,0.0299799933288852,1,0.3376981483997067
2014-02-19 19:50:00,0.134,19,2,0.12,0.030199337741083,1,0.3416784491301433
2014-02-19 19:55:00,0.134,19,2,0.1336,0.0008944271909998,1,0.2936764787011887
2014-02-19 20:00:00,0.134,20,2,0.1336,0.0008944271909998,1,0.28244843452261204
2014-02-19 20:05:00,0.134,20,2,0.134,0.0,1,0.2680558978791716
2014-02-19 20:10:00,0.134,20,2,0.134,0.0,1,0.2680558978791716
2014-02-19 20:15:00,0.066,20,2,0.1204,0.0304105244939971,1,0.2507253864141554
2014-02-19 20:20:00,0.2,20,2,0.1336,0.0473793203834753,1,0.17317566251587135
2014-02-19 20:25:00,0.066,20,2,0.12,0.0561782876207525,1,0.1989596027309466
2014-02-19 20:30:00,0.134,20,2,0.12,0.0561782876207525,1,0.2612223674060083
2014-02-19 20:35:00,0.132,20,2,0.1196,0.0560606814086307,1,0.24900439302872535
2014-02-19 20:40:00,0.132,20,2,0.1327999999999999,0.0473835414463714,1,0.2676227042399422
2014-02-19 20:45:00,0.066,20,2,0.106,0.0365239647354993,1,0.22531796889602895
2014-02-19 20:50:00,0.2019999999999999,20,2,0.1331999999999999,0.0480957378569036,1,0.1681282599443351
2014-02-19 20:55:00,0.134,20,2,0.1331999999999999,0.0480957378569036,1,0.27200145649538254
2014-02-19 21:00:00,0.132,21,2,0.1331999999999999,0.0480957378569036,1,0.2576106923541825
2014-02-19 21:05:00,0.132,21,2,0.1331999999999999,0.0480957378569036,1,0.2576106923541825
2014-02-19 21:10:00,0.134,21,2,0.1467999999999999,0.0308739372286723,1,0.2538396319269563
2014-02-19 21:15:00,0.134,21,2,0.1332,0.0010954451150106,1,0.27625427871117525
2014-02-19 21:20:00,0.134,21,2,0.1332,0.0010954451150106,1,0.27625427871117525
2014-02-19 21:25:00,0.134,21,2,0.1336,0.0008944271910002,1,0.27543035711447506
2014-02-19 21:30:00,0.066,21,2,0.1204,0.0304105244939971,1,0.24559775584695104
2014-02-19 21:35:00,0.134,21,2,0.1204,0.0304105244939971,1,0.3243791776767712
2014-02-19 21:40:00,0.134,21,2,0.1204,0.0304105244939971,1,0.3243791776767712
2014-02-19 21:45:00,0.134,21,2,0.1204,0.0304105244939971,1,0.3243791776767712
2014-02-19 21:50:00,0.134,21,2,0.1204,0.0304105244939971,1,0.3243791776767712
2014-02-19 21:55:00,0.132,21,2,0.1336,0.0008944271909999,1,0.2607479566913934
2014-02-19 22:00:00,0.134,22,2,0.1336,0.0008944271909999,1,0.2657660076875434
2014-02-19 22:05:00,0.134,22,2,0.1336,0.0008944271909999,1,0.2657660076875434
2014-02-19 22:10:00,0.066,22,2,0.12,0.030199337741083,1,0.24183812184664127
2014-02-19 22:15:00,0.134,22,2,0.12,0.030199337741083,1,0.3181256892158673
2014-02-19 22:20:00,0.134,22,2,0.1204,0.0304105244939971,1,0.31707752908286047
2014-02-19 22:25:00,0.134,22,2,0.1204,0.0304105244939971,1,0.31707752908286047
2014-02-19 22:30:00,0.066,22,2,0.1068,0.0372451339103513,1,0.2219777065911268
2014-02-19 22:35:00,0.134,22,2,0.1204,0.0304105244939971,1,0.31707752908286047
2014-02-19 22:40:00,0.132,22,2,0.12,0.030199337741083,1,0.31100752848429286
2014-02-19 22:45:00,0.134,22,2,0.12,0.030199337741083,1,0.3181256892158673
2014-02-19 22:50:00,0.134,22,2,0.12,0.030199337741083,1,0.3181256892158673
2014-02-19 22:55:00,0.134,22,2,0.1336,0.0008944271909999,1,0.2657660076875434
2014-02-19 23:00:00,0.066,23,2,0.12,0.030199337741083,1,0.23503272455234475
2014-02-19 23:05:00,0.2019999999999999,23,2,0.1339999999999999,0.0480832611206852,1,0.15968943641856848
2014-02-19 23:10:00,0.134,23,2,0.1339999999999999,0.0480832611206852,1,0.24706535503906668
2014-02-19 23:15:00,0.066,23,2,0.1203999999999999,0.0568928818043171,1,0.17528298825209765
2014-02-19 23:20:00,0.134,23,2,0.1203999999999999,0.0568928818043171,1,0.23873907256198973
2014-02-19 23:25:00,0.134,23,2,0.1339999999999999,0.0480832611206852,1,0.24706535503906668
2014-02-19 23:30:00,0.136,23,2,0.1208,0.0306463700950047,1,0.2772681416344625
2014-02-19 23:35:00,0.066,23,2,0.1072,0.0376191440625647,1,0.20978989637991596
2014-02-19 23:40:00,0.134,23,2,0.1208,0.0306463700950047,1,0.29947863834584915
2014-02-19 23:45:00,0.132,23,2,0.1204,0.0304433900871765,1,0.2990341290926913
2014-02-19 23:50:00,0.134,23,2,0.1204,0.0304433900871765,1,0.3038867881224515
2014-02-19 23:55:00,0.128,23,2,0.1188,0.0296175623574932,1,0.2814258744674887
2014-02-20 00:00:00,0.068,0,3,0.1192,0.0287262945748316,1,0.21784116957368227
2014-02-20 00:05:00,0.134,0,3,0.1192,0.0287262945748316,1,0.3000812174908925
2014-02-20 00:10:00,0.136,0,3,0.12,0.0292232783924049,1,0.2849514357491955
2014-02-20 00:15:00,0.134,0,3,0.12,0.0292232783924049,1,0.30588846125004715
2014-02-20 00:20:00,0.198,0,3,0.134,0.0459782557302906,1,0.1471519318504595
2014-02-20 00:25:00,0.134,0,3,0.1472,0.0284112653713276,1,0.21373659055267658
2014-02-20 00:30:00,0.134,0,3,0.1472,0.0284112653713276,1,0.21373659055267658
2014-02-20 00:35:00,0.068,0,3,0.1336,0.0459652042310267,1,0.1860035341807551
2014-02-20 00:40:00,0.134,0,3,0.1336,0.0459652042310267,1,0.25297264881259596
2014-02-20 00:45:00,0.134,0,3,0.1208,0.0295160973029972,1,0.29953038938317494
2014-02-20 00:50:00,0.134,0,3,0.1208,0.0295160973029972,1,0.29953038938317494
2014-02-20 00:55:00,0.134,0,3,0.1208,0.0295160973029972,1,0.29953038938317494
2014-02-20 01:00:00,0.2019999999999999,1,3,0.1475999999999999,0.030410524493997,1,0.1416839646015875
2014-02-20 01:05:00,0.066,1,3,0.1339999999999999,0.0480832611206851,1,0.2048344028693505
2014-02-20 01:10:00,0.134,1,3,0.1339999999999999,0.0480832611206851,1,0.26341586719738896
2014-02-20 01:15:00,0.132,1,3,0.1336,0.0480915793044894,1,0.2629554819079863
2014-02-20 01:20:00,0.134,1,3,0.1336,0.0480915793044894,1,0.26716036529234
2014-02-20 01:25:00,0.134,1,3,0.12,0.030199337741083,1,0.3246230786199086
2014-02-20 01:30:00,0.068,1,3,0.1204,0.0293052896249124,1,0.24031548931623725
2014-02-20 01:35:00,0.136,1,3,0.1208,0.0295499576987852,1,0.29937388094098066
2014-02-20 01:40:00,0.132,1,3,0.1208,0.0295499576987852,1,0.31046157559247795
2014-02-20 01:45:00,0.134,1,3,0.1208,0.0295499576987852,1,0.319390194371864
2014-02-20 01:50:00,0.066,1,3,0.1072,0.0367314579073578,1,0.24984949156411973
2014-02-20 01:55:00,0.198,1,3,0.1332,0.0467033189398783,1,0.17010099207889462
2014-02-20 02:00:00,0.066,2,3,0.1192,0.0553461832469051,1,0.22243923101554097
2014-02-20 02:05:00,0.134,2,3,0.1196,0.0554689102110362,1,0.2690796561593665
2014-02-20 02:10:00,0.134,2,3,0.1196,0.0554689102110362,1,0.2690796561593665
2014-02-20 02:15:00,0.132,2,3,0.1327999999999999,0.0466819022748645,1,0.2765442058229842
2014-02-20 02:20:00,0.134,2,3,0.12,0.030199337741083,1,0.33203269534442215
2014-02-20 02:25:00,0.066,2,3,0.12,0.030199337741083,1,0.27088018832016314
2014-02-20 02:30:00,0.198,2,3,0.1328,0.0466819022748645,1,0.17962032369495984
2014-02-20 02:35:00,0.066,2,3,0.1192,0.0553461832469051,1,0.22243923101554097
2014-02-20 02:40:00,0.134,2,3,0.1196,0.0554689102110362,1,0.2690796561593665
2014-02-20 02:45:00,0.134,2,3,0.1196,0.0554689102110362,1,0.2690796561593665
2014-02-20 02:50:00,0.132,2,3,0.1327999999999999,0.0466819022748645,1,0.2765442058229842
2014-02-20 02:55:00,0.134,2,3,0.12,0.030199337741083,1,0.33203269534442215
2014-02-20 03:00:00,0.134,3,3,0.1336,0.0008944271909997,1,0.2606224021922188
2014-02-20 03:05:00,0.066,3,3,0.12,0.030199337741083,1,0.27342414064766707
2014-02-20 03:10:00,0.132,3,3,0.1196,0.0299799933288852,1,0.33023995036262355
2014-02-20 03:15:00,0.134,3,3,0.12,0.030199337741083,1,0.3371312880421624
2014-02-20 03:20:00,0.132,3,3,0.1196,0.0299799933288852,1,0.33023995036262355
2014-02-20 03:25:00,0.066,3,3,0.106,0.0365239647354994,1,0.25696691290085005
2014-02-20 03:30:00,0.136,3,3,0.12,0.0302324329156619,1,0.3174541227770225
2014-02-20 03:35:00,1.598,3,3,0.4132,0.6629790343593076,-1,-0.045513327205535026
2014-02-20 03:40:00,0.066,3,3,0.3996,0.6707896838801265,-1,-0.006093595526612594
2014-02-20 03:45:00,0.132,3,3,0.3996,0.6707896838801265,1,0.005471710926912565
2014-02-20 03:50:00,0.134,3,3,0.4131999999999999,0.6629790343593076,1,0.002514384545193482
2014-02-20 03:55:00,0.134,3,3,0.4128,0.6631886609404597,1,0.002514384545193482
2014-02-20 04:00:00,0.134,4,3,0.12,0.0301993377410831,1,0.33883448183097203
2014-02-20 04:05:00,0.066,4,3,0.12,0.0301993377410831,1,0.27983032346744585
2014-02-20 04:10:00,0.2,4,3,0.1336,0.0473793203834754,1,0.1920495325780398
2014-02-20 04:15:00,0.134,4,3,0.1336,0.0473793203834754,1,0.2853352179892819
2014-02-20 04:20:00,0.068,4,3,0.1204,0.0557027826953017,1,0.2090457520846004
2014-02-20 04:25:00,0.134,4,3,0.1204,0.0557027826953017,1,0.26992503843045146
2014-02-20 04:30:00,0.134,4,3,0.1339999999999999,0.0466690475583122,1,0.2888175709535196
2014-02-20 04:35:00,0.066,4,3,0.1072,0.0367042231902544,1,0.2682626585749681
2014-02-20 04:40:00,0.132,4,3,0.1068,0.0363483149540664,1,0.28885314061248923
2014-02-20 04:45:00,0.134,4,3,0.12,0.0301993377410831,1,0.33883448183097203
2014-02-20 04:50:00,0.134,4,3,0.12,0.0301993377410831,1,0.33883448183097203
2014-02-20 04:55:00,0.132,4,3,0.1196,0.0299799933288853,1,0.33436192176281443
2014-02-20 05:00:00,0.134,5,3,0.1331999999999999,0.0010954451150137,1,0.2704271663865873
2014-02-20 05:05:00,0.132,5,3,0.1332,0.0010954451150137,1,0.26600766476744786
2014-02-20 05:10:00,0.066,5,3,0.1196,0.0299799933288853,1,0.2809410911734277
2014-02-20 05:15:00,0.132,5,3,0.1192,0.0297523108346227,1,0.3355727732722386
2014-02-20 05:20:00,0.134,5,3,0.1196,0.0299799933288853,1,0.3445323431562145
2014-02-20 05:25:00,0.066,5,3,0.106,0.0365239647354995,1,0.2707403121740527
2014-02-20 05:30:00,0.134,5,3,0.1064,0.0368890227574547,1,0.3014795888634837
2014-02-20 05:35:00,0.134,5,3,0.12,0.0301993377410831,1,0.3445789707358055
2014-02-20 05:40:00,0.066,5,3,0.1068,0.0372451339103514,1,0.28155056967032566
2014-02-20 05:45:00,0.132,5,3,0.1064,0.0368890227574547,1,0.29634497866174947
2014-02-20 05:50:00,0.134,5,3,0.12,0.0301993377410831,1,0.3445789707358055
2014-02-20 05:55:00,0.2019999999999999,5,3,0.1336,0.0480915793044894,1,0.19113934236002117
2014-02-20 06:00:00,0.132,6,3,0.1331999999999999,0.0480957378569037,1,0.28147554778293604
2014-02-20 06:05:00,0.134,6,3,0.1467999999999999,0.0308739372286723,1,0.26403386497994763
2014-02-20 06:10:00,0.068,6,3,0.1339999999999999,0.0473919824442911,1,0.21714652588488392
2014-02-20 06:15:00,0.132,6,3,0.1336,0.0474004219390503,1,0.2878086939610237
2014-02-20 06:20:00,0.132,6,3,0.1196,0.0288582743766845,1,0.33823511027810904
2014-02-20 06:25:00,0.066,6,3,0.1064,0.0359833294735216,1,0.2715918211544759
2014-02-20 06:30:00,0.134,6,3,0.1064,0.0359833294735216,1,0.2956895852535899
2014-02-20 06:35:00,0.134,6,3,0.1196,0.0299799933288853,1,0.34351428860700334
2014-02-20 06:40:00,0.132,6,3,0.1196,0.0299799933288853,1,0.3386111072075737
2014-02-20 06:45:00,0.134,6,3,0.12,0.0301993377410831,1,0.34482911545726636
2014-02-20 06:50:00,0.066,6,3,0.12,0.0301993377410831,1,0.2796176477379711
2014-02-20 06:55:00,0.132,6,3,0.1196,0.0299799933288853,1,0.3386111072075737
2014-02-20 07:00:00,0.132,7,3,0.1192,0.0297523108346227,1,0.3335884232004653
2014-02-20 07:05:00,0.132,7,3,0.1192,0.0297523108346227,1,0.3335884232004653
2014-02-20 07:10:00,0.134,7,3,0.1192,0.0297523108346227,1,0.33724316085893696
2014-02-20 07:15:00,0.066,7,3,0.1192,0.0297523108346227,1,0.26994904728238917
2014-02-20 07:20:00,0.136,7,3,0.12,0.030232432915662,1,0.32389384444350394
2014-02-20 07:25:00,0.068,7,3,0.1072,0.0367314579073579,1,0.24191668070872507
2014-02-20 07:30:00,0.134,7,3,0.1076,0.037078295537956,1,0.2939956411232302
2014-02-20 07:35:00,0.132,7,3,0.1072,0.0367314579073579,1,0.2912435805370472
2014-02-20 07:40:00,0.134,7,3,0.1208,0.0295499576987854,1,0.34233185716554465
2014-02-20 07:45:00,0.132,7,3,0.12,0.0290860791444981,1,0.3406010382965254
2014-02-20 07:50:00,0.134,7,3,0.1331999999999999,0.0010954451150122,1,0.2691054736802719
2014-02-20 07:55:00,0.134,7,3,0.1332,0.0010954451150122,1,0.2691054736802719
2014-02-20 08:00:00,0.132,8,3,0.1331999999999999,0.0010954451150122,1,0.26573476083413405
2014-02-20 08:05:00,0.132,8,3,0.1328,0.0010954451150122,1,0.26199065735663524
2014-02-20 08:10:00,0.066,8,3,0.1196,0.0299799933288853,1,0.2740172456609997
2014-02-20 08:15:00,0.134,8,3,0.1196,0.0299799933288853,1,0.3417485972433571
2014-02-20 08:20:00,0.068,8,3,0.1064,0.0359833294735216,1,0.23960325503266372
2014-02-20 08:25:00,0.134,8,3,0.1068,0.0363483149540664,1,0.29889871668419826
2014-02-20 08:30:00,0.134,8,3,0.1072,0.0367042231902544,1,0.29635106555927526
2014-02-20 08:35:00,0.132,8,3,0.1204,0.0293052896249125,1,0.33925877718636616
2014-02-20 08:40:00,0.068,8,3,0.1072,0.0357938542210811,1,0.23715218190348852
2014-02-20 08:45:00,0.134,8,3,0.1204,0.0293052896249125,1,0.3432068282710277
2014-02-20 08:50:00,0.134,8,3,0.1204,0.0293052896249125,1,0.3432068282710277
2014-02-20 08:55:00,0.132,8,3,0.12,0.029086079144498,1,0.3397905217395674
2014-02-20 09:00:00,0.134,9,3,0.1204,0.0293052896249125,1,0.348976339061896
2014-02-20 09:05:00,0.066,9,3,0.12,0.0301993377410831,1,0.28230402536793214
2014-02-20 09:10:00,0.134,9,3,0.12,0.0301993377410831,1,0.34934209208712436
2014-02-20 09:15:00,0.134,9,3,0.12,0.0301993377410831,1,0.34934209208712436
2014-02-20 09:20:00,0.066,9,3,0.1068,0.0372451339103514,1,0.277015299033196
2014-02-20 09:25:00,0.132,9,3,0.1064,0.0368890227574546,1,0.29782346986144637
2014-02-20 09:30:00,0.132,9,3,0.1196,0.0299799933288852,1,0.3430209136865057
2014-02-20 09:35:00,0.134,9,3,0.1196,0.0299799933288852,1,0.34727918293033905
2014-02-20 09:40:00,0.066,9,3,0.106,0.0365239647354994,1,0.26674918599136593
2014-02-20 09:45:00,0.134,9,3,0.1196,0.0299799933288852,1,0.34727918293033905
2014-02-20 09:50:00,0.134,9,3,0.12,0.0301993377410831,1,0.34934209208712436
2014-02-20 09:55:00,0.132,9,3,0.12,0.0301993377410831,1,0.3451066272712182
2014-02-20 10:00:00,0.134,10,3,0.12,0.0301993377410831,1,0.3476543897701409
2014-02-20 10:05:00,0.068,10,3,0.1204,0.0293052896249125,1,0.2540439821580848
2014-02-20 10:10:00,0.132,10,3,0.12,0.029086079144498,1,0.3437327948621408
2014-02-20 10:15:00,0.134,10,3,0.12,0.029086079144498,1,0.3480680938883259
2014-02-20 10:20:00,0.066,10,3,0.1068,0.0363483149540664,1,0.2761428093732904
2014-02-20 10:25:00,0.132,10,3,0.1064,0.0359833294735216,1,0.2923440481402125
2014-02-20 10:30:00,0.134,10,3,0.1196,0.0299799933288852,1,0.3463669184744544
2014-02-20 10:35:00,0.066,10,3,0.1064,0.0368890227574546,1,0.275581978145456
2014-02-20 10:40:00,0.2019999999999999,10,3,0.1199999999999999,0.0567802782663135,1,0.17896372107408165
2014-02-20 10:45:00,0.132,10,3,0.1331999999999999,0.0480957378569036,1,0.28427534099942653
2014-02-20 10:50:00,0.132,10,3,0.1331999999999999,0.0480957378569036,1,0.28427534099942653
2014-02-20 10:55:00,0.134,10,3,0.1331999999999999,0.0480957378569036,1,0.2899608927216592
2014-02-20 11:00:00,0.132,11,3,0.1464,0.0310934076614319,1,0.2780960899538817
2014-02-20 11:05:00,0.136,11,3,0.1331999999999999,0.0017888543820003,1,0.2467510210559165
2014-02-20 11:10:00,0.132,11,3,0.1332,0.0017888543820003,1,0.2604855971337018
2014-02-20 11:15:00,0.066,11,3,0.12,0.030232432915662,1,0.28258259034685473
2014-02-20 11:20:00,0.132,11,3,0.1196,0.0300133303716865,1,0.34005742068978695
2014-02-20 11:25:00,0.132,11,3,0.1196,0.0300133303716865,1,0.34005742068978695
2014-02-20 11:30:00,0.134,11,3,0.1192,0.0297523108346226,1,0.34264332333202885
2014-02-20 11:35:00,0.134,11,3,0.1196,0.0299799933288852,1,0.3453300293642386
2014-02-20 11:40:00,0.066,11,3,0.1196,0.0299799933288852,1,0.27941537253977194
2014-02-20 11:45:00,0.134,11,3,0.12,0.030199337741083,1,0.3474033768774245
2014-02-20 11:50:00,0.134,11,3,0.1204,0.0304105244939972,1,0.3474033768774245
2014-02-20 11:55:00,0.132,11,3,0.12,0.030199337741083,1,0.34222219240131646
2014-02-20 12:00:00,0.134,12,3,0.12,0.030199337741083,1,0.3480156947664627
2014-02-20 12:05:00,0.068,12,3,0.1204,0.0293052896249125,1,0.25447174476409296
2014-02-20 12:10:00,0.134,12,3,0.1204,0.0293052896249125,1,0.3476486755492413
2014-02-20 12:15:00,0.134,12,3,0.1204,0.0293052896249125,1,0.3476486755492413
2014-02-20 12:20:00,0.134,12,3,0.1208,0.0295160973029972,1,0.34572309915395943
2014-02-20 12:25:00,0.066,12,3,0.1072,0.0367042231902543,1,0.272757936899324
2014-02-20 12:30:00,0.134,12,3,0.1204,0.0304105244939972,1,0.3480156947664627
2014-02-20 12:35:00,0.132,12,3,0.12,0.030199337741083,1,0.34402778699388187
2014-02-20 12:40:00,0.134,12,3,0.12,0.030199337741083,1,0.3480156947664627
2014-02-20 12:45:00,0.066,12,3,0.1064,0.0368890227574546,1,0.27811391441935884
2014-02-20 12:50:00,0.134,12,3,0.12,0.030199337741083,1,0.3480156947664627
2014-02-20 12:55:00,0.134,12,3,0.12,0.030199337741083,1,0.3480156947664627
2014-02-20 13:00:00,0.134,13,3,0.1204,0.0304105244939972,1,0.3477577496611661
2014-02-20 13:05:00,0.132,13,3,0.12,0.030199337741083,1,0.34275285251823634
2014-02-20 13:10:00,0.132,13,3,0.1331999999999999,0.001095445115011,1,0.2800296998711294
2014-02-20 13:15:00,0.134,13,3,0.1332,0.001095445115011,1,0.2879093387946023
2014-02-20 13:20:00,0.132,13,3,0.1327999999999999,0.0010954451150111,1,0.27736190891142476
2014-02-20 13:25:00,0.134,13,3,0.1328,0.0010954451150111,1,0.2844683147241001
2014-02-20 13:30:00,0.134,13,3,0.1331999999999999,0.001095445115011,1,0.2879093387946023
2014-02-20 13:35:00,0.066,13,3,0.12,0.030199337741083,1,0.2787201342194918
2014-02-20 13:40:00,0.132,13,3,0.1196,0.0299799933288852,1,0.340816776565167
2014-02-20 13:45:00,0.134,13,3,0.12,0.030199337741083,1,0.3477577496611661
2014-02-20 13:50:00,0.068,13,3,0.1068,0.0363483149540664,1,0.23959580272757386
2014-02-20 13:55:00,0.132,13,3,0.1064,0.0359833294735215,1,0.27830991330570193
2014-02-20 14:00:00,0.136,14,3,0.1204,0.0293393933134276,1,0.3199958339959668
2014-02-20 14:05:00,0.134,14,3,0.1208,0.0295499576987853,1,0.34048974748494265
2014-02-20 14:10:00,0.134,14,3,0.1208,0.0295499576987853,1,0.34048974748494265
2014-02-20 14:15:00,0.066,14,3,0.1204,0.0304433900871766,1,0.27732338159358905
2014-02-20 14:20:00,0.136,14,3,0.1212,0.0308739372286724,1,0.3155731551599128
2014-02-20 14:25:00,0.134,14,3,0.1208,0.0306463700950048,1,0.3394987714638126
2014-02-20 14:30:00,0.134,14,3,0.1208,0.0306463700950048,1,0.3394987714638126
2014-02-20 14:35:00,0.132,14,3,0.1204,0.0304433900871766,1,0.3388676398411629
2014-02-20 14:40:00,0.134,14,3,0.1339999999999999,0.0014142135623736,1,0.28276452805914387
2014-02-20 14:45:00,0.134,14,3,0.1336,0.0008944271910008,1,0.2895207750618429
2014-02-20 14:50:00,0.132,14,3,0.1331999999999999,0.0010954451150111,1,0.2800545298160256
2014-02-20 14:55:00,0.134,14,3,0.1332,0.0010954451150111,1,0.2889207448874106
2014-02-20 15:00:00,0.132,15,3,0.1331999999999999,0.0010954451150111,1,0.28051559336363
2014-02-20 15:05:00,0.132,15,3,0.1328,0.0010954451150112,1,0.27487321572149714
2014-02-20 15:10:00,0.134,15,3,0.1327999999999999,0.0010954451150112,1,0.2826873743787668
2014-02-20 15:15:00,0.132,15,3,0.1328,0.0010954451150112,1,0.27487321572149714
2014-02-20 15:20:00,0.066,15,3,0.1192,0.0297523108346226,1,0.2651265844702336
2014-02-20 15:25:00,0.136,15,3,0.12,0.030232432915662,1,0.32104484390160176
2014-02-20 15:30:00,0.134,15,3,0.1204,0.0304433900871766,1,0.3444828920003183
2014-02-20 15:35:00,0.134,15,3,0.1204,0.0304433900871766,1,0.3444828920003183
2014-02-20 15:40:00,0.134,15,3,0.1208,0.0306463700950048,1,0.34145112429773944
2014-02-20 15:45:00,0.066,15,3,0.1207999999999999,0.0306463700950048,1,0.2691782353005806
2014-02-20 15:50:00,0.2019999999999999,15,3,0.1339999999999999,0.0480832611206852,1,0.19282971380314462
2014-02-20 15:55:00,0.134,15,3,0.1339999999999999,0.0480832611206852,1,0.2783052883743685
2014-02-20 16:00:00,0.066,16,3,0.1203999999999999,0.0568928818043171,1,0.21071852089784315
2014-02-20 16:05:00,0.132,16,3,0.1199999999999999,0.0567802782663135,1,0.2589689343835526
2014-02-20 16:10:00,0.066,16,3,0.1199999999999999,0.0567802782663135,1,0.21107142228131215
2014-02-20 16:15:00,0.134,16,3,0.1064,0.0368890227574546,1,0.2791121399246507
2014-02-20 16:20:00,0.132,16,3,0.106,0.0365239647354994,1,0.271977524983591
2014-02-20 16:25:00,0.068,16,3,0.1064,0.0359833294735216,1,0.22217204319708317
2014-02-20 16:30:00,0.132,16,3,0.1064,0.0359833294735216,1,0.26918751139500746
2014-02-20 16:35:00,0.132,16,3,0.1196,0.0288582743766845,1,0.3298686736608516
2014-02-20 16:40:00,0.134,16,3,0.1196,0.0288582743766845,1,0.3362685612005815
2014-02-20 16:45:00,0.134,16,3,0.12,0.029086079144498,1,0.3389251941376946
2014-02-20 16:50:00,0.132,16,3,0.1327999999999999,0.0010954451150114,1,0.27531828226473987
2014-02-20 16:55:00,0.134,16,3,0.1332,0.0010954451150114,1,0.2916947083059003
2014-02-20 17:00:00,0.134,17,3,0.1336,0.0008944271910011,1,0.29642344534271614
2014-02-20 17:05:00,0.066,17,3,0.12,0.030199337741083,1,0.26691644046269525
2014-02-20 17:10:00,0.134,17,3,0.12,0.030199337741083,1,0.3417659230053377
2014-02-20 17:15:00,0.134,17,3,0.1204,0.0304105244939972,1,0.3405721876579805
2014-02-20 17:20:00,0.136,17,3,0.1208,0.0306463700950048,1,0.3136427111261009
2014-02-20 17:25:00,0.132,17,3,0.1204,0.0304433900871766,1,0.3344476660682151
2014-02-20 17:30:00,0.134,17,3,0.1339999999999999,0.0014142135623738,1,0.2903713720318127
2014-02-20 17:35:00,0.134,17,3,0.134,0.0014142135623738,1,0.2903713720318127
2014-02-20 17:40:00,0.066,17,3,0.1204,0.0304433900871766,1,0.2679972542237564
2014-02-20 17:45:00,0.132,17,3,0.1196,0.0299799933288852,1,0.33368774477876895
2014-02-20 17:50:00,0.134,17,3,0.12,0.030199337741083,1,0.3417659230053377
2014-02-20 17:55:00,0.132,17,3,0.1196,0.0299799933288852,1,0.33368774477876895
2014-02-20 18:00:00,0.134,18,3,0.1196,0.0299799933288852,1,0.33599561914613973
2014-02-20 18:05:00,0.134,18,3,0.1331999999999999,0.0010954451150116,1,0.29245434786045127
2014-02-20 18:10:00,0.2,18,3,0.1468,0.0297523108346225,1,0.16700922787115036
2014-02-20 18:15:00,0.134,18,3,0.1468,0.0297523108346225,1,0.2770666967939124
2014-02-20 18:20:00,0.134,18,3,0.1472,0.0295160973029972,1,0.2757314563115496
2014-02-20 18:25:00,0.134,18,3,0.1472,0.0295160973029972,1,0.2757314563115496
2014-02-20 18:30:00,0.066,18,3,0.1336,0.0473793203834753,1,0.21254253923805266
2014-02-20 18:35:00,0.134,18,3,0.1204,0.0304105244939972,1,0.33701112366686864
2014-02-20 18:40:00,0.134,18,3,0.1204,0.0304105244939972,1,0.33701112366686864
2014-02-20 18:45:00,0.134,18,3,0.1204,0.0304105244939972,1,0.33701112366686864
2014-02-20 18:50:00,0.066,18,3,0.1068,0.0372451339103513,1,0.25260128428271184
2014-02-20 18:55:00,0.2,18,3,0.1336,0.0473793203834753,1,0.18698835133642333
2014-02-20 19:00:00,0.066,19,3,0.12,0.0561782876207525,1,0.20730434244009555
2014-02-20 19:05:00,0.134,19,3,0.12,0.0561782876207525,1,0.26993040787226574
2014-02-20 19:10:00,0.134,19,3,0.12,0.0561782876207525,1,0.26993040787226574
2014-02-20 19:15:00,0.134,19,3,0.1336,0.0473793203834753,1,0.28363314996845146
2014-02-20 19:20:00,0.134,19,3,0.1204,0.0304105244939972,1,0.3376718723581386
2014-02-20 19:25:00,0.134,19,3,0.134,0.0,1,0.2761163474001316
2014-02-20 19:30:00,0.134,19,3,0.134,0.0,1,0.2761163474001316
2014-02-20 19:35:00,0.132,19,3,0.1336,0.0008944271909999,1,0.2748576308050689
2014-02-20 19:40:00,0.132,19,3,0.1332,0.0010954451150103,1,0.2788480464160184
2014-02-20 19:45:00,0.134,19,3,0.1331999999999999,0.0010954451150103,1,0.2900483904632384
2014-02-20 19:50:00,0.134,19,3,0.1332,0.0010954451150103,1,0.2900483904632384
2014-02-20 19:55:00,0.136,19,3,0.1336,0.0016733200530681,1,0.25328689327194276
2014-02-20 20:00:00,0.134,20,3,0.134,0.0014142135623731,1,0.27125949358710666
2014-02-20 20:05:00,0.134,20,3,0.1344,0.0008944271909999,1,0.25703352412997804
2014-02-20 20:10:00,0.134,20,3,0.1344,0.0008944271909999,1,0.25703352412997804
2014-02-20 20:15:00,0.134,20,3,0.1344,0.0008944271909999,1,0.25703352412997804
2014-02-20 20:20:00,0.132,20,3,0.1336,0.0008944271909999,1,0.2673684785075911
2014-02-20 20:25:00,0.134,20,3,0.1336,0.0008944271909999,1,0.2782032595147428
2014-02-20 20:30:00,0.132,20,3,0.1332,0.0010954451150103,1,0.27220317485758555
2014-02-20 20:35:00,0.134,20,3,0.1331999999999999,0.0010954451150103,1,0.28098221461698636
2014-02-20 20:40:00,0.066,20,3,0.1196,0.0299799933288851,1,0.24822401348161405
2014-02-20 20:45:00,0.134,20,3,0.12,0.030199337741083,1,0.33093724675114705
2014-02-20 20:50:00,0.134,20,3,0.12,0.030199337741083,1,0.33093724675114705
2014-02-20 20:55:00,0.134,20,3,0.1204,0.0304105244939971,1,0.32846850324046034
2014-02-20 21:00:00,0.132,21,3,0.12,0.030199337741083,1,0.32194232495387926
2014-02-20 21:05:00,0.132,21,3,0.1331999999999999,0.00109544511501,1,0.26466875234256243
2014-02-20 21:10:00,0.066,21,3,0.1196,0.0299799933288852,1,0.24263506561941844
2014-02-20 21:15:00,0.132,21,3,0.1192,0.0297523108346225,1,0.31580950542968445
2014-02-20 21:20:00,0.132,21,3,0.1188,0.0295160973029972,1,0.31363582391115247
2014-02-20 21:25:00,0.134,21,3,0.1192,0.0297523108346225,1,0.31989389832623655
2014-02-20 21:30:00,0.134,21,3,0.1196,0.0299799933288852,1,0.3226321713579005
2014-02-20 21:35:00,0.134,21,3,0.1331999999999999,0.0010954451150098,1,0.27390187396845306
2014-02-20 21:40:00,0.2,21,3,0.1468,0.0297523108346225,1,0.1522316484124686
2014-02-20 21:45:00,0.066,21,3,0.1336,0.0473793203834753,1,0.2023052133385187
2014-02-20 21:50:00,0.132,21,3,0.1331999999999999,0.0473835414463714,1,0.2603502556792068
2014-02-20 21:55:00,0.132,21,3,0.1328,0.0473835414463714,1,0.25917939238148074
2014-02-20 22:00:00,0.132,22,3,0.1324,0.0473793203834753,1,0.2508727896027126
2014-02-20 22:05:00,0.132,22,3,0.1188,0.0295160973029972,1,0.30481816578459275
2014-02-20 22:10:00,0.132,22,3,0.132,0.0,1,0.23694211998357118
2014-02-20 22:15:00,0.068,22,3,0.1192,0.0286216701119973,1,0.21283397726682263
2014-02-20 22:20:00,0.134,22,3,0.1196,0.0288582743766844,1,0.3119581783002795
2014-02-20 22:25:00,0.134,22,3,0.12,0.0290860791444979,1,0.31536443149472454
2014-02-20 22:30:00,0.132,22,3,0.12,0.0290860791444979,1,0.3101074930457979
2014-02-20 22:35:00,0.066,22,3,0.1068,0.0363483149540663,1,0.2307855177400122
2014-02-20 22:40:00,0.134,22,3,0.12,0.030199337741083,1,0.3193561516618881
2014-02-20 22:45:00,0.134,22,3,0.12,0.030199337741083,1,0.3193561516618881
2014-02-20 22:50:00,0.132,22,3,0.1196,0.0299799933288851,1,0.3097724626848141
2014-02-20 22:55:00,0.134,22,3,0.12,0.030199337741083,1,0.3193561516618881
2014-02-20 23:00:00,0.132,23,3,0.1331999999999999,0.0010954451150103,1,0.23808790011939696
2014-02-20 23:05:00,0.066,23,3,0.1196,0.0299799933288851,1,0.23047001584214322
2014-02-20 23:10:00,0.134,23,3,0.1196,0.0299799933288851,1,0.2968151139940637
2014-02-20 23:15:00,0.132,23,3,0.1196,0.0299799933288851,1,0.29361163028281284
2014-02-20 23:20:00,0.068,23,3,0.1064,0.0359833294735214,1,0.19054863061342886
2014-02-20 23:25:00,0.132,23,3,0.1064,0.0359833294735214,1,0.23470213419734814
2014-02-20 23:30:00,0.066,23,3,0.1064,0.0359833294735214,1,0.21514116012457207
2014-02-20 23:35:00,0.132,23,3,0.106,0.0356089876295297,1,0.23431599909371947
2014-02-20 23:40:00,0.136,23,3,0.1068,0.0363758161420469,1,0.2276589692206622
2014-02-20 23:45:00,0.134,23,3,0.12,0.0302324329156619,1,0.3012565316400286
2014-02-20 23:50:00,0.134,23,3,0.1204,0.0304433900871765,1,0.3012565316400286
2014-02-20 23:55:00,0.13,23,3,0.1331999999999999,0.002280350850198,1,0.23160415476743912
2014-02-21 00:00:00,0.066,0,4,0.12,0.0302654919008431,1,0.23103282186221008
2014-02-21 00:05:00,0.134,0,4,0.1196,0.0300133303716865,1,0.30212774439692347
2014-02-21 00:10:00,0.136,0,4,0.12,0.0302654919008431,1,0.28349063949309655
2014-02-21 00:15:00,0.066,0,4,0.1064,0.0369431996448602,1,0.23070347470126817
2014-02-21 00:20:00,0.134,0,4,0.1072,0.0376191440625647,1,0.2569613597617273
2014-02-21 00:25:00,0.132,0,4,0.1204,0.0304433900871765,1,0.28987405657193765
2014-02-21 00:30:00,0.132,0,4,0.12,0.0302324329156619,1,0.29077154111173664
2014-02-21 00:35:00,0.134,0,4,0.1196,0.0299799933288851,1,0.30183647132098246
2014-02-21 00:40:00,0.068,0,4,0.12,0.0290860791444979,1,0.20539389387065232
2014-02-21 00:45:00,0.198,0,4,0.1328,0.045969555142507,1,0.14268956339444927
2014-02-21 00:50:00,0.132,0,4,0.1328,0.045969555142507,1,0.23452942508132718
2014-02-21 00:55:00,0.134,0,4,0.1332,0.045969555142507,1,0.24514242338978282
2014-02-21 01:00:00,0.2,1,4,0.1464,0.0548707572391706,1,0.1269616871528746
2014-02-21 01:05:00,0.134,1,4,0.1596,0.0359833294735214,1,0.20623212668347557
2014-02-21 01:10:00,0.066,1,4,0.1332,0.0473835414463714,1,0.19900147538538926
2014-02-21 01:15:00,0.132,1,4,0.1332,0.0473835414463714,1,0.254381967867565
2014-02-21 01:20:00,0.132,1,4,0.1328,0.0473835414463714,1,0.25234292837634004
2014-02-21 01:25:00,0.068,1,4,0.1064,0.0359833294735215,1,0.21695446892266845
2014-02-21 01:30:00,0.134,1,4,0.1064,0.0359833294735215,1,0.2742290304134291
2014-02-21 01:35:00,0.134,1,4,0.12,0.0290860791444979,1,0.3198320709999781
2014-02-21 01:40:00,0.068,1,4,0.1072,0.035793854221081,1,0.21388445159794467
2014-02-21 01:45:00,0.134,1,4,0.1076,0.0361496887953409,1,0.2739170411937396
2014-02-21 01:50:00,0.134,1,4,0.1208,0.0295160973029972,1,0.3156780584238603
2014-02-21 01:55:00,0.132,1,4,0.1204,0.0293052896249124,1,0.3058306316106355
2014-02-21 02:00:00,0.134,2,4,0.1204,0.0293052896249124,1,0.3259476002942829
2014-02-21 02:05:00,0.134,2,4,0.1336,0.0008944271909988,1,0.24528012460246973
2014-02-21 02:10:00,0.066,2,4,0.12,0.0301993377410829,1,0.25457458241356223
2014-02-21 02:15:00,0.132,2,4,0.1196,0.0299799933288851,1,0.3147338970294572
2014-02-21 02:20:00,0.134,2,4,0.12,0.0301993377410829,1,0.32694141320430825
2014-02-21 02:25:00,0.066,2,4,0.1064,0.0368890227574545,1,0.25564689203808555
2014-02-21 02:30:00,0.134,2,4,0.1064,0.0368890227574545,1,0.2857180081790171
2014-02-21 02:35:00,0.134,2,4,0.12,0.0301993377410829,1,0.32694141320430825
2014-02-21 02:40:00,0.134,2,4,0.1204,0.0304105244939971,1,0.32699831476371244
2014-02-21 02:45:00,0.136,2,4,0.1208,0.0306463700950047,1,0.3055767643229346
2014-02-21 02:50:00,0.066,2,4,0.1207999999999999,0.0306463700950047,1,0.2473997228436327
2014-02-21 02:55:00,0.134,2,4,0.1208,0.0306463700950047,1,0.3241367405069922
2014-02-21 03:00:00,0.134,3,4,0.1208,0.0306463700950047,1,0.3311425907171649
2014-02-21 03:05:00,0.134,3,4,0.1208,0.0306463700950047,1,0.3311425907171649
2014-02-21 03:10:00,0.066,3,4,0.1068,0.0372451339103513,1,0.2599043763616402
2014-02-21 03:15:00,0.132,3,4,0.12,0.0301993377410829,1,0.32457171314720723
2014-02-21 03:20:00,0.068,3,4,0.1068,0.0363483149540663,1,0.23308792476507967
2014-02-21 03:25:00,1.6,3,4,0.4,0.6716323399003357,-1,-0.04658926425415011
2014-02-21 03:30:00,0.134,3,4,0.4,0.6716323399003357,1,0.003783461100568264
2014-02-21 03:35:00,0.066,3,4,0.4,0.6716323399003357,-1,-0.008473669342079049
2014-02-21 03:40:00,0.132,3,4,0.4,0.6716323399003357,1,0.0004954224317084144
2014-02-21 03:45:00,0.132,3,4,0.4128,0.6642930076404538,1,0.0
2014-02-21 03:50:00,0.134,3,4,0.1195999999999999,0.0299799933288861,1,0.33402397095451103
2014-02-21 03:55:00,0.134,3,4,0.1195999999999999,0.0299799933288861,1,0.33402397095451103
2014-02-21 04:00:00,0.134,4,4,0.1331999999999999,0.0010954451150355,1,0.2570100334642727
2014-02-21 04:05:00,0.066,4,4,0.1199999999999999,0.0301993377410839,1,0.2673673610623658
2014-02-21 04:10:00,0.2019999999999999,4,4,0.1339999999999999,0.0480832611206857,1,0.17996531972049812
2014-02-21 04:15:00,0.066,4,4,0.1203999999999999,0.0568928818043176,1,0.21742163872743825
2014-02-21 04:20:00,0.134,4,4,0.1203999999999999,0.0568928818043176,1,0.26891533656351924
2014-02-21 04:25:00,0.066,4,4,0.1067999999999999,0.0608210489879947,1,0.20434917846404077
2014-02-21 04:30:00,0.136,4,4,0.1207999999999999,0.0570192949798579,1,0.25297718910385036
2014-02-21 04:35:00,0.132,4,4,0.1067999999999999,0.0372719733848378,1,0.2851352658413073
2014-02-21 04:40:00,0.134,4,4,0.1203999999999999,0.0304433900871774,1,0.33401336956127436
2014-02-21 04:45:00,0.066,4,4,0.1067999999999999,0.0372719733848378,1,0.26616800202893015
2014-02-21 04:50:00,0.132,4,4,0.1199999999999999,0.0302324329156628,1,0.32645832052749296
2014-02-21 04:55:00,0.134,4,4,0.1195999999999999,0.0299799933288861,1,0.33381261432414006
2014-02-21 05:00:00,0.132,5,4,0.1195999999999999,0.0299799933288861,1,0.3334132299298894
2014-02-21 05:05:00,0.068,5,4,0.1063999999999999,0.0359833294735223,1,0.23992161678337598
2014-02-21 05:10:00,0.134,5,4,0.1199999999999999,0.0290860791444989,1,0.3394860289308804
2014-02-21 05:15:00,0.134,5,4,0.1203999999999999,0.0293052896249133,1,0.33954117036796255
2014-02-21 05:20:00,0.132,5,4,0.1199999999999999,0.0290860791444989,1,0.33185742002044627
2014-02-21 05:25:00,0.132,5,4,0.1199999999999999,0.0290860791444989,1,0.33185742002044627
2014-02-21 05:30:00,0.132,5,4,0.1327999999999999,0.0010954451150349,1,0.25335905193318237
2014-02-21 05:35:00,0.066,5,4,0.1191999999999999,0.0297523108346235,1,0.26310014295374545
2014-02-21 05:40:00,0.132,5,4,0.1187999999999999,0.0295160973029981,1,0.3242002161243279
2014-02-21 05:45:00,0.066,5,4,0.1055999999999999,0.0361496887953418,1,0.2633701762332885
2014-02-21 05:50:00,0.134,5,4,0.1059999999999999,0.0365239647355001,1,0.29986296282735936
2014-02-21 05:55:00,0.132,5,4,0.1059999999999999,0.0365239647355001,1,0.2911363381017997
2014-02-21 06:00:00,0.134,6,4,0.1195999999999999,0.0299799933288861,1,0.3425369633236895
2014-02-21 06:05:00,0.132,6,4,0.1195999999999999,0.0299799933288861,1,0.3342914170902348
2014-02-21 06:10:00,0.132,6,4,0.1327999999999999,0.0010954451150342,1,0.256306201703862
2014-02-21 06:15:00,0.068,6,4,0.1195999999999999,0.0288582743766853,1,0.23786633112131605
2014-02-21 06:20:00,0.132,6,4,0.1195999999999999,0.0288582743766853,1,0.33325960077027394
2014-02-21 06:25:00,0.134,6,4,0.1195999999999999,0.0288582743766853,1,0.34152651316015903
2014-02-21 06:30:00,0.066,6,4,0.1063999999999999,0.0359833294735223,1,0.26835686647043666
2014-02-21 06:35:00,0.134,6,4,0.1067999999999999,0.0363483149540671,1,0.30422786316724854
2014-02-21 06:40:00,0.134,6,4,0.1199999999999999,0.0301993377410839,1,0.34307724429459474
2014-02-21 06:45:00,0.2,6,4,0.1335999999999999,0.0473793203834758,1,0.19809898786270197
2014-02-21 06:50:00,0.066,6,4,0.1199999999999999,0.056178287620753,1,0.2254985088253102
2014-02-21 06:55:00,0.198,6,4,0.1463999999999999,0.0554689102110366,1,0.15467638059878863
2014-02-21 07:00:00,0.068,7,4,0.1331999999999999,0.0660090902830818,1,0.17293043198559976
2014-02-21 07:05:00,0.134,7,4,0.1331999999999999,0.0660090902830818,1,0.24966455989176262
2014-02-21 07:10:00,0.132,7,4,0.1195999999999999,0.0548707572391711,1,0.2695550789658251
2014-02-21 07:15:00,0.066,7,4,0.1195999999999999,0.0548707572391711,1,0.21734063718976815
2014-02-21 07:20:00,0.134,7,4,0.1067999999999999,0.0363483149540671,1,0.3036676159290842
2014-02-21 07:25:00,0.134,7,4,0.1199999999999999,0.0301993377410839,1,0.34392670942563713
2014-02-21 07:30:00,0.066,7,4,0.1063999999999999,0.0368890227574553,1,0.2723114097343055
2014-02-21 07:35:00,0.132,7,4,0.1063999999999999,0.0368890227574553,1,0.2949558421944488
2014-02-21 07:40:00,0.132,7,4,0.1195999999999999,0.0299799933288861,1,0.33462717511139667
2014-02-21 07:45:00,0.134,7,4,0.1195999999999999,0.0299799933288861,1,0.3423511038802354
2014-02-21 07:50:00,0.134,7,4,0.1195999999999999,0.0299799933288861,1,0.3423511038802354
2014-02-21 07:55:00,0.134,7,4,0.1331999999999999,0.0010954451150328,1,0.2639606141129122
2014-02-21 08:00:00,0.134,8,4,0.1336,0.0008944271910273,1,0.2569619022186832
2014-02-21 08:05:00,0.068,8,4,0.1207999999999999,0.0295160973029981,1,0.23204219087556988
2014-02-21 08:10:00,0.132,8,4,0.1203999999999999,0.0293052896249133,1,0.3345004220536016
2014-02-21 08:15:00,0.066,8,4,0.1067999999999999,0.0363483149540671,1,0.27270567354984143
2014-02-21 08:20:00,0.134,8,4,0.1067999999999999,0.0363483149540671,1,0.30441924497138284
2014-02-21 08:25:00,0.132,8,4,0.1063999999999999,0.0359833294735223,1,0.2928357754448181
2014-02-21 08:30:00,0.068,8,4,0.1063999999999999,0.0359833294735223,1,0.23388878679869857
2014-02-21 08:35:00,0.134,8,4,0.1067999999999999,0.0363483149540671,1,0.30441924497138284
2014-02-21 08:40:00,0.134,8,4,0.1203999999999999,0.0293052896249133,1,0.3417911283849024
2014-02-21 08:45:00,0.066,8,4,0.1067999999999999,0.0363483149540671,1,0.27270567354984143
2014-02-21 08:50:00,0.136,8,4,0.1075999999999999,0.0370782955379567,1,0.28363097399355347
2014-02-21 08:55:00,0.132,8,4,0.1203999999999999,0.0304433900871774,1,0.33615352072034055
2014-02-21 09:00:00,0.136,9,4,0.1207999999999999,0.0306789830339934,1,0.32469447224971526
2014-02-21 09:05:00,0.132,9,4,0.1203999999999999,0.0304762202380816,1,0.3382992942721046
2014-02-21 09:10:00,0.066,9,4,0.1203999999999999,0.0304762202380816,1,0.27257992474968584
2014-02-21 09:15:00,0.134,9,4,0.1199999999999999,0.0302324329156628,1,0.34586967280446507
2014-02-21 09:20:00,0.134,9,4,0.1203999999999999,0.0304433900871774,1,0.34586967280446507
2014-02-21 09:25:00,0.134,9,4,0.1199999999999999,0.0301993377410839,1,0.34586967280446507
2014-02-21 09:30:00,0.066,9,4,0.1067999999999999,0.0372451339103521,1,0.27145684943063764
2014-02-21 09:35:00,0.134,9,4,0.1203999999999999,0.030410524493998,1,0.34586967280446507
2014-02-21 09:40:00,0.134,9,4,0.1203999999999999,0.030410524493998,1,0.34586967280446507
2014-02-21 09:45:00,0.134,9,4,0.1203999999999999,0.030410524493998,1,0.34586967280446507
2014-02-21 09:50:00,0.134,9,4,0.1203999999999999,0.030410524493998,1,0.34586967280446507
2014-02-21 09:55:00,0.132,9,4,0.1335999999999999,0.0008944271909999,1,0.25576956209623275
2014-02-21 10:00:00,0.132,10,4,0.1331999999999999,0.0010954451150103,1,0.25513175378168246
2014-02-21 10:05:00,0.066,10,4,0.1195999999999999,0.0299799933288851,1,0.2704739096320932
2014-02-21 10:10:00,0.134,10,4,0.1195999999999999,0.0299799933288851,1,0.34296553064273444
2014-02-21 10:15:00,0.132,10,4,0.1191999999999999,0.0297523108346225,1,0.3304580056102595
2014-02-21 10:20:00,0.134,10,4,0.1195999999999999,0.0299799933288851,1,0.34296553064273444
2014-02-21 10:25:00,0.066,10,4,0.1063999999999999,0.0368890227574545,1,0.2717963546695866
2014-02-21 10:30:00,0.134,10,4,0.1199999999999999,0.030199337741083,1,0.3437504153271906
2014-02-21 10:35:00,0.132,10,4,0.1195999999999999,0.0299799933288851,1,0.33581137599646727
2014-02-21 10:40:00,0.066,10,4,0.1063999999999999,0.0368890227574545,1,0.2717963546695866
2014-02-21 10:45:00,0.134,10,4,0.1063999999999999,0.0368890227574545,1,0.3046017795673098
2014-02-21 10:50:00,0.134,10,4,0.1199999999999999,0.030199337741083,1,0.3437504153271906
2014-02-21 10:55:00,0.132,10,4,0.1195999999999999,0.0299799933288851,1,0.33581137599646727
2014-02-21 11:00:00,0.134,11,4,0.1199999999999999,0.030199337741083,1,0.3457109306825177
2014-02-21 11:05:00,0.136,11,4,0.1339999999999999,0.0014142135623728,1,0.23361868267464508
2014-02-21 11:10:00,0.066,11,4,0.1203999999999999,0.0304433900871765,1,0.2728049759909578
2014-02-21 11:15:00,0.134,11,4,0.1203999999999999,0.0304433900871765,1,0.3463151432792754
2014-02-21 11:20:00,0.132,11,4,0.1203999999999999,0.0304433900871765,1,0.33788211912232885
2014-02-21 11:25:00,0.134,11,4,0.1203999999999999,0.0304433900871765,1,0.3463151432792754
2014-02-21 11:30:00,0.134,11,4,0.1199999999999999,0.030199337741083,1,0.3457109306825177
2014-02-21 11:35:00,0.132,11,4,0.1331999999999999,0.00109544511501,1,0.2553260973651569
2014-02-21 11:40:00,0.134,11,4,0.1331999999999999,0.00109544511501,1,0.2664228346250004
2014-02-21 11:45:00,0.066,11,4,0.1199999999999999,0.030199337741083,1,0.27230628204917634
2014-02-21 11:50:00,0.134,11,4,0.1199999999999999,0.030199337741083,1,0.3457109306825177
2014-02-21 11:55:00,0.134,11,4,0.1199999999999999,0.030199337741083,1,0.3457109306825177
2014-02-21 12:00:00,0.134,12,4,0.1203999999999999,0.0304105244939971,1,0.3436268378723599
2014-02-21 12:05:00,0.134,12,4,0.1203999999999999,0.0304105244939971,1,0.3436268378723599
2014-02-21 12:10:00,0.068,12,4,0.1207999999999999,0.0295160973029972,1,0.2354633166040731
2014-02-21 12:15:00,0.134,12,4,0.1207999999999999,0.0295160973029972,1,0.3392038312845143
2014-02-21 12:20:00,0.066,12,4,0.1071999999999999,0.0367042231902542,1,0.2664672642150039
2014-02-21 12:25:00,0.136,12,4,0.1075999999999999,0.0370782955379559,1,0.2746842673655474
2014-02-21 12:30:00,0.134,12,4,0.1075999999999999,0.0370782955379559,1,0.2918415128473622
2014-02-21 12:35:00,0.066,12,4,0.1071999999999999,0.0376191440625647,1,0.2603505419568813
2014-02-21 12:40:00,0.134,12,4,0.1071999999999999,0.0376191440625647,1,0.28752349678646605
2014-02-21 12:45:00,0.134,12,4,0.1207999999999999,0.0306463700950047,1,0.342579438260259
2014-02-21 12:50:00,0.136,12,4,0.1207999999999999,0.0306463700950047,1,0.3185948544491105
2014-02-21 12:55:00,0.134,12,4,0.1207999999999999,0.0306463700950047,1,0.342579438260259
2014-02-21 13:00:00,0.134,13,4,0.1343999999999999,0.0008944271910005,1,0.2587217188763268
2014-02-21 13:05:00,0.134,13,4,0.1344,0.0008944271910005,1,0.2587217188763268
2014-02-21 13:10:00,0.066,13,4,0.1207999999999999,0.0306463700950047,1,0.26111243060721623
2014-02-21 13:15:00,0.134,13,4,0.1203999999999999,0.0304105244939971,1,0.34374659620674136
2014-02-21 13:20:00,0.066,13,4,0.1067999999999999,0.0372451339103513,1,0.2659119510869759
2014-02-21 13:25:00,0.134,13,4,0.1067999999999999,0.0372451339103513,1,0.29234124804068046
2014-02-21 13:30:00,0.134,13,4,0.1067999999999999,0.0372451339103513,1,0.29234124804068046
2014-02-21 13:35:00,0.134,13,4,0.1203999999999999,0.0304105244939971,1,0.34374659620674136
2014-02-21 13:40:00,0.068,13,4,0.1071999999999999,0.0367042231902542,1,0.22635452441018267
2014-02-21 13:45:00,0.136,13,4,0.1211999999999999,0.0297523108346225,1,0.31511500734615844
2014-02-21 13:50:00,0.132,13,4,0.1207999999999999,0.0295499576987853,1,0.3304602391766109
2014-02-21 13:55:00,0.134,13,4,0.1207999999999999,0.0295499576987853,1,0.34002061584292037
2014-02-21 14:00:00,0.134,14,4,0.1207999999999999,0.0295499576987853,1,0.33681198388849587
2014-02-21 14:05:00,0.134,14,4,0.1339999999999999,0.0014142135623734,1,0.2678379242320807
2014-02-21 14:10:00,0.198,14,4,0.1463999999999999,0.0288582743766844,1,0.1748747516991218
2014-02-21 14:15:00,0.066,14,4,0.1331999999999999,0.0466819022748645,1,0.21100165239612223
2014-02-21 14:20:00,0.132,14,4,0.1327999999999999,0.0466819022748645,1,0.269171824114522
2014-02-21 14:25:00,0.134,14,4,0.1327999999999999,0.0466819022748645,1,0.280389923095264
2014-02-21 14:30:00,0.066,14,4,0.1191999999999999,0.0553461832469051,1,0.21359284133288625
2014-02-21 14:35:00,0.132,14,4,0.1059999999999999,0.0365239647354993,1,0.2774863952216111
2014-02-21 14:40:00,0.134,14,4,0.1195999999999999,0.0299799933288851,1,0.3398466275428602
2014-02-21 14:45:00,0.132,14,4,0.1195999999999999,0.0299799933288851,1,0.33066628513287694
2014-02-21 14:50:00,0.066,14,4,0.1059999999999999,0.0365239647354993,1,0.25667288042185993
2014-02-21 14:55:00,0.134,14,4,0.1195999999999999,0.0299799933288851,1,0.3398466275428602
2014-02-21 15:00:00,0.134,15,4,0.1199999999999999,0.030199337741083,1,0.33925435586590946
2014-02-21 15:05:00,0.134,15,4,0.1199999999999999,0.030199337741083,1,0.33925435586590946
2014-02-21 15:10:00,0.066,15,4,0.1067999999999999,0.0372451339103512,1,0.25887912808785224
2014-02-21 15:15:00,0.134,15,4,0.1203999999999999,0.0304105244939971,1,0.3403784408211307
2014-02-21 15:20:00,0.066,15,4,0.1067999999999999,0.0372451339103512,1,0.25887912808785224
2014-02-21 15:25:00,0.132,15,4,0.1063999999999999,0.0368890227574545,1,0.2781668936573258
2014-02-21 15:30:00,0.134,15,4,0.1063999999999999,0.0368890227574545,1,0.2862332012491442
2014-02-21 15:35:00,0.066,15,4,0.1063999999999999,0.0368890227574545,1,0.2598895785164426
2014-02-21 15:40:00,0.134,15,4,0.1063999999999999,0.0368890227574545,1,0.2862332012491442
2014-02-21 15:45:00,0.134,15,4,0.1199999999999999,0.0301993377410829,1,0.33925435586590946
2014-02-21 15:50:00,0.066,15,4,0.1067999999999999,0.0372451339103512,1,0.25887912808785224
2014-02-21 15:55:00,0.2,15,4,0.1199999999999999,0.0561782876207525,1,0.18114658382683724
2014-02-21 16:00:00,0.066,16,4,0.1199999999999999,0.0561782876207525,1,0.21263896675737304
2014-02-21 16:05:00,0.134,16,4,0.1199999999999999,0.0561782876207525,1,0.2702748693242628
2014-02-21 16:10:00,0.132,16,4,0.1195999999999999,0.0560606814086307,1,0.2571976193503191
2014-02-21 16:15:00,0.066,16,4,0.1195999999999999,0.0560606814086307,1,0.20915881463529018
2014-02-21 16:20:00,0.134,16,4,0.1063999999999999,0.0368890227574545,1,0.282143183525106
2014-02-21 16:25:00,0.134,16,4,0.1199999999999999,0.030199337741083,1,0.3369496968272967
2014-02-21 16:30:00,0.066,16,4,0.1063999999999999,0.0368890227574545,1,0.2584046567343327
2014-02-21 16:35:00,0.134,16,4,0.1067999999999999,0.0372451339103512,1,0.28205938937097785
2014-02-21 16:40:00,0.132,16,4,0.1199999999999999,0.030199337741083,1,0.3274456203923961
2014-02-21 16:45:00,0.134,16,4,0.1199999999999999,0.030199337741083,1,0.3369496968272967
2014-02-21 16:50:00,0.198,16,4,0.1327999999999999,0.0466819022748645,1,0.1761663844395942
2014-02-21 16:55:00,0.134,16,4,0.1463999999999999,0.0288582743766844,1,0.2691374816108681
2014-02-21 17:00:00,0.134,17,4,0.1463999999999999,0.0288582743766844,1,0.2733309691701884
2014-02-21 17:05:00,0.134,17,4,0.1467999999999999,0.0286216701119973,1,0.2677356385317182
2014-02-21 17:10:00,0.136,17,4,0.1471999999999999,0.0284112653713276,1,0.2462770451833733
2014-02-21 17:15:00,0.134,17,4,0.1343999999999999,0.0008944271910008,1,0.2647810030939364
2014-02-21 17:20:00,0.134,17,4,0.1343999999999999,0.0008944271910008,1,0.2647810030939364
2014-02-21 17:25:00,0.132,17,4,0.1339999999999999,0.0014142135623736,1,0.2621288019165313
2014-02-21 17:30:00,0.134,17,4,0.1339999999999999,0.0014142135623736,1,0.2760668540338891
2014-02-21 17:35:00,0.134,17,4,0.1335999999999999,0.0008944271910008,1,0.2814201296047287
2014-02-21 17:40:00,0.134,17,4,0.1335999999999999,0.0008944271910008,1,0.2814201296047287
2014-02-21 17:45:00,0.068,17,4,0.1203999999999999,0.0293052896249124,1,0.23237633196734153
2014-02-21 17:50:00,0.134,17,4,0.1207999999999999,0.0295160973029972,1,0.3396977700214081
2014-02-21 17:55:00,0.134,17,4,0.1207999999999999,0.0295160973029972,1,0.3396977700214081
2014-02-21 18:00:00,0.134,18,4,0.1207999999999999,0.0295160973029972,1,0.3346024763609564
2014-02-21 18:05:00,0.132,18,4,0.1203999999999999,0.0293052896249124,1,0.3259664746641475
2014-02-21 18:10:00,0.066,18,4,0.1199999999999999,0.030199337741083,1,0.25352204227750913
2014-02-21 18:15:00,0.134,18,4,0.1199999999999999,0.030199337741083,1,0.3362085386245774
2014-02-21 18:20:00,0.134,18,4,0.1199999999999999,0.030199337741083,1,0.3362085386245774
2014-02-21 18:25:00,0.068,18,4,0.1067999999999999,0.0363483149540662,1,0.2198828177067328
2014-02-21 18:30:00,0.134,18,4,0.1071999999999999,0.0367042231902542,1,0.2831178115608158
2014-02-21 18:35:00,0.134,18,4,0.1207999999999999,0.0295160973029972,1,0.3346024763609564
2014-02-21 18:40:00,0.066,18,4,0.1071999999999999,0.0367042231902542,1,0.2476831049150947
2014-02-21 18:45:00,0.136,18,4,0.1075999999999999,0.0370782955379558,1,0.2570779645643946
2014-02-21 18:50:00,0.132,18,4,0.1203999999999999,0.0304433900871765,1,0.32450485733910595
2014-02-21 18:55:00,0.134,18,4,0.1203999999999999,0.0304433900871765,1,0.334783746039171
2014-02-21 19:00:00,0.066,19,4,0.1067999999999999,0.037271973384837,1,0.244727151026917
2014-02-21 19:05:00,0.132,19,4,0.1199999999999999,0.0302324329156619,1,0.3276154168177467
2014-02-21 19:10:00,0.134,19,4,0.1195999999999999,0.0299799933288851,1,0.3361995416081876
2014-02-21 19:15:00,0.134,19,4,0.1199999999999999,0.030199337741083,1,0.3382714165915863
2014-02-21 19:20:00,0.134,19,4,0.1199999999999999,0.030199337741083,1,0.3382714165915863
2014-02-21 19:25:00,0.134,19,4,0.1335999999999999,0.0008944271910006,1,0.27377769226960535
2014-02-21 19:30:00,0.196,19,4,0.1463999999999999,0.0277272429209974,1,0.1510225022037216
2014-02-21 19:35:00,0.136,19,4,0.1467999999999999,0.0275172673061843,1,0.23162297920817276
2014-02-21 19:40:00,0.068,19,4,0.1336,0.0452857593510366,1,0.17992700573518883
2014-02-21 19:45:00,0.132,19,4,0.1331999999999999,0.0452901755350981,1,0.26636611497573687
2014-02-21 19:50:00,0.134,19,4,0.1331999999999999,0.0452901755350981,1,0.2805402898607611
2014-02-21 19:55:00,0.132,19,4,0.1203999999999999,0.0293393933134275,1,0.3257258524283604
2014-02-21 20:00:00,0.066,20,4,0.1063999999999999,0.0359833294735214,1,0.237999784909388
2014-02-21 20:05:00,0.134,20,4,0.1195999999999999,0.0299799933288851,1,0.32856217204142607
2014-02-21 20:10:00,0.132,20,4,0.1195999999999999,0.0299799933288851,1,0.31831410587612086
2014-02-21 20:15:00,0.066,20,4,0.1059999999999999,0.0365239647354993,1,0.2316676682166472
2014-02-21 20:20:00,0.134,20,4,0.1063999999999999,0.0368890227574545,1,0.2733908573023591
2014-02-21 20:25:00,0.134,20,4,0.1199999999999999,0.0301993377410829,1,0.3312893326485334
2014-02-21 20:30:00,0.066,20,4,0.1063999999999999,0.0368890227574545,1,0.24112359938897437
2014-02-21 20:35:00,0.134,20,4,0.1067999999999999,0.0372451339103512,1,0.273461669457164
2014-02-21 20:40:00,0.134,20,4,0.1203999999999999,0.0304105244939971,1,0.3288227537806783
2014-02-21 20:45:00,0.136,20,4,0.1207999999999999,0.0306463700950047,1,0.3029189441701401
2014-02-21 20:50:00,0.134,20,4,0.1207999999999999,0.0306463700950047,1,0.3269115670464567
2014-02-21 20:55:00,0.132,20,4,0.1339999999999999,0.0014142135623732,1,0.24657257512646685
2014-02-21 21:00:00,0.134,21,4,0.1339999999999999,0.0014142135623732,1,0.2508386493568448
2014-02-21 21:05:00,0.066,21,4,0.1203999999999999,0.0304433900871765,1,0.243769017699821
2014-02-21 21:10:00,0.132,21,4,0.1195999999999999,0.0299799933288851,1,0.3155085966444798
2014-02-21 21:15:00,0.134,21,4,0.1195999999999999,0.0299799933288851,1,0.32456691555985556
2014-02-21 21:20:00,0.132,21,4,0.1195999999999999,0.0299799933288851,1,0.3155085966444798
2014-02-21 21:25:00,0.132,21,4,0.1191999999999999,0.0297523108346225,1,0.3129398579505586
2014-02-21 21:30:00,0.066,21,4,0.1191999999999999,0.0297523108346225,1,0.2343069765054523
2014-02-21 21:35:00,0.134,21,4,0.1195999999999999,0.0299799933288851,1,0.32456691555985556
2014-02-21 21:40:00,0.134,21,4,0.1195999999999999,0.0299799933288851,1,0.32456691555985556
2014-02-21 21:45:00,0.066,21,4,0.1063999999999999,0.0368890227574545,1,0.23497427103431678
2014-02-21 21:50:00,0.132,21,4,0.1063999999999999,0.0368890227574545,1,0.255083482501788
2014-02-21 21:55:00,0.134,21,4,0.1199999999999999,0.0301993377410829,1,0.32719071871248284
2014-02-21 22:00:00,0.134,22,4,0.1199999999999999,0.0301993377410829,1,0.319557160255145
2014-02-21 22:05:00,0.066,22,4,0.1063999999999999,0.0368890227574545,1,0.23041103733409785
2014-02-21 22:10:00,0.134,22,4,0.1199999999999999,0.0301993377410829,1,0.319557160255145
2014-02-21 22:15:00,0.134,22,4,0.1203999999999999,0.0304105244939971,1,0.31795206443555124
2014-02-21 22:20:00,0.132,22,4,0.1199999999999999,0.0301993377410829,1,0.3105492917454485
2014-02-21 22:25:00,0.066,22,4,0.1063999999999999,0.0368890227574545,1,0.23041103733409785
2014-02-21 22:30:00,0.132,22,4,0.1195999999999999,0.0299799933288851,1,0.30596141968021373
2014-02-21 22:35:00,0.134,22,4,0.1195999999999999,0.0299799933288851,1,0.31575765271110123
2014-02-21 22:40:00,0.066,22,4,0.1059999999999999,0.0365239647354993,1,0.22144095066290947
2014-02-21 22:45:00,0.132,22,4,0.1059999999999999,0.0365239647354993,1,0.24726367499605179
2014-02-21 22:50:00,0.134,22,4,0.1195999999999999,0.0299799933288851,1,0.31575765271110123
2014-02-21 22:55:00,0.134,22,4,0.1199999999999999,0.0301993377410829,1,0.319557160255145
2014-02-21 23:00:00,0.066,23,4,0.1063999999999999,0.0368890227574545,1,0.22125136883879948
2014-02-21 23:05:00,0.134,23,4,0.1199999999999999,0.0301993377410829,1,0.303528646477727
2014-02-21 23:10:00,0.134,23,4,0.1203999999999999,0.0304105244939971,1,0.30265708208358444
2014-02-21 23:15:00,0.134,23,4,0.1203999999999999,0.0304105244939971,1,0.30265708208358444
2014-02-21 23:20:00,0.066,23,4,0.1067999999999999,0.0372451339103512,1,0.22099466966993198
2014-02-21 23:25:00,0.132,23,4,0.1199999999999999,0.0301993377410829,1,0.2964435935111044
2014-02-21 23:30:00,0.134,23,4,0.1199999999999999,0.0301993377410829,1,0.303528646477727
2014-02-21 23:35:00,0.134,23,4,0.1199999999999999,0.0301993377410829,1,0.303528646477727
2014-02-21 23:40:00,0.134,23,4,0.1199999999999999,0.0301993377410829,1,0.303528646477727
2014-02-21 23:45:00,0.066,23,4,0.1199999999999999,0.0301993377410829,1,0.2304546832765908
2014-02-21 23:50:00,0.134,23,4,0.1203999999999999,0.0304105244939971,1,0.30265708208358444
2014-02-21 23:55:00,0.132,23,4,0.1199999999999999,0.0301993377410829,1,0.2964435935111044
2014-02-22 00:00:00,0.134,0,5,0.1199999999999999,0.0301993377410829,1,0.30202692181134766
2014-02-22 00:05:00,0.066,0,5,0.1063999999999999,0.0368890227574545,1,0.23025520866435167
2014-02-22 00:10:00,0.134,0,5,0.1199999999999999,0.0301993377410829,1,0.30202692181134766
2014-02-22 00:15:00,0.136,0,5,0.1203999999999999,0.0304433900871765,1,0.2825530412919703
2014-02-22 00:20:00,0.066,0,5,0.1071999999999999,0.0376191440625647,1,0.22536385169853168
2014-02-22 00:25:00,0.132,0,5,0.1067999999999999,0.037271973384837,1,0.25263481697769513
2014-02-22 00:30:00,0.136,0,5,0.1207999999999999,0.0306789830339925,1,0.27703492203183117
2014-02-22 00:35:00,0.066,0,5,0.1071999999999999,0.0376457168878479,1,0.22536385169853168
2014-02-22 00:40:00,0.132,0,5,0.1063999999999999,0.0369161211396863,1,0.2511737739851367
2014-02-22 00:45:00,0.132,0,5,0.1195999999999999,0.0300133303716865,1,0.28627187244111607
2014-02-22 00:50:00,0.066,0,5,0.1063999999999999,0.0369161211396863,1,0.23025520866435167
2014-02-22 00:55:00,0.132,0,5,0.1055999999999999,0.0361496887953409,1,0.24268059033515638
2014-02-22 01:00:00,0.132,1,5,0.1187999999999999,0.0295160973029972,1,0.2905086929351474
2014-02-22 01:05:00,0.132,1,5,0.1187999999999999,0.0295160973029972,1,0.2905086929351474
2014-02-22 01:10:00,0.066,1,5,0.1055999999999999,0.0361496887953409,1,0.23071152480180313
2014-02-22 01:15:00,0.134,1,5,0.1191999999999999,0.0297523108346225,1,0.3078502488726122
2014-02-22 01:20:00,0.134,1,5,0.1195999999999999,0.0299799933288851,1,0.31362776930913966
2014-02-22 01:25:00,0.134,1,5,0.1199999999999999,0.030199337741083,1,0.3136613245895543
2014-02-22 01:30:00,0.132,1,5,0.1199999999999999,0.030199337741083,1,0.3004126621879866
2014-02-22 01:35:00,0.066,1,5,0.1199999999999999,0.030199337741083,1,0.23760932963934517
2014-02-22 01:40:00,0.134,1,5,0.1199999999999999,0.030199337741083,1,0.3136613245895543
2014-02-22 01:45:00,0.134,1,5,0.1199999999999999,0.030199337741083,1,0.3136613245895543
2014-02-22 01:50:00,0.134,1,5,0.1199999999999999,0.030199337741083,1,0.3136613245895543
2014-02-22 01:55:00,0.134,1,5,0.1203999999999999,0.0304105244939971,1,0.31287092191808585
2014-02-22 02:00:00,0.066,2,5,0.1203999999999999,0.0304105244939971,1,0.24443794585197642
2014-02-22 02:05:00,0.132,2,5,0.1199999999999999,0.030199337741083,1,0.3099171156950385
2014-02-22 02:10:00,0.134,2,5,0.1199999999999999,0.030199337741083,1,0.3201118816851928
2014-02-22 02:15:00,0.066,2,5,0.1063999999999999,0.0368890227574545,1,0.2531396615506186
2014-02-22 02:20:00,0.134,2,5,0.1063999999999999,0.0368890227574545,1,0.28433524754688344
2014-02-22 02:25:00,0.134,2,5,0.1199999999999999,0.030199337741083,1,0.3201118816851928
2014-02-22 02:30:00,0.066,2,5,0.1067999999999999,0.0372451339103512,1,0.2522536260852552
2014-02-22 02:35:00,0.132,2,5,0.1063999999999999,0.0368890227574545,1,0.27340800314818514
2014-02-22 02:40:00,0.134,2,5,0.1199999999999999,0.030199337741083,1,0.3201118816851928
2014-02-22 02:45:00,0.066,2,5,0.1063999999999999,0.0368890227574545,1,0.2531396615506186
2014-02-22 02:50:00,0.134,2,5,0.1063999999999999,0.0368890227574545,1,0.28433524754688344
2014-02-22 02:55:00,0.132,2,5,0.1195999999999999,0.0299799933288851,1,0.30886462075124943
2014-02-22 03:00:00,0.134,3,5,0.1199999999999999,0.030199337741083,1,0.3259026649721
2014-02-22 03:05:00,0.066,3,5,0.1063999999999999,0.0368890227574545,1,0.25683986591114505
2014-02-22 03:10:00,0.136,3,5,0.1203999999999999,0.0304433900871765,1,0.30871696493614986
2014-02-22 03:15:00,0.134,3,5,0.1203999999999999,0.0304433900871765,1,0.3260183883038448
2014-02-22 03:20:00,0.066,3,5,0.1071999999999999,0.0376191440625647,1,0.24829853873262847
2014-02-22 03:25:00,0.134,3,5,0.1071999999999999,0.0376191440625647,1,0.28077216050119247
2014-02-22 03:30:00,1.4680000000000002,3,5,0.3876,0.6046939721875852,-1,-0.04080264923411914
2014-02-22 03:35:00,0.068,3,5,0.374,0.6124818364653764,-1,-0.007884269591268533
2014-02-22 03:40:00,0.132,3,5,0.3736,0.612678382187588,-1,-0.0024035843934333556
2014-02-22 03:45:00,0.132,3,5,0.3868,0.6050580137474423,1,0.0025517958002980734
2014-02-22 03:50:00,0.068,3,5,0.3736,0.6126245179553297,-1,-0.007383514574830774
2014-02-22 03:55:00,0.132,3,5,0.1063999999999999,0.0350542436803286,1,0.2726375894793421
2014-02-22 04:00:00,0.198,4,5,0.1323999999999999,0.0459652042310252,1,0.17059194193983307
2014-02-22 04:05:00,0.134,4,5,0.1327999999999999,0.0459695551425055,1,0.2671673019624297
2014-02-22 04:10:00,0.068,4,5,0.1199999999999999,0.0543874985635473,1,0.194367519572876
2014-02-22 04:15:00,0.132,4,5,0.1327999999999999,0.0459695551425055,1,0.2637366018020533
2014-02-22 04:20:00,0.132,4,5,0.1327999999999999,0.0459695551425055,1,0.2637366018020533
2014-02-22 04:25:00,0.134,4,5,0.1199999999999999,0.0290860791444955,1,0.3249683910511965
2014-02-22 04:30:00,0.132,4,5,0.1195999999999999,0.0288582743766819,1,0.31833339891028045
2014-02-22 04:35:00,0.066,4,5,0.1191999999999999,0.0297523108346202,1,0.2511078381175428
2014-02-22 04:40:00,0.132,4,5,0.1191999999999999,0.0297523108346202,1,0.3143866241363102
2014-02-22 04:45:00,0.136,4,5,0.1199999999999999,0.0302324329156596,1,0.30845175652599327
2014-02-22 04:50:00,0.066,4,5,0.1063999999999999,0.0369161211396844,1,0.26408220968479
2014-02-22 04:55:00,0.134,4,5,0.1067999999999999,0.0372719733848351,1,0.2900331268997256
2014-02-22 05:00:00,0.134,5,5,0.1203999999999999,0.0304433900871742,1,0.3354935882978474
2014-02-22 05:05:00,0.134,5,5,0.1207999999999999,0.0306463700950024,1,0.33022140114068144
2014-02-22 05:10:00,0.066,5,5,0.1067999999999999,0.0372451339103494,1,0.27529759263074377
2014-02-22 05:15:00,0.134,5,5,0.1203999999999999,0.0304105244939948,1,0.3354935882978474
2014-02-22 05:20:00,0.066,5,5,0.1067999999999999,0.0372451339103494,1,0.27529759263074377
2014-02-22 05:25:00,0.132,5,5,0.1063999999999999,0.0368890227574526,1,0.29230716897903175
2014-02-22 05:30:00,0.134,5,5,0.1063999999999999,0.0368890227574526,1,0.3001265044187155
2014-02-22 05:35:00,0.066,5,5,0.1063999999999999,0.0368890227574526,1,0.27515432826782826
2014-02-22 05:40:00,0.134,5,5,0.1063999999999999,0.0368890227574526,1,0.3001265044187155
2014-02-22 05:45:00,0.134,5,5,0.1199999999999999,0.0301993377410806,1,0.3353805626017841
2014-02-22 05:50:00,0.132,5,5,0.1199999999999999,0.0301993377410806,1,0.3285974585418966
2014-02-22 05:55:00,0.066,5,5,0.1063999999999999,0.0368890227574526,1,0.27515432826782826
2014-02-22 06:00:00,0.132,6,5,0.1195999999999999,0.0299799933288828,1,0.33089507255664274
2014-02-22 06:05:00,0.132,6,5,0.1191999999999999,0.0297523108346202,1,0.325685291668388
2014-02-22 06:10:00,0.066,6,5,0.1055999999999999,0.036149688795339,1,0.2610277007570708
2014-02-22 06:15:00,0.134,6,5,0.1059999999999999,0.0365239647354974,1,0.2969931244497914
2014-02-22 06:20:00,0.134,6,5,0.1195999999999999,0.0299799933288828,1,0.3390566625383885
2014-02-22 06:25:00,0.068,6,5,0.1067999999999999,0.0363483149540643,1,0.24206290961069932
2014-02-22 06:30:00,0.134,6,5,0.1071999999999999,0.0367042231902523,1,0.30075161305761666
2014-02-22 06:35:00,0.134,6,5,0.1207999999999999,0.0295160973029948,1,0.33316808424660516
2014-02-22 06:40:00,0.134,6,5,0.1207999999999999,0.0295160973029948,1,0.33316808424660516
2014-02-22 06:45:00,0.068,6,5,0.1075999999999999,0.036149688795339,1,0.2362481505232405
2014-02-22 06:50:00,0.134,6,5,0.1207999999999999,0.0295160973029948,1,0.33316808424660516
2014-02-22 06:55:00,0.134,6,5,0.1207999999999999,0.0295160973029948,1,0.33316808424660516
2014-02-22 07:00:00,0.132,7,5,0.1203999999999999,0.02930528962491,1,0.3296857346942213
2014-02-22 07:05:00,0.136,7,5,0.1207999999999999,0.0295499576987829,1,0.31546219750673843
2014-02-22 07:10:00,0.132,7,5,0.1335999999999999,0.0016733200530263,1,0.23192707095417975
2014-02-22 07:15:00,0.132,7,5,0.1331999999999999,0.0017888543819606,1,0.2329078399523175
2014-02-22 07:20:00,0.066,7,5,0.1195999999999999,0.0300133303716841,1,0.2646628506074156
2014-02-22 07:25:00,0.134,7,5,0.1199999999999999,0.0302324329156596,1,0.34028223806622204
2014-02-22 07:30:00,0.134,7,5,0.1195999999999999,0.0299799933288828,1,0.33853693080208325
2014-02-22 07:35:00,0.066,7,5,0.1063999999999999,0.0368890227574526,1,0.2727706430684962
2014-02-22 07:40:00,0.132,7,5,0.1063999999999999,0.0368890227574526,1,0.2915223407566247
2014-02-22 07:45:00,0.134,7,5,0.1199999999999999,0.0301993377410806,1,0.34028223806622204
2014-02-22 07:50:00,0.066,7,5,0.1063999999999999,0.0368890227574526,1,0.2727706430684962
2014-02-22 07:55:00,0.2019999999999999,7,5,0.1199999999999999,0.0567802782663122,1,0.18719653765639221
2014-02-22 08:00:00,0.134,8,5,0.1335999999999999,0.0480915793044879,1,0.2634435425851546
2014-02-22 08:05:00,0.134,8,5,0.1339999999999999,0.0480832611206837,1,0.261944223957926
2014-02-22 08:10:00,0.134,8,5,0.1339999999999999,0.0480832611206837,1,0.261944223957926
2014-02-22 08:15:00,0.066,8,5,0.1339999999999999,0.0480832611206837,1,0.20656686707959948
2014-02-22 08:20:00,0.134,8,5,0.1203999999999999,0.0304105244939948,1,0.3388220562270912
2014-02-22 08:25:00,0.066,8,5,0.1067999999999999,0.0372451339103494,1,0.27294627221014806
2014-02-22 08:30:00,0.134,8,5,0.1067999999999999,0.0372451339103494,1,0.29662458802101455
2014-02-22 08:35:00,0.134,8,5,0.1067999999999999,0.0372451339103494,1,0.29662458802101455
2014-02-22 08:40:00,0.066,8,5,0.1067999999999999,0.0372451339103494,1,0.27294627221014806
2014-02-22 08:45:00,0.132,8,5,0.1063999999999999,0.0368890227574526,1,0.2899287029689233
2014-02-22 08:50:00,0.068,8,5,0.1067999999999999,0.0363483149540644,1,0.24081932599762218
2014-02-22 08:55:00,0.132,8,5,0.1063999999999999,0.0359833294735195,1,0.2883324407002384
2014-02-22 09:00:00,0.134,9,5,0.1063999999999999,0.0359833294735195,1,0.29706981000746535
2014-02-22 09:05:00,0.134,9,5,0.1199999999999999,0.0290860791444955,1,0.3390460488907624
2014-02-22 09:10:00,0.066,9,5,0.1067999999999999,0.0363483149540644,1,0.2770745440356302
2014-02-22 09:15:00,0.132,9,5,0.1195999999999999,0.0299799933288828,1,0.3335096072484617
2014-02-22 09:20:00,0.134,9,5,0.1199999999999999,0.0301993377410806,1,0.34221755436405193
2014-02-22 09:25:00,0.068,9,5,0.1067999999999999,0.0363483149540644,1,0.24167894003788848
2014-02-22 09:30:00,0.134,9,5,0.1067999999999999,0.0363483149540644,1,0.30220088466314166
2014-02-22 09:35:00,0.134,9,5,0.1203999999999999,0.02930528962491,1,0.33910283609953834
2014-02-22 09:40:00,0.066,9,5,0.1071999999999999,0.0367042231902523,1,0.27323311371140624
2014-02-22 09:45:00,0.136,9,5,0.1075999999999999,0.037078295537954,1,0.2815133706001456
2014-02-22 09:50:00,0.132,9,5,0.1203999999999999,0.0304433900871742,1,0.334325887992856
2014-02-22 09:55:00,0.134,9,5,0.1203999999999999,0.0304433900871742,1,0.34227388381323215
2014-02-22 10:00:00,0.134,10,5,0.1203999999999999,0.0304433900871742,1,0.3418429351439515
2014-02-22 10:05:00,0.066,10,5,0.1203999999999999,0.0304433900871742,1,0.2678150835130262
2014-02-22 10:10:00,0.134,10,5,0.1199999999999999,0.0301993377410806,1,0.3406940816083676
2014-02-22 10:15:00,0.134,10,5,0.1203999999999999,0.0304105244939948,1,0.34075063094815766
2014-02-22 10:20:00,0.066,10,5,0.1067999999999999,0.0372451339103494,1,0.27007912263658274
2014-02-22 10:25:00,0.132,10,5,0.1063999999999999,0.0368890227574526,1,0.2903293609884918
2014-02-22 10:30:00,0.068,10,5,0.1067999999999999,0.0363483149540644,1,0.24282715433779295
2014-02-22 10:35:00,0.134,10,5,0.1067999999999999,0.0363483149540644,1,0.2997654648130376
2014-02-22 10:40:00,0.132,10,5,0.1063999999999999,0.0359833294735195,1,0.28886118355755885
2014-02-22 10:45:00,0.132,10,5,0.1195999999999999,0.028858274376682,1,0.33007169997757885
2014-02-22 10:50:00,0.066,10,5,0.1063999999999999,0.0359833294735195,1,0.2656446948848119
2014-02-22 10:55:00,0.134,10,5,0.1195999999999999,0.0299799933288828,1,0.3397485790480988
2014-02-22 11:00:00,0.136,11,5,0.1199999999999999,0.0302324329156596,1,0.31800624583146014
2014-02-22 11:05:00,0.134,11,5,0.1203999999999999,0.0304433900871742,1,0.342985090586994
2014-02-22 11:10:00,0.066,11,5,0.1071999999999999,0.0376191440625629,1,0.26057426693004593
2014-02-22 11:15:00,0.134,11,5,0.1207999999999999,0.0306463700950024,1,0.339072847073206
2014-02-22 11:20:00,0.132,11,5,0.1203999999999999,0.0304433900871742,1,0.3342282097663172
2014-02-22 11:25:00,0.132,11,5,0.1195999999999999,0.0299799933288828,1,0.33272261191996505
2014-02-22 11:30:00,0.066,11,5,0.1059999999999999,0.0365239647354974,1,0.26175939454811853
2014-02-22 11:35:00,0.132,11,5,0.1191999999999999,0.0297523108346202,1,0.32851196525421866
2014-02-22 11:40:00,0.134,11,5,0.1191999999999999,0.0297523108346202,1,0.3361040036514048
2014-02-22 11:45:00,0.134,11,5,0.1195999999999999,0.0299799933288828,1,0.34058311084947807
2014-02-22 11:50:00,0.066,11,5,0.1063999999999999,0.0368890227574526,1,0.26942479447698275
2014-02-22 11:55:00,0.132,11,5,0.1195999999999999,0.0299799933288828,1,0.33272261191996505
2014-02-22 12:00:00,0.132,12,5,0.1195999999999999,0.0299799933288828,1,0.33150112521297803
2014-02-22 12:05:00,0.134,12,5,0.1195999999999999,0.0299799933288828,1,0.3385740167792412
2014-02-22 12:10:00,0.066,12,5,0.1059999999999999,0.0365239647354974,1,0.2646242931255688
2014-02-22 12:15:00,0.134,12,5,0.1195999999999999,0.0299799933288828,1,0.3385740167792412
2014-02-22 12:20:00,0.134,12,5,0.1199999999999999,0.0301993377410807,1,0.3403191597419018
2014-02-22 12:25:00,0.066,12,5,0.1067999999999999,0.0372451339103494,1,0.27259459821895327
2014-02-22 12:30:00,0.134,12,5,0.1067999999999999,0.0372451339103494,1,0.28816221094918626
2014-02-22 12:35:00,0.132,12,5,0.1199999999999999,0.0301993377410807,1,0.3333422285124995
2014-02-22 12:40:00,0.068,12,5,0.1067999999999999,0.0363483149540644,1,0.23569756047321883
2014-02-22 12:45:00,0.134,12,5,0.1067999999999999,0.0363483149540644,1,0.29082160695135195
2014-02-22 12:50:00,0.134,12,5,0.1203999999999999,0.02930528962491,1,0.33718929046156737
2014-02-22 12:55:00,0.136,12,5,0.1207999999999999,0.0295499576987829,1,0.30869995239430603
2014-02-22 13:00:00,0.066,13,5,0.1075999999999999,0.037078295537954,1,0.261005436727651
2014-02-22 13:05:00,0.134,13,5,0.1207999999999999,0.0306463700950024,1,0.3339869018721938
2014-02-22 13:10:00,0.132,13,5,0.1203999999999999,0.0304433900871742,1,0.3269464589327925
2014-02-22 13:15:00,0.132,13,5,0.1199999999999999,0.0302324329156596,1,0.3281376283000195
2014-02-22 13:20:00,0.066,13,5,0.1059999999999999,0.0365239647354974,1,0.26029735068966187
2014-02-22 13:25:00,0.134,13,5,0.1195999999999999,0.0299799933288828,1,0.3359504882260934
2014-02-22 13:30:00,0.134,13,5,0.1195999999999999,0.0299799933288828,1,0.3359504882260934
2014-02-22 13:35:00,0.136,13,5,0.1203999999999999,0.0304433900871742,1,0.3132599204929229
2014-02-22 13:40:00,0.066,13,5,0.1071999999999999,0.0376191440625629,1,0.25742775022556413
2014-02-22 13:45:00,0.134,13,5,0.1207999999999999,0.0306463700950024,1,0.3339869018721938
2014-02-22 13:50:00,0.136,13,5,0.1211999999999999,0.0308739372286701,1,0.3085363395455228
2014-02-22 13:55:00,0.136,13,5,0.1215999999999999,0.0310934076614298,1,0.30478040998424444
2014-02-22 14:00:00,0.066,14,5,0.1075999999999999,0.0379842072445886,1,0.24592910002421098
2014-02-22 14:05:00,0.132,14,5,0.1207999999999999,0.0306789830339902,1,0.3185844380058425
2014-02-22 14:10:00,0.132,14,5,0.1203999999999999,0.0304762202380784,1,0.3231872228241192
2014-02-22 14:15:00,0.066,14,5,0.1063999999999999,0.0369161211396845,1,0.259246949504143
2014-02-22 14:20:00,0.132,14,5,0.1055999999999999,0.036149688795339,1,0.26352729133158076
2014-02-22 14:25:00,0.134,14,5,0.1191999999999999,0.0297523108346202,1,0.32996090281224416
2014-02-22 14:30:00,0.068,14,5,0.1063999999999999,0.0359833294735195,1,0.22145793969725036
2014-02-22 14:35:00,0.134,14,5,0.1067999999999999,0.0363483149540644,1,0.28018843794335857
2014-02-22 14:40:00,0.066,14,5,0.1067999999999999,0.0363483149540644,1,0.26403737602814015
2014-02-22 14:45:00,0.132,14,5,0.1067999999999999,0.0363483149540644,1,0.2716687650130993
2014-02-22 14:50:00,0.132,14,5,0.1063999999999999,0.0359833294735195,1,0.2672026530131017
2014-02-22 14:55:00,0.2019999999999999,14,5,0.1331999999999999,0.0480957378569022,1,0.16802716702917198
2014-02-22 15:00:00,0.134,15,5,0.1331999999999999,0.0480957378569022,1,0.2477948805955919
2014-02-22 15:05:00,0.134,15,5,0.1467999999999999,0.03087393722867,1,0.25527942905704604
2014-02-22 15:10:00,0.134,15,5,0.1471999999999999,0.0306463700950024,1,0.2543921071927221
2014-02-22 15:15:00,0.134,15,5,0.1475999999999999,0.0304105244939948,1,0.2571275819952512
2014-02-22 15:20:00,0.066,15,5,0.1203999999999999,0.0304105244939971,1,0.25922493079578296
2014-02-22 15:25:00,0.134,15,5,0.1203999999999999,0.0304105244939971,1,0.33649690104573227
2014-02-22 15:30:00,0.134,15,5,0.1203999999999999,0.0304105244939971,1,0.33649690104573227
2014-02-22 15:35:00,0.066,15,5,0.1067999999999999,0.0372451339103513,1,0.2590924091024408
2014-02-22 15:40:00,0.132,15,5,0.1063999999999999,0.0368890227574545,1,0.26730288437588606
2014-02-22 15:45:00,0.134,15,5,0.1199999999999999,0.030199337741083,1,0.335304361317551
2014-02-22 15:50:00,0.068,15,5,0.1067999999999999,0.0363483149540663,1,0.22324417321939427
2014-02-22 15:55:00,0.134,15,5,0.1067999999999999,0.0363483149540663,1,0.2803315997961276
2014-02-22 16:00:00,0.134,16,5,0.1203999999999999,0.0293052896249124,1,0.33206239101850626
2014-02-22 16:05:00,0.134,16,5,0.1207999999999999,0.0295160973029972,1,0.3292247712964935
2014-02-22 16:10:00,0.068,16,5,0.1075999999999999,0.0361496887953409,1,0.21048472223658765
2014-02-22 16:15:00,0.134,16,5,0.1207999999999999,0.0295160973029972,1,0.3292247712964935
2014-02-22 16:20:00,0.132,16,5,0.1203999999999999,0.0293052896249124,1,0.3193928206162969
2014-02-22 16:25:00,0.134,16,5,0.1203999999999999,0.0293052896249124,1,0.33206239101850626
2014-02-22 16:30:00,0.066,16,5,0.1067999999999999,0.0363483149540663,1,0.2611086719681012
2014-02-22 16:35:00,0.132,16,5,0.1195999999999999,0.0299799933288851,1,0.3186006121834013
2014-02-22 16:40:00,0.066,16,5,0.1059999999999999,0.0365239647354993,1,0.2517716046782786
2014-02-22 16:45:00,0.134,16,5,0.1063999999999999,0.0368890227574545,1,0.2718677882684939
2014-02-22 16:50:00,0.132,16,5,0.1059999999999999,0.0365239647354993,1,0.26572824933503464
2014-02-22 16:55:00,0.134,16,5,0.1195999999999999,0.0299799933288851,1,0.33034070048761327
2014-02-22 17:00:00,0.134,17,5,0.1199999999999999,0.030199337741083,1,0.33605380078315994
2014-02-22 17:05:00,0.136,17,5,0.1339999999999999,0.0014142135623733,1,0.23531527262045493
2014-02-22 17:10:00,0.066,17,5,0.1203999999999999,0.0304433900871765,1,0.2577498747613654
2014-02-22 17:15:00,0.134,17,5,0.1207999999999999,0.0306463700950047,1,0.3307177152245244
2014-02-22 17:20:00,0.136,17,5,0.1211999999999999,0.0308739372286723,1,0.3051933873201285
2014-02-22 17:25:00,0.134,17,5,0.1211999999999999,0.0308739372286723,1,0.3305596546894649
2014-02-22 17:30:00,0.134,17,5,0.1207999999999999,0.0306463700950047,1,0.3307177152245244
2014-02-22 17:35:00,0.134,17,5,0.1343999999999999,0.0008944271910008,1,0.24754024863275143
2014-02-22 17:40:00,0.134,17,5,0.1344,0.0008944271910008,1,0.24754024863275143
2014-02-22 17:45:00,0.066,17,5,0.1203999999999999,0.0304105244939971,1,0.25641717666611297
2014-02-22 17:50:00,0.134,17,5,0.1203999999999999,0.0304105244939971,1,0.33490000756731386
2014-02-22 17:55:00,0.134,17,5,0.1203999999999999,0.0304105244939971,1,0.33490000756731386
2014-02-22 18:00:00,0.134,18,5,0.1203999999999999,0.0304105244939971,1,0.33037001942423366
2014-02-22 18:05:00,0.066,18,5,0.1067999999999999,0.0372451339103512,1,0.25227099987914725
2014-02-22 18:10:00,0.134,18,5,0.1203999999999999,0.0304105244939971,1,0.33037001942423366
2014-02-22 18:15:00,0.132,18,5,0.1199999999999999,0.030199337741083,1,0.31817673981389477
2014-02-22 18:20:00,0.066,18,5,0.1063999999999999,0.0368890227574545,1,0.2523705709777607
2014-02-22 18:25:00,0.134,18,5,0.1063999999999999,0.0368890227574545,1,0.2734526394383727
2014-02-22 18:30:00,0.134,18,5,0.1199999999999999,0.030199337741083,1,0.33079860661259014
2014-02-22 18:35:00,0.066,18,5,0.1063999999999999,0.0368890227574545,1,0.2523705709777607
2014-02-22 18:40:00,0.132,18,5,0.1063999999999999,0.0368890227574545,1,0.2616049914682777
2014-02-22 18:45:00,0.068,18,5,0.1067999999999999,0.0363483149540663,1,0.2170695948968443
2014-02-22 18:50:00,0.132,18,5,0.1063999999999999,0.0359833294735214,1,0.2617886316103293
2014-02-22 18:55:00,0.134,18,5,0.1063999999999999,0.0359833294735214,1,0.2727626806797259
2014-02-22 19:00:00,0.134,19,5,0.1199999999999999,0.0290860791444979,1,0.32890666690214293
2014-02-22 19:05:00,0.066,19,5,0.1067999999999999,0.0363483149540663,1,0.2512213028664366
2014-02-22 19:10:00,0.134,19,5,0.1199999999999999,0.030199337741083,1,0.33299471514456364
2014-02-22 19:15:00,0.134,19,5,0.1203999999999999,0.0304105244939971,1,0.3316391260007553
2014-02-22 19:20:00,0.134,19,5,0.1203999999999999,0.0304105244939971,1,0.3316391260007553
2014-02-22 19:25:00,0.066,19,5,0.1067999999999999,0.0372451339103512,1,0.2479189971419588
2014-02-22 19:30:00,0.134,19,5,0.1203999999999999,0.0304105244939971,1,0.3316391260007553
2014-02-22 19:35:00,0.134,19,5,0.1203999999999999,0.0304105244939971,1,0.3316391260007553
2014-02-22 19:40:00,0.134,19,5,0.1203999999999999,0.0304105244939971,1,0.3316391260007553
2014-02-22 19:45:00,0.066,19,5,0.1067999999999999,0.0372451339103512,1,0.2479189971419588
2014-02-22 19:50:00,0.134,19,5,0.1203999999999999,0.0304105244939971,1,0.3316391260007553
2014-02-22 19:55:00,0.134,19,5,0.1203999999999999,0.0304105244939971,1,0.3316391260007553
2014-02-22 20:00:00,0.134,20,5,0.1203999999999999,0.0304105244939971,1,0.3226687971966033
2014-02-22 20:05:00,0.066,20,5,0.1067999999999999,0.0372451339103512,1,0.24138206554319913
2014-02-22 20:10:00,0.134,20,5,0.1203999999999999,0.0304105244939971,1,0.3226687971966033
2014-02-22 20:15:00,0.134,20,5,0.1203999999999999,0.0304105244939971,1,0.3226687971966033
2014-02-22 20:20:00,0.134,20,5,0.1203999999999999,0.0304105244939971,1,0.3226687971966033
2014-02-22 20:25:00,0.068,20,5,0.1071999999999999,0.0367042231902542,1,0.20693140853316072
2014-02-22 20:30:00,0.134,20,5,0.1207999999999999,0.0295160973029972,1,0.3183500756421764
2014-02-22 20:35:00,0.132,20,5,0.1203999999999999,0.0293052896249124,1,0.3071231627139999
2014-02-22 20:40:00,0.068,20,5,0.1071999999999999,0.035793854221081,1,0.20539076057221106
2014-02-22 20:45:00,0.134,20,5,0.1071999999999999,0.035793854221081,1,0.26623870904736746
2014-02-22 20:50:00,0.134,20,5,0.1203999999999999,0.0293052896249124,1,0.3197780301386263
2014-02-22 20:55:00,0.132,20,5,0.1199999999999999,0.0290860791444979,1,0.30704178209277755
2014-02-22 21:00:00,0.066,21,5,0.1067999999999999,0.0363483149540663,1,0.2379537121891127
2014-02-22 21:05:00,0.134,21,5,0.1199999999999999,0.030199337741083,1,0.320406907388007
2014-02-22 21:10:00,0.134,21,5,0.1199999999999999,0.030199337741083,1,0.320406907388007
2014-02-22 21:15:00,0.068,21,5,0.1067999999999999,0.0363483149540663,1,0.202557628613242
2014-02-22 21:20:00,0.134,21,5,0.1071999999999999,0.0367042231902542,1,0.2613035482130365
2014-02-22 21:25:00,0.134,21,5,0.1207999999999999,0.0295160973029972,1,0.3142158142981021
2014-02-22 21:30:00,0.066,21,5,0.1071999999999999,0.0367042231902542,1,0.2339894186640994
2014-02-22 21:35:00,0.132,21,5,0.1067999999999999,0.0363483149540663,1,0.24865529629215938
2014-02-22 21:40:00,0.134,21,5,0.1199999999999999,0.030199337741083,1,0.320406907388007
2014-02-22 21:45:00,0.066,21,5,0.1063999999999999,0.0368890227574545,1,0.23473346023358288
2014-02-22 21:50:00,0.132,21,5,0.1059999999999999,0.0365239647354993,1,0.2463721053952388
2014-02-22 21:55:00,0.132,21,5,0.1191999999999999,0.0297523108346226,1,0.3038128675343111
2014-02-22 22:00:00,0.132,22,5,0.1191999999999999,0.0297523108346226,1,0.29837517273688435
2014-02-22 22:05:00,0.134,22,5,0.1191999999999999,0.0297523108346226,1,0.3074132654431368
2014-02-22 22:10:00,0.066,22,5,0.1191999999999999,0.0297523108346226,1,0.22444686807451297
2014-02-22 22:15:00,0.134,22,5,0.1195999999999999,0.0299799933288852,1,0.31039021355900154
2014-02-22 22:20:00,0.132,22,5,0.1195999999999999,0.0299799933288852,1,0.3010330860430508
2014-02-22 22:25:00,0.134,22,5,0.1199999999999999,0.030199337741083,1,0.31579299557199275
2014-02-22 22:30:00,0.066,22,5,0.1063999999999999,0.0368890227574545,1,0.23016801778983031
2014-02-22 22:35:00,0.134,22,5,0.1199999999999999,0.030199337741083,1,0.31579299557199275
2014-02-22 22:40:00,0.134,22,5,0.1199999999999999,0.030199337741083,1,0.31579299557199275
2014-02-22 22:45:00,0.132,22,5,0.1199999999999999,0.030199337741083,1,0.3066245895532476
2014-02-22 22:50:00,0.132,22,5,0.1195999999999999,0.0299799933288852,1,0.3010330860430508
2014-02-22 22:55:00,0.134,22,5,0.1331999999999999,0.0010954451150117,1,0.23400688814362958
2014-02-22 23:00:00,0.068,23,5,0.1199999999999999,0.029086079144498,1,0.1887129867409315
2014-02-22 23:05:00,0.134,23,5,0.1199999999999999,0.029086079144498,1,0.29067802571150025
2014-02-22 23:10:00,0.132,23,5,0.1199999999999999,0.029086079144498,1,0.2825902284593303
2014-02-22 23:15:00,0.066,23,5,0.1067999999999999,0.0363483149540663,1,0.22237235983417858
2014-02-22 23:20:00,0.134,23,5,0.1067999999999999,0.0363483149540663,1,0.23985721221588646
2014-02-22 23:25:00,0.132,23,5,0.1195999999999999,0.0299799933288852,1,0.28399788691583766
2014-02-22 23:30:00,0.132,23,5,0.1191999999999999,0.0297523108346226,1,0.28083610251221247
2014-02-22 23:35:00,0.066,23,5,0.1059999999999999,0.0365239647354993,1,0.21204568774949417
2014-02-22 23:40:00,0.132,23,5,0.1191999999999999,0.0297523108346226,1,0.28083610251221247
2014-02-22 23:45:00,0.134,23,5,0.1191999999999999,0.0297523108346226,1,0.28886230184080114
2014-02-22 23:50:00,0.134,23,5,0.1195999999999999,0.0299799933288852,1,0.29235826383945523
2014-02-22 23:55:00,0.132,23,5,0.1195999999999999,0.0299799933288852,1,0.28399788691583766
2014-02-23 00:00:00,0.066,0,6,0.1195999999999999,0.0299799933288852,1,0.204543794047375
2014-02-23 00:05:00,0.132,0,6,0.1195999999999999,0.0299799933288852,1,0.26204699534029596
2014-02-23 00:10:00,0.066,0,6,0.1059999999999999,0.0365239647354993,1,0.2040190192892295
2014-02-23 00:15:00,0.2,0,6,0.1191999999999999,0.0559392527658352,1,0.13190868681124046
2014-02-23 00:20:00,0.132,0,6,0.1191999999999999,0.0559392527658352,1,0.19722393001588
2014-02-23 00:25:00,0.134,0,6,0.1327999999999999,0.0473835414463714,1,0.20805050696638927
2014-02-23 00:30:00,0.132,0,6,0.1327999999999999,0.0473835414463714,1,0.1994413947301722
2014-02-23 00:35:00,0.066,0,6,0.1327999999999999,0.0473835414463714,1,0.1506193282416357
2014-02-23 00:40:00,0.134,0,6,0.1195999999999999,0.0299799933288852,1,0.2780967300485499
2014-02-23 00:45:00,0.066,0,6,0.1063999999999999,0.0368890227574545,1,0.2135981173161573
2014-02-23 00:50:00,0.132,0,6,0.1059999999999999,0.0365239647354993,1,0.2264939632340891
2014-02-23 00:55:00,0.134,0,6,0.1063999999999999,0.0368890227574545,1,0.24200194479339138
2014-02-23 01:00:00,0.134,1,6,0.1199999999999999,0.030199337741083,1,0.29297361304068964
2014-02-23 01:05:00,0.134,1,6,0.1199999999999999,0.030199337741083,1,0.29297361304068964
2014-02-23 01:10:00,0.068,1,6,0.1203999999999999,0.0293052896249124,1,0.1958257064024892
2014-02-23 01:15:00,0.2019999999999999,1,6,0.1343999999999999,0.0473793203834753,1,0.1328529171000219
2014-02-23 01:20:00,0.066,1,6,0.1207999999999999,0.0564198546612803,1,0.159572968659624
2014-02-23 01:25:00,0.134,1,6,0.1207999999999999,0.0564198546612803,1,0.21964702727268703
2014-02-23 01:30:00,0.134,1,6,0.1207999999999999,0.0564198546612803,1,0.21964702727268703
2014-02-23 01:35:00,0.068,1,6,0.1207999999999999,0.0564198546612803,1,0.15115643651541966
2014-02-23 01:40:00,0.136,1,6,0.1075999999999999,0.0370782955379559,1,0.2412525493239206
2014-02-23 01:45:00,0.132,1,6,0.1207999999999999,0.0295499576987853,1,0.2719415850992569
2014-02-23 01:50:00,0.066,1,6,0.1071999999999999,0.0367314579073578,1,0.22187291950346122
2014-02-23 01:55:00,0.198,1,6,0.1199999999999999,0.0550090901579002,1,0.1468150330094008
2014-02-23 02:00:00,0.066,2,6,0.1195999999999999,0.0554869353992451,1,0.17262578602331713
2014-02-23 02:05:00,0.132,2,6,0.1187999999999999,0.055219561751249,1,0.21689414275275787
2014-02-23 02:10:00,0.132,2,6,0.1187999999999999,0.055219561751249,1,0.21689414275275787
2014-02-23 02:15:00,0.136,2,6,0.1327999999999999,0.0467033189398783,1,0.21444667160405484
2014-02-23 02:20:00,0.134,2,6,0.1199999999999999,0.0302324329156619,1,0.3005665794104182
2014-02-23 02:25:00,0.068,2,6,0.1203999999999999,0.0293393933134276,1,0.20108934334952877
2014-02-23 02:30:00,0.134,2,6,0.1207999999999999,0.0295499576987853,1,0.2962043939503501
2014-02-23 02:35:00,0.066,2,6,0.1075999999999999,0.0370782955379559,1,0.23100982691388583
2014-02-23 02:40:00,0.134,2,6,0.1071999999999999,0.0367042231902542,1,0.27021559075802537
2014-02-23 02:45:00,0.134,2,6,0.1071999999999999,0.0367042231902542,1,0.27021559075802537
2014-02-23 02:50:00,0.066,2,6,0.1067999999999999,0.0372451339103513,1,0.23070667960109004
2014-02-23 02:55:00,0.132,2,6,0.1063999999999999,0.0368890227574545,1,0.2551060906718991
2014-02-23 03:00:00,0.134,3,6,0.1199999999999999,0.030199337741083,1,0.3045161405124449
2014-02-23 03:05:00,0.134,3,6,0.1199999999999999,0.030199337741083,1,0.3045161405124449
2014-02-23 03:10:00,0.066,3,6,0.1063999999999999,0.0368890227574545,1,0.2376782860233479
2014-02-23 03:15:00,0.134,3,6,0.1199999999999999,0.030199337741083,1,0.3045161405124449
2014-02-23 03:20:00,0.136,3,6,0.1207999999999999,0.0306463700950047,1,0.28065308420947066
2014-02-23 03:25:00,0.068,3,6,0.1075999999999999,0.0370782955379559,1,0.21389924602125954
2014-02-23 03:30:00,0.134,3,6,0.1075999999999999,0.0370782955379559,1,0.2709017083380139
2014-02-23 03:35:00,1.444,3,6,0.3831999999999999,0.5937080090414816,-1,-0.045525783941754105
2014-02-23 03:40:00,0.066,3,6,0.3695999999999999,0.6015702785211384,-1,-0.011278634291581935
2014-02-23 03:45:00,0.134,3,6,0.3691999999999999,0.6017650704386223,-1,-0.0025301001458948313
2014-02-23 03:50:00,0.136,3,6,0.3827999999999999,0.5939740735082635,-1,-0.006531133994516103
2014-02-23 03:55:00,0.134,3,6,0.3827999999999999,0.5939740735082635,-1,-0.0030275702974267293
2014-02-23 04:00:00,0.068,4,6,0.1075999999999999,0.0370782955379572,1,0.21744399757679
2014-02-23 04:05:00,0.132,4,6,0.1207999999999999,0.0295499576987869,1,0.2888866050965104
2014-02-23 04:10:00,0.066,4,6,0.1071999999999999,0.0367314579073592,1,0.2435441485772445
2014-02-23 04:15:00,0.134,4,6,0.1067999999999999,0.0363483149540677,1,0.2761722773255194
2014-02-23 04:20:00,0.134,4,6,0.1067999999999999,0.0363483149540677,1,0.2761722773255194
2014-02-23 04:25:00,0.066,4,6,0.1063999999999999,0.0368890227574559,1,0.24361455889967387
2014-02-23 04:30:00,0.134,4,6,0.1067999999999999,0.0372451339103526,1,0.271557755067972
2014-02-23 04:35:00,0.068,4,6,0.1071999999999999,0.0367042231902556,1,0.21894963102896126
2014-02-23 04:40:00,0.134,4,6,0.1071999999999999,0.0367042231902556,1,0.2741242799029313
2014-02-23 04:45:00,0.132,4,6,0.1067999999999999,0.0363483149540677,1,0.26779974446799454
2014-02-23 04:50:00,0.066,4,6,0.1067999999999999,0.0363483149540677,1,0.24705831300604947
2014-02-23 04:55:00,0.134,4,6,0.1067999999999999,0.0363483149540677,1,0.2761722773255194
2014-02-23 05:00:00,0.134,5,6,0.1199999999999999,0.0301993377410846,1,0.3137010871472039
2014-02-23 05:05:00,0.134,5,6,0.1199999999999999,0.0301993377410846,1,0.3137010871472039
2014-02-23 05:10:00,0.066,5,6,0.1067999999999999,0.0372451339103526,1,0.2561690845700436
2014-02-23 05:15:00,0.134,5,6,0.1203999999999999,0.0304105244939987,1,0.3135369239517048
2014-02-23 05:20:00,0.066,5,6,0.1067999999999999,0.0372451339103526,1,0.2561690845700436
2014-02-23 05:25:00,0.134,5,6,0.1067999999999999,0.0372451339103526,1,0.28427614482855423
2014-02-23 05:30:00,0.066,5,6,0.0931999999999999,0.0372451339103526,1,0.21711741043809918
2014-02-23 05:35:00,0.134,5,6,0.1067999999999999,0.0372451339103526,1,0.28427614482855423
2014-02-23 05:40:00,0.134,5,6,0.1067999999999999,0.0372451339103526,1,0.28427614482855423
2014-02-23 05:45:00,0.066,5,6,0.1067999999999999,0.0372451339103526,1,0.2561690845700436
2014-02-23 05:50:00,0.134,5,6,0.1067999999999999,0.0372451339103526,1,0.28427614482855423
2014-02-23 05:55:00,0.132,5,6,0.1199999999999999,0.0301993377410846,1,0.3015101993136044
2014-02-23 06:00:00,0.066,6,6,0.1063999999999999,0.0368890227574559,1,0.255420145096561
2014-02-23 06:05:00,0.134,6,6,0.1063999999999999,0.0368890227574559,1,0.2814787325481563
2014-02-23 06:10:00,0.134,6,6,0.1199999999999999,0.0301993377410846,1,0.3186263181679566
2014-02-23 06:15:00,0.066,6,6,0.1063999999999999,0.0368890227574559,1,0.255420145096561
2014-02-23 06:20:00,0.134,6,6,0.1067999999999999,0.0372451339103526,1,0.28351994741852676
2014-02-23 06:25:00,0.134,6,6,0.1203999999999999,0.0304105244939987,1,0.3181838692659169
2014-02-23 06:30:00,0.068,6,6,0.1071999999999999,0.0367042231902556,1,0.23012821306321407
2014-02-23 06:35:00,0.134,6,6,0.1071999999999999,0.0367042231902556,1,0.2863582852759884
2014-02-23 06:40:00,0.134,6,6,0.1207999999999999,0.0295160973029989,1,0.31323476029206765
2014-02-23 06:45:00,0.068,6,6,0.1075999999999999,0.0361496887953423,1,0.2264906591386091
2014-02-23 06:50:00,0.134,6,6,0.1075999999999999,0.0361496887953423,1,0.2835882071998788
2014-02-23 06:55:00,0.198,6,6,0.1335999999999999,0.0459652042310278,1,0.16462720743213022
2014-02-23 07:00:00,0.066,7,6,0.1199999999999999,0.054990908339471,1,0.17689973375346668
2014-02-23 07:05:00,0.134,7,6,0.1199999999999999,0.054990908339471,1,0.23687533889754137
2014-02-23 07:10:00,0.066,7,6,0.1195999999999999,0.0554689102110371,1,0.17533608205246964
2014-02-23 07:15:00,0.134,7,6,0.1195999999999999,0.0554689102110371,1,0.23467965081925557
2014-02-23 07:20:00,0.066,7,6,0.0931999999999999,0.0372451339103526,1,0.21388872801906345
2014-02-23 07:25:00,0.134,7,6,0.1067999999999999,0.0372451339103526,1,0.2794947321391176
2014-02-23 07:30:00,0.066,7,6,0.0931999999999999,0.0372451339103526,1,0.21388872801906345
2014-02-23 07:35:00,0.134,7,6,0.1067999999999999,0.0372451339103526,1,0.2794947321391176
2014-02-23 07:40:00,0.134,7,6,0.1067999999999999,0.0372451339103526,1,0.2794947321391176
2014-02-23 07:45:00,0.066,7,6,0.1067999999999999,0.0372451339103526,1,0.2537347886625177
2014-02-23 07:50:00,0.132,7,6,0.1063999999999999,0.0368890227574559,1,0.27018945853633763
2014-02-23 07:55:00,0.134,7,6,0.1199999999999999,0.0301993377410846,1,0.31927211487858026
2014-02-23 08:00:00,0.134,8,6,0.1199999999999999,0.0301993377410846,1,0.31823164130798093
2014-02-23 08:05:00,0.134,8,6,0.1199999999999999,0.0301993377410846,1,0.31823164130798093
2014-02-23 08:10:00,0.066,8,6,0.1199999999999999,0.0301993377410846,1,0.24390915640788136
2014-02-23 08:15:00,0.134,8,6,0.1203999999999999,0.0304105244939987,1,0.31829143276659366
2014-02-23 08:20:00,0.136,8,6,0.1207999999999999,0.0306463700950063,1,0.2902689706813209
2014-02-23 08:25:00,0.066,8,6,0.1071999999999999,0.037619144062566,1,0.24443575058656858
2014-02-23 08:30:00,0.132,8,6,0.1067999999999999,0.0372719733848384,1,0.2655482927399704
2014-02-23 08:35:00,0.066,8,6,0.1067999999999999,0.0372719733848384,1,0.2509702710796569
2014-02-23 08:40:00,0.132,8,6,0.1063999999999999,0.0369161211396877,1,0.26634428527195786
2014-02-23 08:45:00,0.134,8,6,0.1059999999999999,0.0365239647355007,1,0.2744953982929912
2014-02-23 08:50:00,0.068,8,6,0.1063999999999999,0.0359833294735229,1,0.21956672903375152
2014-02-23 08:55:00,0.132,8,6,0.1063999999999999,0.0359833294735229,1,0.26700325408246905
2014-02-23 09:00:00,0.134,9,6,0.1199999999999999,0.0290860791444996,1,0.31559980470251237
2014-02-23 09:05:00,0.066,9,6,0.1067999999999999,0.0363483149540677,1,0.2568024313949048
2014-02-23 09:10:00,0.134,9,6,0.1067999999999999,0.0363483149540677,1,0.28247210390424055
2014-02-23 09:15:00,0.134,9,6,0.1199999999999999,0.0301993377410846,1,0.31994045187085507
2014-02-23 09:20:00,0.134,9,6,0.1203999999999999,0.0304105244939987,1,0.3199999966881049
2014-02-23 09:25:00,0.066,9,6,0.1067999999999999,0.0372451339103526,1,0.24911642406258927
2014-02-23 09:30:00,0.134,9,6,0.1203999999999999,0.0304105244939987,1,0.3199999966881049
2014-02-23 09:35:00,0.068,9,6,0.1071999999999999,0.0367042231902556,1,0.22411235951538355
2014-02-23 09:40:00,0.134,9,6,0.1071999999999999,0.0367042231902556,1,0.2801994880136235
2014-02-23 09:45:00,0.134,9,6,0.1071999999999999,0.0367042231902556,1,0.2801994880136235
2014-02-23 09:50:00,0.066,9,6,0.1071999999999999,0.0367042231902556,1,0.25139145777219746
2014-02-23 09:55:00,0.132,9,6,0.1067999999999999,0.0363483149540677,1,0.27455611507439226
2014-02-23 10:00:00,0.134,10,6,0.1199999999999999,0.0301993377410846,1,0.31991122775430425
2014-02-23 10:05:00,0.066,10,6,0.1063999999999999,0.0368890227574559,1,0.24972858158884131
2014-02-23 10:10:00,0.132,10,6,0.1059999999999999,0.0365239647355007,1,0.2673757984067247
2014-02-23 10:15:00,0.134,10,6,0.1195999999999999,0.0299799933288868,1,0.319189610017194
2014-02-23 10:20:00,0.066,10,6,0.1063999999999999,0.0368890227574559,1,0.24972858158884131
2014-02-23 10:25:00,0.132,10,6,0.1059999999999999,0.0365239647355007,1,0.2673757984067247
2014-02-23 10:30:00,0.132,10,6,0.1191999999999999,0.0297523108346242,1,0.3052424719589575
2014-02-23 10:35:00,0.136,10,6,0.1199999999999999,0.0302324329156636,1,0.29580830563001076
2014-02-23 10:40:00,0.068,10,6,0.1067999999999999,0.0363758161420483,1,0.22818197884868285
2014-02-23 10:45:00,0.134,10,6,0.1203999999999999,0.0293393933134292,1,0.3159123921046137
2014-02-23 10:50:00,0.134,10,6,0.1207999999999999,0.0295499576987869,1,0.3136016982568945
2014-02-23 10:55:00,0.132,10,6,0.1207999999999999,0.0295499576987869,1,0.30400478173166645
2014-02-23 11:00:00,0.068,11,6,0.1071999999999999,0.0357938542210824,1,0.21595416057491013
2014-02-23 11:05:00,0.132,11,6,0.1199999999999999,0.0290860791444996,1,0.3068209005334763
2014-02-23 11:10:00,0.132,11,6,0.1195999999999999,0.0288582743766861,1,0.30542985705734693
2014-02-23 11:15:00,0.134,11,6,0.1195999999999999,0.0288582743766861,1,0.3152674959159951
2014-02-23 11:20:00,0.066,11,6,0.1063999999999999,0.0359833294735228,1,0.2439635072090081
2014-02-23 11:25:00,0.134,11,6,0.1195999999999999,0.0299799933288868,1,0.3196116031052719
2014-02-23 11:30:00,0.2019999999999999,11,6,0.1335999999999999,0.0480915793044904,1,0.16089571034506156
2014-02-23 11:35:00,0.066,11,6,0.1203999999999999,0.0568928818043179,1,0.1798251237604387
2014-02-23 11:40:00,0.134,11,6,0.1203999999999999,0.0568928818043179,1,0.23869689237986513
2014-02-23 11:45:00,0.068,11,6,0.1207999999999999,0.0564198546612812,1,0.16797347394436923
2014-02-23 11:50:00,0.134,11,6,0.1207999999999999,0.0564198546612812,1,0.23847124425865923
2014-02-23 11:55:00,0.134,11,6,0.1071999999999999,0.0367042231902556,1,0.27404431412004865
2014-02-23 12:00:00,0.134,12,6,0.1207999999999999,0.0295160973029989,1,0.31531047546770363
2014-02-23 12:05:00,0.066,12,6,0.1071999999999999,0.0367042231902556,1,0.25249762281605764
2014-02-23 12:10:00,0.134,12,6,0.1203999999999999,0.0304105244939987,1,0.3216535722807146
2014-02-23 12:15:00,0.136,12,6,0.1207999999999999,0.0306463700950063,1,0.2915233940270327
2014-02-23 12:20:00,0.068,12,6,0.1075999999999999,0.0370782955379572,1,0.21778473641070661
2014-02-23 12:25:00,0.2019999999999999,12,6,0.1211999999999999,0.0565437883414269,1,0.15467905123601278
2014-02-23 12:30:00,0.066,12,6,0.1211999999999999,0.0565437883414269,1,0.17758963635822522
2014-02-23 12:35:00,0.134,12,6,0.1211999999999999,0.0565437883414269,1,0.2396690069477097
2014-02-23 12:40:00,0.132,12,6,0.1203999999999999,0.0563098570411974,1,0.23362754837206667
2014-02-23 12:45:00,0.068,12,6,0.1203999999999999,0.0563098570411974,1,0.16852647966388135
2014-02-23 12:50:00,0.2,12,6,0.1199999999999999,0.05558776843875,1,0.16346068748329323
2014-02-23 12:55:00,0.066,12,6,0.1199999999999999,0.05558776843875,1,0.18377151304543815
2014-02-23 13:00:00,0.134,13,6,0.1199999999999999,0.05558776843875,1,0.23564462858359703
2014-02-23 13:05:00,0.134,13,6,0.1203999999999999,0.0557027826953025,1,0.23504367003392018
2014-02-23 13:10:00,0.132,13,6,0.1331999999999999,0.0473835414463724,1,0.22298604068794603
2014-02-23 13:15:00,0.066,13,6,0.1063999999999999,0.0368890227574559,1,0.24871582669015535
2014-02-23 13:20:00,0.132,13,6,0.1195999999999999,0.0299799933288868,1,0.3084471586995003
2014-02-23 13:25:00,0.136,13,6,0.1199999999999999,0.0302324329156635,1,0.2933392860000867
2014-02-23 13:30:00,0.068,13,6,0.1067999999999999,0.0363758161420482,1,0.22033113541338367
2014-02-23 13:35:00,0.132,13,6,0.1067999999999999,0.0363758161420482,1,0.263420924629975
2014-02-23 13:40:00,0.136,13,6,0.1207999999999999,0.0295837793393626,1,0.2871110724781263
2014-02-23 13:45:00,0.066,13,6,0.1075999999999999,0.0371052556924231,1,0.24681674123542469
2014-02-23 13:50:00,0.136,13,6,0.1075999999999999,0.0371052556924231,1,0.24581721527629768
2014-02-23 13:55:00,0.134,13,6,0.1207999999999999,0.0306789830339941,1,0.3143926616326446
2014-02-23 14:00:00,0.134,14,6,0.1211999999999999,0.0308739372286739,1,0.3103314524433102
2014-02-23 14:05:00,0.134,14,6,0.1207999999999999,0.0306463700950063,1,0.31208248763755364
2014-02-23 14:10:00,0.066,14,6,0.1207999999999999,0.0306463700950063,1,0.23335083614119256
2014-02-23 14:15:00,0.134,14,6,0.1203999999999999,0.0304105244939987,1,0.3178296952922792
2014-02-23 14:20:00,0.134,14,6,0.1203999999999999,0.0304105244939987,1,0.3178296952922792
2014-02-23 14:25:00,0.134,14,6,0.1203999999999999,0.0304105244939987,1,0.3178296952922792
2014-02-23 14:30:00,0.134,14,6,0.1203999999999999,0.0304105244939987,1,0.3178296952922792
2014-02-23 14:35:00,0.066,14,6,0.1203999999999999,0.0304105244939971,1,0.23929194974503704
2014-02-23 14:40:00,0.134,14,6,0.1203999999999999,0.0304105244939971,1,0.3178296952922792
2014-02-23 14:45:00,0.134,14,6,0.1203999999999999,0.0304105244939971,1,0.3178296952922792
2014-02-23 14:50:00,0.066,14,6,0.1067999999999999,0.0372451339103513,1,0.24066488803978547
2014-02-23 14:55:00,0.134,14,6,0.1067999999999999,0.0372451339103513,1,0.26055588327082396
2014-02-23 15:00:00,0.132,15,6,0.1199999999999999,0.030199337741083,1,0.3054982515790023
2014-02-23 15:05:00,0.134,15,6,0.1199999999999999,0.030199337741083,1,0.3160331241284853
2014-02-23 15:10:00,0.066,15,6,0.1063999999999999,0.0368890227574545,1,0.23404919103833804
2014-02-23 15:15:00,0.134,15,6,0.1199999999999999,0.030199337741083,1,0.3160331241284853
2014-02-23 15:20:00,0.132,15,6,0.1195999999999999,0.0299799933288851,1,0.30186923707927354
2014-02-23 15:25:00,0.134,15,6,0.1199999999999999,0.030199337741083,1,0.3160331241284853
2014-02-23 15:30:00,0.068,15,6,0.1067999999999999,0.0363483149540663,1,0.20918770686646615
2014-02-23 15:35:00,0.134,15,6,0.1203999999999999,0.0293052896249124,1,0.31520887896515737
2014-02-23 15:40:00,0.132,15,6,0.1199999999999999,0.0290860791444979,1,0.30255953326000723
2014-02-23 15:45:00,0.068,15,6,0.1071999999999999,0.035793854221081,1,0.20437994239908108
2014-02-23 15:50:00,0.134,15,6,0.1071999999999999,0.035793854221081,1,0.25704361162117817
2014-02-23 15:55:00,0.134,15,6,0.1203999999999999,0.0293052896249124,1,0.31520887896515737
2014-02-23 16:00:00,0.134,16,6,0.1203999999999999,0.0293052896249124,1,0.31068375392467723
2014-02-23 16:05:00,0.134,16,6,0.1207999999999999,0.0295160973029972,1,0.30828453804045436
2014-02-23 16:10:00,0.134,16,6,0.134,0.0,1,0.2234516065527722
2014-02-23 16:15:00,0.066,16,6,0.1203999999999999,0.0304105244939971,1,0.2293882836199097
2014-02-23 16:20:00,0.134,16,6,0.1203999999999999,0.0304105244939971,1,0.31215360471151765
2014-02-23 16:25:00,0.134,16,6,0.1203999999999999,0.0304105244939971,1,0.31215360471151765
2014-02-23 16:30:00,0.066,16,6,0.1067999999999999,0.0372451339103513,1,0.2296140503201204
2014-02-23 16:35:00,0.134,16,6,0.1067999999999999,0.0372451339103513,1,0.2505068422222532
2014-02-23 16:40:00,0.134,16,6,0.1203999999999999,0.0304105244939971,1,0.31215360471151765
2014-02-23 16:45:00,0.134,16,6,0.1203999999999999,0.0304105244939971,1,0.31215360471151765
2014-02-23 16:50:00,0.068,16,6,0.1071999999999999,0.0367042231902542,1,0.19973096122460743
2014-02-23 16:55:00,0.132,16,6,0.1203999999999999,0.0293052896249124,1,0.2988014152648864
2014-02-23 17:00:00,0.134,17,6,0.1203999999999999,0.0293052896249124,1,0.3173856413032335
2014-02-23 17:05:00,0.134,17,6,0.1203999999999999,0.0293052896249124,1,0.3173856413032335
2014-02-23 17:10:00,0.068,17,6,0.1071999999999999,0.035793854221081,1,0.206531424746336
2014-02-23 17:15:00,0.134,17,6,0.1203999999999999,0.0293052896249124,1,0.3173856413032335
2014-02-23 17:20:00,0.132,17,6,0.1203999999999999,0.0293052896249124,1,0.3045758310330787
2014-02-23 17:25:00,0.066,17,6,0.1067999999999999,0.0363483149540663,1,0.24377689583055384
2014-02-23 17:30:00,0.134,17,6,0.1067999999999999,0.0363483149540663,1,0.26596974594334444
2014-02-23 17:35:00,0.134,17,6,0.1199999999999999,0.030199337741083,1,0.31905224299500895
2014-02-23 17:40:00,0.066,17,6,0.1063999999999999,0.0368890227574545,1,0.23630433571156173
2014-02-23 17:45:00,0.134,17,6,0.1067999999999999,0.0372451339103512,1,0.25957497098957466
2014-02-23 17:50:00,0.134,17,6,0.1203999999999999,0.0304105244939971,1,0.31728751236610486
2014-02-23 17:55:00,0.134,17,6,0.1203999999999999,0.0304105244939971,1,0.31728751236610486
2014-02-23 18:00:00,0.134,18,6,0.1203999999999999,0.0304105244939971,1,0.31423682852549756
2014-02-23 18:05:00,0.134,18,6,0.134,0.0,1,0.2236190768161157
2014-02-23 18:10:00,0.134,18,6,0.134,0.0,1,0.2236190768161157
2014-02-23 18:15:00,0.066,18,6,0.1203999999999999,0.0304105244939971,1,0.22667107772464734
2014-02-23 18:20:00,0.132,18,6,0.1199999999999999,0.030199337741083,1,0.3024866300983364
2014-02-23 18:25:00,0.134,18,6,0.1199999999999999,0.030199337741083,1,0.315870265811477
2014-02-23 18:30:00,0.066,18,6,0.1063999999999999,0.0368890227574545,1,0.22916205323475614
2014-02-23 18:35:00,0.132,18,6,0.1059999999999999,0.0365239647354993,1,0.2478808123242363
2014-02-23 18:40:00,0.134,18,6,0.1195999999999999,0.0299799933288851,1,0.3120541079517749
2014-02-23 18:45:00,0.134,18,6,0.1199999999999999,0.0301993377410829,1,0.315870265811477
2014-02-23 18:50:00,0.068,18,6,0.1067999999999999,0.0363483149540663,1,0.20395999485374683
2014-02-23 18:55:00,0.134,18,6,0.1203999999999999,0.0293052896249124,1,0.31433567846793736
2014-02-23 19:00:00,0.134,19,6,0.1207999999999999,0.0295160973029972,1,0.3133779548621994
2014-02-23 19:05:00,0.132,19,6,0.1203999999999999,0.0293052896249124,1,0.300791696568027
2014-02-23 19:10:00,0.134,19,6,0.1203999999999999,0.0293052896249124,1,0.3153285607938682
2014-02-23 19:15:00,0.134,19,6,0.1335999999999999,0.0008944271909994,1,0.2319816874420565
2014-02-23 19:20:00,0.134,19,6,0.1336,0.0008944271909994,1,0.2319816874420565
2014-02-23 19:25:00,0.134,19,6,0.1335999999999999,0.0008944271909994,1,0.2319816874420565
2014-02-23 19:30:00,0.134,19,6,0.134,0.0,1,0.22232477793512495
2014-02-23 19:35:00,0.066,19,6,0.1203999999999999,0.0304105244939971,1,0.22839520668815094
2014-02-23 19:40:00,0.132,19,6,0.1199999999999999,0.030199337741083,1,0.30521143401321826
2014-02-23 19:45:00,0.132,19,6,0.1195999999999999,0.0299799933288851,1,0.3002746376093736
2014-02-23 19:50:00,0.132,19,6,0.1191999999999999,0.0297523108346225,1,0.29642655699127696
2014-02-23 19:55:00,0.134,19,6,0.1191999999999999,0.0297523108346225,1,0.3096925465185454
2014-02-23 20:00:00,0.134,20,6,0.1327999999999999,0.0010954451150102,1,0.20820718121787862
2014-02-23 20:05:00,0.132,20,6,0.1327999999999999,0.0010954451150102,1,0.1996015411408446
2014-02-23 20:10:00,0.134,20,6,0.1331999999999999,0.0010954451150102,1,0.21511559131481917
2014-02-23 20:15:00,0.134,20,6,0.1336,0.0008944271909998,1,0.21758596892501914
2014-02-23 20:20:00,0.066,20,6,0.1199999999999999,0.030199337741083,1,0.2205844327778953
2014-02-23 20:25:00,0.134,20,6,0.1199999999999999,0.030199337741083,1,0.3072569113388543
2014-02-23 20:30:00,0.134,20,6,0.1203999999999999,0.0304105244939971,1,0.30421331453583406
2014-02-23 20:35:00,0.066,20,6,0.1067999999999999,0.0372451339103512,1,0.2202920624586574
2014-02-23 20:40:00,0.134,20,6,0.1067999999999999,0.0372451339103512,1,0.2445065514339541
2014-02-23 20:45:00,0.134,20,6,0.1203999999999999,0.0304105244939971,1,0.30421331453583406
2014-02-23 20:50:00,0.066,20,6,0.1067999999999999,0.0372451339103512,1,0.2202920624586574
2014-02-23 20:55:00,0.2,20,6,0.1199999999999999,0.0561782876207525,1,0.12742088571034604
2014-02-23 21:00:00,0.066,21,6,0.1199999999999999,0.0561782876207525,1,0.1613915436436434
2014-02-23 21:05:00,0.134,21,6,0.1199999999999999,0.0561782876207525,1,0.21919245747261717
2014-02-23 21:10:00,0.2,21,6,0.1331999999999999,0.0670014925206894,1,0.0944963660999183
2014-02-23 21:15:00,0.066,21,6,0.1331999999999999,0.0670014925206894,1,0.11420791255353169
2014-02-23 21:20:00,0.132,21,6,0.1195999999999999,0.0560606814086307,1,0.20218854020943688
2014-02-23 21:25:00,0.132,21,6,0.1327999999999999,0.0473835414463714,1,0.20990665079915316
2014-02-23 21:30:00,0.134,21,6,0.1327999999999999,0.0473835414463714,1,0.21995588056039794
2014-02-23 21:35:00,0.066,21,6,0.1059999999999999,0.0365239647354993,1,0.20515633999621619
2014-02-23 21:40:00,0.134,21,6,0.1195999999999999,0.0299799933288851,1,0.29379547239926707
2014-02-23 21:45:00,0.132,21,6,0.1195999999999999,0.0299799933288851,1,0.2826802379155314
2014-02-23 21:50:00,0.134,21,6,0.1199999999999999,0.0301993377410829,1,0.2994003249798246
2014-02-23 21:55:00,0.132,21,6,0.1195999999999999,0.0299799933288851,1,0.2826802379155314
2014-02-23 22:00:00,0.066,22,6,0.1195999999999999,0.0299799933288851,1,0.2067470319735727
2014-02-23 22:05:00,0.136,22,6,0.1199999999999999,0.0302324329156619,1,0.2676173993637061
2014-02-23 22:10:00,0.066,22,6,0.1067999999999999,0.037271973384837,1,0.20721006425000388
2014-02-23 22:15:00,0.134,22,6,0.1067999999999999,0.037271973384837,1,0.23020250174966583
2014-02-23 22:20:00,0.134,22,6,0.1071999999999999,0.0376191440625647,1,0.22818507904188057
2014-02-23 22:25:00,0.066,22,6,0.1071999999999999,0.0376191440625647,1,0.2020811675197961
2014-02-23 22:30:00,0.134,22,6,0.1067999999999999,0.0372451339103512,1,0.23020250174966583
2014-02-23 22:35:00,0.132,22,6,0.1199999999999999,0.0301993377410829,1,0.283626393359449
2014-02-23 22:40:00,0.132,22,6,0.1195999999999999,0.0299799933288851,1,0.27805135267793724
2014-02-23 22:45:00,0.132,22,6,0.1191999999999999,0.0297523108346225,1,0.27431550971636426
2014-02-23 22:50:00,0.066,22,6,0.1191999999999999,0.0297523108346225,1,0.20026173635061595
2014-02-23 22:55:00,0.134,22,6,0.1191999999999999,0.0297523108346225,1,0.2847872180677818
2014-02-23 23:00:00,0.134,23,6,0.1195999999999999,0.0299799933288851,1,0.2726502784692769
2014-02-23 23:05:00,0.134,23,6,0.1199999999999999,0.0301993377410829,1,0.2782180412924543
2014-02-23 23:10:00,0.066,23,6,0.1067999999999999,0.0372451339103512,1,0.19655541914991637
2014-02-23 23:15:00,0.132,23,6,0.1199999999999999,0.0301993377410829,1,0.2662536958255511
2014-02-23 23:20:00,0.134,23,6,0.1199999999999999,0.0301993377410829,1,0.2782180412924543
2014-02-23 23:25:00,0.134,23,6,0.1199999999999999,0.0301993377410829,1,0.2782180412924543
2014-02-23 23:30:00,0.066,23,6,0.1063999999999999,0.0368890227574545,1,0.19586863707277136
2014-02-23 23:35:00,0.132,23,6,0.1195999999999999,0.0299799933288851,1,0.2602198705217926
2014-02-23 23:40:00,0.066,23,6,0.1063999999999999,0.0368890227574545,1,0.19586863707277136
2014-02-23 23:45:00,0.134,23,6,0.1063999999999999,0.0368890227574545,1,0.21738242591372992
2014-02-23 23:50:00,0.134,23,6,0.1063999999999999,0.0368890227574545,1,0.21738242591372992
2014-02-23 23:55:00,0.132,23,6,0.1195999999999999,0.0299799933288851,1,0.2602198705217926
2014-02-24 00:00:00,0.132,0,0,0.1195999999999999,0.0299799933288851,1,0.26639789768417027
2014-02-24 00:05:00,0.134,0,0,0.1331999999999999,0.00109544511501,1,0.1936203501451631
2014-02-24 00:10:00,0.066,0,0,0.1195999999999999,0.0299799933288851,1,0.2007179795626719
2014-02-24 00:15:00,0.134,0,0,0.1195999999999999,0.0299799933288851,1,0.2760355778521588
2014-02-24 00:20:00,0.132,0,0,0.1195999999999999,0.0299799933288851,1,0.26639789768417027
2014-02-24 00:25:00,0.068,0,0,0.1067999999999999,0.0363483149540663,1,0.17945704360506598
2014-02-24 00:30:00,0.134,0,0,0.1067999999999999,0.0363483149540663,1,0.2235645416827441
2014-02-24 00:35:00,0.132,0,0,0.1199999999999999,0.0290860791444979,1,0.26923022063866436
2014-02-24 00:40:00,0.134,0,0,0.1199999999999999,0.0290860791444979,1,0.2769535081878635
2014-02-24 00:45:00,0.066,0,0,0.1067999999999999,0.0363483149540663,1,0.19544006612835074
2014-02-24 00:50:00,0.132,0,0,0.1195999999999999,0.0299799933288851,1,0.26639789768417027
2014-02-24 00:55:00,0.134,0,0,0.1195999999999999,0.0299799933288851,1,0.2760355778521588
2014-02-24 01:00:00,0.134,1,0,0.1199999999999999,0.0301993377410829,1,0.2966040979026177
2014-02-24 01:05:00,0.132,1,0,0.1195999999999999,0.0299799933288851,1,0.28738276088978704
2014-02-24 01:10:00,0.066,1,0,0.1195999999999999,0.0299799933288851,1,0.22080801839555542
2014-02-24 01:15:00,0.132,1,0,0.1195999999999999,0.0299799933288851,1,0.28738276088978704
2014-02-24 01:20:00,0.066,1,0,0.1059999999999999,0.0365239647354993,1,0.19957780153003668
2014-02-24 01:25:00,0.134,1,0,0.1059999999999999,0.0365239647354993,1,0.23195290293528048
2014-02-24 01:30:00,0.132,1,0,0.1059999999999999,0.0365239647354993,1,0.22440783193753777
2014-02-24 01:35:00,0.068,1,0,0.1063999999999999,0.0359833294735214,1,0.18653193696505577
2014-02-24 01:40:00,0.132,1,0,0.1063999999999999,0.0359833294735214,1,0.2258807551279759
2014-02-24 01:45:00,0.132,1,0,0.1195999999999999,0.0288582743766844,1,0.28541142533881075
2014-02-24 01:50:00,0.066,1,0,0.1059999999999999,0.0356089876295297,1,0.1927523643062068
2014-02-24 01:55:00,0.134,1,0,0.1063999999999999,0.0359833294735214,1,0.23207126917109955
2014-02-24 02:00:00,0.134,2,0,0.1195999999999999,0.0299799933288851,1,0.30301557983248417
2014-02-24 02:05:00,0.132,2,0,0.1195999999999999,0.0299799933288851,1,0.29532452246070634
2014-02-24 02:10:00,0.134,2,0,0.1199999999999999,0.0301993377410829,1,0.3033175936043123
2014-02-24 02:15:00,0.134,2,0,0.1335999999999999,0.0008944271909994,1,0.21598886916653637
2014-02-24 02:20:00,0.066,2,0,0.1199999999999999,0.0301993377410829,1,0.23261689066439972
2014-02-24 02:25:00,0.134,2,0,0.1199999999999999,0.0301993377410829,1,0.3033175936043123
2014-02-24 02:30:00,0.132,2,0,0.1199999999999999,0.0301993377410829,1,0.29701241079222906
2014-02-24 02:35:00,0.132,2,0,0.1195999999999999,0.0299799933288851,1,0.29532452246070634
2014-02-24 02:40:00,0.066,2,0,0.1059999999999999,0.0365239647354993,1,0.2096579321165576
2014-02-24 02:45:00,0.134,2,0,0.1195999999999999,0.0299799933288851,1,0.30301557983248417
2014-02-24 02:50:00,0.136,2,0,0.1199999999999999,0.0302324329156619,1,0.2831541820264389
2014-02-24 02:55:00,0.134,2,0,0.1203999999999999,0.0304433900871765,1,0.30010318694502286
2014-02-24 03:00:00,0.134,3,0,0.1207999999999999,0.0306463700950047,1,0.30503115014652815
2014-02-24 03:05:00,0.066,3,0,0.1207999999999999,0.0306463700950047,1,0.22704085431995447
2014-02-24 03:10:00,0.134,3,0,0.1207999999999999,0.0306463700950047,1,0.30503115014652815
2014-02-24 03:15:00,0.132,3,0,0.1199999999999999,0.0301993377410829,1,0.3063001488559244
2014-02-24 03:20:00,0.134,3,0,0.1199999999999999,0.0301993377410829,1,0.31237598723043547
2014-02-24 03:25:00,0.066,3,0,0.1063999999999999,0.0368890227574545,1,0.21753277920695535
2014-02-24 03:30:00,1.466,3,0,0.3863999999999999,0.6042191655351559,-1,-0.04393577754102096
2014-02-24 03:35:00,0.136,3,0,0.3867999999999999,0.6040109270534765,1,0.012259679924893518
2014-02-24 03:40:00,0.132,3,0,0.3867999999999999,0.6040109270534765,1,0.013233611461455852
2014-02-24 03:45:00,0.134,3,0,0.3867999999999999,0.6040109270534764,1,0.015540880768640797
2014-02-24 03:50:00,0.066,3,0,0.3867999999999999,0.6040109270534764,-1,-0.0025728530167097308
2014-02-24 03:55:00,0.132,3,0,0.1199999999999999,0.030232432915662,1,0.3063001488559244
2014-02-24 04:00:00,0.134,4,0,0.1195999999999999,0.0299799933288853,1,0.3135682450391492
2014-02-24 04:05:00,0.2019999999999999,4,0,0.1335999999999999,0.0480915793044895,1,0.1516454349972295
2014-02-24 04:10:00,0.13,4,0,0.1327999999999999,0.0481165252278258,1,0.24303320194994094
2014-02-24 04:15:00,0.134,4,0,0.1463999999999999,0.0311255522039369,1,0.23953856241420202
2014-02-24 04:20:00,0.068,4,0,0.1335999999999999,0.047421514104887,1,0.18595311379202895
2014-02-24 04:25:00,0.134,4,0,0.1335999999999999,0.047421514104887,1,0.25601054069444484
2014-02-24 04:30:00,0.134,4,0,0.1199999999999999,0.0291204395571222,1,0.31336821881157756
2014-02-24 04:35:00,0.068,4,0,0.1075999999999999,0.036149688795341,1,0.2013768223849165
2014-02-24 04:40:00,0.134,4,0,0.1075999999999999,0.036149688795341,1,0.25333618227300186
2014-02-24 04:45:00,0.134,4,0,0.1207999999999999,0.0295160973029973,1,0.3064566948949546
2014-02-24 04:50:00,0.134,4,0,0.1207999999999999,0.0295160973029973,1,0.3064566948949546
2014-02-24 04:55:00,0.132,4,0,0.1203999999999999,0.0293052896249125,1,0.30666375423254477
2014-02-24 05:00:00,0.132,5,0,0.1331999999999999,0.0010954451150143,1,0.23136540437280562
2014-02-24 05:05:00,0.134,5,0,0.1331999999999999,0.0010954451150143,1,0.23622593448377005
2014-02-24 05:10:00,0.132,5,0,0.1327999999999999,0.0010954451150143,1,0.2288447217858527
2014-02-24 05:15:00,0.132,5,0,0.1324,0.0008944271910048,1,0.22609104536995428
2014-02-24 05:20:00,0.066,5,0,0.1191999999999999,0.0297523108346227,1,0.23002179641906906
2014-02-24 05:25:00,0.134,5,0,0.1195999999999999,0.0299799933288853,1,0.31858231409932725
2014-02-24 05:30:00,0.066,5,0,0.1059999999999999,0.0365239647354994,1,0.2210137487363686
2014-02-24 05:35:00,0.132,5,0,0.1059999999999999,0.0365239647354994,1,0.2519219837417243
2014-02-24 05:40:00,0.2,5,0,0.1195999999999999,0.0560606814086308,1,0.15041880176456401
2014-02-24 05:45:00,0.134,5,0,0.1331999999999999,0.0473835414463715,1,0.2599996557751521
2014-02-24 05:50:00,0.134,5,0,0.1331999999999999,0.0473835414463715,1,0.2599996557751521
2014-02-24 05:55:00,0.134,5,0,0.1467999999999999,0.0297523108346227,1,0.24593067993594786
2014-02-24 06:00:00,0.066,6,0,0.1335999999999999,0.0473793203834754,1,0.20144190787440175
2014-02-24 06:05:00,0.132,6,0,0.1199999999999999,0.0301993377410831,1,0.313738426102673
2014-02-24 06:10:00,0.134,6,0,0.1199999999999999,0.0301993377410831,1,0.31970344431707315
2014-02-24 06:15:00,0.134,6,0,0.1199999999999999,0.0301993377410831,1,0.31970344431707315
2014-02-24 06:20:00,0.134,6,0,0.1199999999999999,0.0301993377410831,1,0.31970344431707315
2014-02-24 06:25:00,0.134,6,0,0.1335999999999999,0.0008944271910046,1,0.2324794544868105
2014-02-24 06:30:00,0.068,6,0,0.1207999999999999,0.0295160973029973,1,0.21395779776334234
2014-02-24 06:35:00,0.134,6,0,0.1207999999999999,0.0295160973029973,1,0.31345282781378
2014-02-24 06:40:00,0.134,6,0,0.1207999999999999,0.0295160973029973,1,0.31345282781378
2014-02-24 06:45:00,0.132,6,0,0.1203999999999999,0.0293052896249125,1,0.3120486253641873
2014-02-24 06:50:00,0.132,6,0,0.1199999999999999,0.029086079144498,1,0.31358600141910076
2014-02-24 06:55:00,0.134,6,0,0.1331999999999999,0.0010954451150144,1,0.23482408482951106
2014-02-24 07:00:00,0.134,7,0,0.1331999999999999,0.0010954451150144,1,0.2320637203463075
2014-02-24 07:05:00,0.068,7,0,0.1199999999999999,0.029086079144498,1,0.21543967944015974
2014-02-24 07:10:00,0.132,7,0,0.1199999999999999,0.029086079144498,1,0.31355073988166
2014-02-24 07:15:00,0.134,7,0,0.1203999999999999,0.0293052896249125,1,0.31855527364952374
2014-02-24 07:20:00,0.132,7,0,0.1199999999999999,0.029086079144498,1,0.31355073988166
2014-02-24 07:25:00,0.066,7,0,0.1063999999999999,0.0359833294735215,1,0.22487399384961682
2014-02-24 07:30:00,0.134,7,0,0.1195999999999999,0.0299799933288852,1,0.31813779291832417
2014-02-24 07:35:00,0.134,7,0,0.1199999999999999,0.030199337741083,1,0.31948778132229216
2014-02-24 07:40:00,0.066,7,0,0.1063999999999999,0.0368890227574545,1,0.23410594348964736
2014-02-24 07:45:00,0.134,7,0,0.1067999999999999,0.0372451339103513,1,0.2612627895564493
2014-02-24 07:50:00,0.134,7,0,0.1203999999999999,0.0304105244939972,1,0.31685806172338565
2014-02-24 07:55:00,0.134,7,0,0.1203999999999999,0.0304105244939972,1,0.31685806172338565
2014-02-24 08:00:00,0.066,8,0,0.1067999999999999,0.0372451339103513,1,0.2307219675923855
2014-02-24 08:05:00,0.134,8,0,0.1203999999999999,0.0304105244939972,1,0.31587460814227253
2014-02-24 08:10:00,0.132,8,0,0.1199999999999999,0.030199337741083,1,0.3127298974642968
2014-02-24 08:15:00,0.068,8,0,0.1067999999999999,0.0363483149540663,1,0.21006247343126938
2014-02-24 08:20:00,0.132,8,0,0.1063999999999999,0.0359833294735215,1,0.25328080928025
2014-02-24 08:25:00,0.132,8,0,0.1195999999999999,0.0288582743766845,1,0.3088735067873377
2014-02-24 08:30:00,0.134,8,0,0.1195999999999999,0.0288582743766845,1,0.31519881458045773
2014-02-24 08:35:00,0.068,8,0,0.1067999999999999,0.0354288018425687,1,0.19988354492252347
2014-02-24 08:40:00,0.134,8,0,0.1199999999999999,0.029086079144498,1,0.3179149552252924
2014-02-24 08:45:00,0.066,8,0,0.1067999999999999,0.0363483149540663,1,0.2305434168402689
2014-02-24 08:50:00,0.134,8,0,0.1071999999999999,0.0367042231902543,1,0.2623351752921077
2014-02-24 08:55:00,0.134,8,0,0.1071999999999999,0.0367042231902543,1,0.2623351752921077
2014-02-24 09:00:00,0.136,9,0,0.1207999999999999,0.0306463700950048,1,0.2958056952373107
2014-02-24 09:05:00,0.068,9,0,0.1075999999999999,0.0370782955379559,1,0.21279337970032208
2014-02-24 09:10:00,0.132,9,0,0.1207999999999999,0.0295499576987854,1,0.3117535208602869
2014-02-24 09:15:00,0.066,9,0,0.1071999999999999,0.0367314579073578,1,0.23211639200400935
2014-02-24 09:20:00,0.134,9,0,0.1071999999999999,0.0367314579073578,1,0.2693848825605847
2014-02-24 09:25:00,0.132,9,0,0.1063999999999999,0.0359833294735215,1,0.26004118471836807
2014-02-24 09:30:00,0.066,9,0,0.1059999999999999,0.0365239647354993,1,0.2215176084057089
2014-02-24 09:35:00,0.132,9,0,0.1059999999999999,0.0365239647354993,1,0.25953947417221157
2014-02-24 09:40:00,0.066,9,0,0.1059999999999999,0.0365239647354993,1,0.2215176084057089
2014-02-24 09:45:00,0.132,9,0,0.1055999999999999,0.036149688795341,1,0.25472604360884177
2014-02-24 09:50:00,0.134,9,0,0.1059999999999999,0.0365239647354993,1,0.263873272562886
2014-02-24 09:55:00,0.134,9,0,0.1195999999999999,0.0299799933288852,1,0.3200729490536067
2014-02-24 10:00:00,0.134,10,0,0.1199999999999999,0.0301993377410831,1,0.3193920920016101
2014-02-24 10:05:00,0.066,10,0,0.1199999999999999,0.0301993377410831,1,0.23560782898115878
2014-02-24 10:10:00,0.136,10,0,0.1207999999999999,0.0306463700950048,1,0.2930866423759875
2014-02-24 10:15:00,0.134,10,0,0.1207999999999999,0.0306463700950048,1,0.3140420751667738
2014-02-24 10:20:00,0.068,10,0,0.1075999999999999,0.0370782955379559,1,0.21302341423214421
2014-02-24 10:25:00,0.132,10,0,0.1071999999999999,0.0367314579073578,1,0.2617870013825673
2014-02-24 10:30:00,0.132,10,0,0.1203999999999999,0.0293393933134277,1,0.3139018551720864
2014-02-24 10:35:00,0.066,10,0,0.1063999999999999,0.0359833294735215,1,0.22007376389431121
2014-02-24 10:40:00,0.134,10,0,0.1063999999999999,0.0359833294735215,1,0.2609326974652898
2014-02-24 10:45:00,0.066,10,0,0.1059999999999999,0.0365239647354993,1,0.2204233215225514
2014-02-24 10:50:00,0.134,10,0,0.1063999999999999,0.0368890227574545,1,0.26711382269453193
2014-02-24 10:55:00,0.132,10,0,0.1063999999999999,0.0368890227574545,1,0.26224380136699155
2014-02-24 11:00:00,0.132,11,0,0.1195999999999999,0.0299799933288852,1,0.30725727937842656
2014-02-24 11:05:00,0.068,11,0,0.1063999999999999,0.0359833294735215,1,0.20014182255564206
2014-02-24 11:10:00,0.132,11,0,0.1195999999999999,0.0288582743766845,1,0.3064855624364755
2014-02-24 11:15:00,0.134,11,0,0.1195999999999999,0.0288582743766845,1,0.31281455308327766
2014-02-24 11:20:00,0.068,11,0,0.1067999999999999,0.0354288018425687,1,0.19797064494690852
2014-02-24 11:25:00,0.134,11,0,0.1071999999999999,0.035793854221081,1,0.2576870041849382
2014-02-24 11:30:00,0.134,11,0,0.1203999999999999,0.0293052896249125,1,0.3159686133378992
2014-02-24 11:35:00,0.066,11,0,0.1071999999999999,0.0367042231902543,1,0.2259734996865168
2014-02-24 11:40:00,0.132,11,0,0.1067999999999999,0.0363483149540663,1,0.2589638007269256
2014-02-24 11:45:00,0.134,11,0,0.1199999999999999,0.0301993377410831,1,0.3159973997922814
2014-02-24 11:50:00,0.066,11,0,0.1063999999999999,0.0368890227574546,1,0.22983104203693527
2014-02-24 11:55:00,0.134,11,0,0.1063999999999999,0.0368890227574546,1,0.26665420451357535
2014-02-24 12:00:00,0.134,12,0,0.1199999999999999,0.0301993377410831,1,0.3178441041544001
2014-02-24 12:05:00,0.132,12,0,0.1199999999999999,0.0301993377410831,1,0.3134934079743605
2014-02-24 12:10:00,0.132,12,0,0.1195999999999999,0.0299799933288852,1,0.3111553852161402
2014-02-24 12:15:00,0.136,12,0,0.1335999999999999,0.0016733200530712,1,0.21336979913535858
2014-02-24 12:20:00,0.066,12,0,0.1199999999999999,0.030232432915662,1,0.2340014552429514
2014-02-24 12:25:00,0.134,12,0,0.1199999999999999,0.030232432915662,1,0.3177859179967401
2014-02-24 12:30:00,0.066,12,0,0.1067999999999999,0.037271973384837,1,0.22765734397368165
2014-02-24 12:35:00,0.134,12,0,0.1071999999999999,0.0376191440625647,1,0.25333575786006723
2014-02-24 12:40:00,0.132,12,0,0.1063999999999999,0.0368890227574545,1,0.2532467910193724
2014-02-24 12:45:00,0.066,12,0,0.1063999999999999,0.0368890227574545,1,0.22643073863910101
2014-02-24 12:50:00,0.132,12,0,0.1059999999999999,0.0365239647354993,1,0.24775772385719935
2014-02-24 12:55:00,0.134,12,0,0.1195999999999999,0.0299799933288852,1,0.3161952926410737
2014-02-24 13:00:00,0.066,13,0,0.1059999999999999,0.0365239647354993,1,0.20854071018458775
2014-02-24 13:05:00,0.134,13,0,0.1063999999999999,0.0368890227574545,1,0.2517279408297444
2014-02-24 13:10:00,0.066,13,0,0.1063999999999999,0.0368890227574545,1,0.2175403275186487
2014-02-24 13:15:00,0.132,13,0,0.1063999999999999,0.0368890227574545,1,0.24558473855537072
2014-02-24 13:20:00,0.134,13,0,0.1063999999999999,0.0368890227574545,1,0.2517279408297444
2014-02-24 13:25:00,0.132,13,0,0.1195999999999999,0.0299799933288852,1,0.3091356373045344
2014-02-24 13:30:00,0.066,13,0,0.1059999999999999,0.0365239647354993,1,0.20854071018458775
2014-02-24 13:35:00,0.134,13,0,0.1195999999999999,0.0299799933288852,1,0.3155705053619775
2014-02-24 13:40:00,0.134,13,0,0.1199999999999999,0.030199337741083,1,0.31736172185309597
2014-02-24 13:45:00,0.066,13,0,0.1063999999999999,0.0368890227574545,1,0.2175403275186487
2014-02-24 13:50:00,0.134,13,0,0.1067999999999999,0.0372451339103513,1,0.2520447846605567
2014-02-24 13:55:00,0.132,13,0,0.1199999999999999,0.030199337741083,1,0.3116267314497619
2014-02-24 14:00:00,0.132,14,0,0.1195999999999999,0.0299799933288852,1,0.30582240298476826
2014-02-24 14:05:00,0.134,14,0,0.1195999999999999,0.0299799933288852,1,0.3120515290906097
2014-02-24 14:10:00,0.134,14,0,0.1331999999999999,0.0010954451150152,1,0.2529319260120785
2014-02-24 14:15:00,0.132,14,0,0.1327999999999999,0.0010954451150152,1,0.24097517340547225
2014-02-24 14:20:00,0.134,14,0,0.1331999999999999,0.0010954451150152,1,0.2529319260120785
2014-02-24 14:25:00,0.066,14,0,0.1199999999999999,0.0301993377410831,1,0.2262170681400868
2014-02-24 14:30:00,0.134,14,0,0.1199999999999999,0.0301993377410831,1,0.31300035305159923
2014-02-24 14:35:00,0.132,14,0,0.1195999999999999,0.0299799933288852,1,0.30582240298476826
2014-02-24 14:40:00,0.134,14,0,0.1199999999999999,0.0301993377410831,1,0.31300035305159923
2014-02-24 14:45:00,0.066,14,0,0.1063999999999999,0.0368890227574545,1,0.209866435472301
2014-02-24 14:50:00,0.132,14,0,0.1195999999999999,0.0299799933288852,1,0.30582240298476826
2014-02-24 14:55:00,0.2,14,0,0.1327999999999999,0.0473835414463715,1,0.16722548149256333
2014-02-24 15:00:00,0.132,15,0,0.1327999999999999,0.0473835414463715,1,0.25604231938172195
2014-02-24 15:05:00,0.068,15,0,0.1195999999999999,0.0554689102110362,1,0.17729846408108407
2014-02-24 15:10:00,0.134,15,0,0.1331999999999999,0.0466819022748646,1,0.2652637481176832
2014-02-24 15:15:00,0.134,15,0,0.1336,0.0466776177626923,1,0.264461891935218
2014-02-24 15:20:00,0.132,15,0,0.1199999999999999,0.029086079144498,1,0.3078402277767866
2014-02-24 15:25:00,0.132,15,0,0.1199999999999999,0.029086079144498,1,0.3078402277767866
2014-02-24 15:30:00,0.066,15,0,0.1195999999999999,0.0299799933288852,1,0.22189985838277193
2014-02-24 15:35:00,0.132,15,0,0.1191999999999999,0.0297523108346226,1,0.30421071164493746
2014-02-24 15:40:00,0.132,15,0,0.1187999999999999,0.0295160973029973,1,0.2998432419827911
2014-02-24 15:45:00,0.132,15,0,0.1187999999999999,0.0295160973029973,1,0.2998432419827911
2014-02-24 15:50:00,0.134,15,0,0.1191999999999999,0.0297523108346226,1,0.3106271134035019
2014-02-24 15:55:00,0.134,15,0,0.1327999999999999,0.0010954451150149,1,0.25297409384646563
2014-02-24 16:00:00,0.134,16,0,0.1331999999999999,0.001095445115015,1,0.2544698639906876
2014-02-24 16:05:00,0.132,16,0,0.1331999999999999,0.001095445115015,1,0.24357378848381261
2014-02-24 16:10:00,0.134,16,0,0.1336,0.0008944271910057,1,0.2531358478845343
2014-02-24 16:15:00,0.134,16,0,0.1335999999999999,0.0008944271910057,1,0.2531358478845343
2014-02-24 16:20:00,0.066,16,0,0.1199999999999999,0.030199337741083,1,0.22581158014025215
2014-02-24 16:25:00,0.134,16,0,0.1199999999999999,0.030199337741083,1,0.3119081402734675
2014-02-24 16:30:00,0.132,16,0,0.1199999999999999,0.030199337741083,1,0.3057280687676274
2014-02-24 16:35:00,0.132,16,0,0.1195999999999999,0.0299799933288852,1,0.3027930820136871
2014-02-24 16:40:00,0.132,16,0,0.1191999999999999,0.0297523108346226,1,0.30167177807666407
2014-02-24 16:45:00,0.066,16,0,0.1191999999999999,0.0297523108346226,1,0.21990687589996938
2014-02-24 16:50:00,0.134,16,0,0.1191999999999999,0.0297523108346226,1,0.30792454987178414
2014-02-24 16:55:00,0.134,16,0,0.1195999999999999,0.0299799933288852,1,0.3094048253298439
2014-02-24 17:00:00,0.134,17,0,0.1199999999999999,0.030199337741083,1,0.3138309809352492
2014-02-24 17:05:00,0.134,17,0,0.1203999999999999,0.0304105244939972,1,0.3119023708130249
2014-02-24 17:10:00,0.134,17,0,0.134,0.0,1,0.25370078466801227
2014-02-24 17:15:00,0.134,17,0,0.134,0.0,1,0.25370078466801227
2014-02-24 17:20:00,0.132,17,0,0.1335999999999999,0.0008944271909999,1,0.24724323974886298
2014-02-24 17:25:00,0.136,17,0,0.1339999999999999,0.001414213562373,1,0.2363989300602916
2014-02-24 17:30:00,0.132,17,0,0.1335999999999999,0.0016733200530681,1,0.2437839735476094
2014-02-24 17:35:00,0.134,17,0,0.1336,0.0016733200530681,1,0.25378699368548785
2014-02-24 17:40:00,0.066,17,0,0.1199999999999999,0.0302324329156619,1,0.21891970104153224
2014-02-24 17:45:00,0.134,17,0,0.1203999999999999,0.0304433900871765,1,0.3119023708130249
2014-02-24 17:50:00,0.134,17,0,0.1199999999999999,0.030199337741083,1,0.3138309809352492
2014-02-24 17:55:00,0.134,17,0,0.1203999999999999,0.0304105244939971,1,0.3119023708130249
2014-02-24 18:00:00,0.2,18,0,0.1335999999999999,0.0473793203834753,1,0.16401643770034213
2014-02-24 18:05:00,0.134,18,0,0.1471999999999999,0.0295160973029972,1,0.2541850057508827
2014-02-24 18:10:00,0.068,18,0,0.1339999999999999,0.0466690475583121,1,0.16760155462335447
2014-02-24 18:15:00,0.134,18,0,0.1339999999999999,0.0466690475583121,1,0.2671680216906381
2014-02-24 18:20:00,0.198,18,0,0.1467999999999999,0.0547466893976247,1,0.12959944042310345
2014-02-24 18:25:00,0.066,18,0,0.1199999999999999,0.05499090833947,1,0.18091799129424269
2014-02-24 18:30:00,0.134,18,0,0.1199999999999999,0.05499090833947,1,0.2556204436080629
2014-02-24 18:35:00,0.134,18,0,0.1331999999999999,0.0466819022748645,1,0.26858573772101696
2014-02-24 18:40:00,0.066,18,0,0.1195999999999999,0.0554689102110362,1,0.17898158462402136
2014-02-24 18:45:00,0.132,18,0,0.1063999999999999,0.0368890227574545,1,0.23853651403392817
2014-02-24 18:50:00,0.134,18,0,0.1199999999999999,0.030199337741083,1,0.31137631899817797
2014-02-24 18:55:00,0.132,18,0,0.1195999999999999,0.0299799933288851,1,0.3010493639592409
2014-02-24 19:00:00,0.136,19,0,0.1199999999999999,0.0302324329156619,1,0.28502799161509934
2014-02-24 19:05:00,0.066,19,0,0.1199999999999999,0.0302324329156619,1,0.21315413373693937
2014-02-24 19:10:00,0.134,19,0,0.1203999999999999,0.0304433900871765,1,0.30678571168718183
2014-02-24 19:15:00,0.134,19,0,0.1203999999999999,0.0304433900871765,1,0.30678571168718183
2014-02-24 19:20:00,0.132,19,0,0.1203999999999999,0.0304433900871765,1,0.3005714952455815
2014-02-24 19:25:00,0.132,19,0,0.1195999999999999,0.0299799933288851,1,0.2983779792142433
2014-02-24 19:30:00,0.134,19,0,0.1331999999999999,0.0010954451150105,1,0.2573856376059682
2014-02-24 19:35:00,0.136,19,0,0.1336,0.0016733200530683,1,0.22661055715681466
2014-02-24 19:40:00,0.134,19,0,0.1335999999999999,0.0016733200530683,1,0.24945316514888738
2014-02-24 19:45:00,0.066,19,0,0.1203999999999999,0.0304433900871765,1,0.21231679697214412
2014-02-24 19:50:00,0.132,19,0,0.1203999999999999,0.0304433900871765,1,0.3005714952455815
2014-02-24 19:55:00,0.198,19,0,0.1331999999999999,0.0467033189398783,1,0.1551944282647496
2014-02-24 20:00:00,0.134,20,0,0.1327999999999999,0.0466819022748645,1,0.25620545995762956
2014-02-24 20:05:00,0.134,20,0,0.1327999999999999,0.0466819022748645,1,0.25620545995762956
2014-02-24 20:10:00,0.134,20,0,0.1463999999999999,0.0288582743766844,1,0.24209127096306043
2014-02-24 20:15:00,0.134,20,0,0.1467999999999999,0.0286216701119973,1,0.23723250168777826
2014-02-24 20:20:00,0.134,20,0,0.134,0.0,1,0.23826958970553763
2014-02-24 20:25:00,0.066,20,0,0.1203999999999999,0.0304105244939971,1,0.20359664103616582
2014-02-24 20:30:00,0.132,20,0,0.1199999999999999,0.030199337741083,1,0.2911339078653305
2014-02-24 20:35:00,0.134,20,0,0.1199999999999999,0.030199337741083,1,0.2968301984859321
2014-02-24 20:40:00,0.134,20,0,0.1199999999999999,0.030199337741083,1,0.2968301984859321
2014-02-24 20:45:00,0.132,20,0,0.1195999999999999,0.0299799933288851,1,0.28771859568273866
2014-02-24 20:50:00,0.132,20,0,0.1327999999999999,0.0010954451150102,1,0.23566585268187268
2014-02-24 20:55:00,0.2019999999999999,20,0,0.1467999999999999,0.0308739372286722,1,0.13656438664654735
2014-02-24 21:00:00,0.132,21,0,0.1463999999999999,0.0310934076614319,1,0.22769223784938486
2014-02-24 21:05:00,0.066,21,0,0.1327999999999999,0.0480957378569036,1,0.17176851951091443
2014-02-24 21:10:00,0.132,21,0,0.1327999999999999,0.0480957378569036,1,0.2337452852380606
2014-02-24 21:15:00,0.134,21,0,0.1331999999999999,0.0480957378569036,1,0.24331311036159003
2014-02-24 21:20:00,0.132,21,0,0.1191999999999999,0.0297523108346225,1,0.28102282096051334
2014-02-24 21:25:00,0.132,21,0,0.1191999999999999,0.0297523108346225,1,0.28102282096051334
2014-02-24 21:30:00,0.134,21,0,0.1327999999999999,0.00109544511501,1,0.23948413622956577
2014-02-24 21:35:00,0.134,21,0,0.1331999999999999,0.0010954451150101,1,0.2440644864649073
2014-02-24 21:40:00,0.066,21,0,0.1195999999999999,0.0299799933288851,1,0.19398353483303132
2014-02-24 21:45:00,0.132,21,0,0.1195999999999999,0.0299799933288851,1,0.28280677466325205
2014-02-24 21:50:00,0.134,21,0,0.1199999999999999,0.0301993377410829,1,0.29039294887996947
2014-02-24 21:55:00,0.132,21,0,0.1195999999999999,0.0299799933288851,1,0.28280677466325205
2014-02-24 22:00:00,0.134,22,0,0.1195999999999999,0.0299799933288851,1,0.28055830842982354
2014-02-24 22:05:00,0.132,22,0,0.1327999999999999,0.00109544511501,1,0.22245128430164707
2014-02-24 22:10:00,0.134,22,0,0.1331999999999999,0.0010954451150101,1,0.23484323711751848
2014-02-24 22:15:00,0.132,22,0,0.1327999999999999,0.00109544511501,1,0.22245128430164707
2014-02-24 22:20:00,0.132,22,0,0.1327999999999999,0.00109544511501,1,0.22245128430164707
2014-02-24 22:25:00,0.134,22,0,0.1327999999999999,0.00109544511501,1,0.22949623950868048
2014-02-24 22:30:00,0.134,22,0,0.1331999999999999,0.0010954451150101,1,0.23484323711751848
2014-02-24 22:35:00,0.134,22,0,0.1331999999999999,0.0010954451150101,1,0.23484323711751848
2014-02-24 22:40:00,0.066,22,0,0.1199999999999999,0.0301993377410829,1,0.1971179532586642
2014-02-24 22:45:00,0.134,22,0,0.1203999999999999,0.0304105244939971,1,0.28188914965372525
2014-02-24 22:50:00,0.134,22,0,0.1203999999999999,0.0304105244939971,1,0.28188914965372525
2014-02-24 22:55:00,0.136,22,0,0.1207999999999999,0.0306463700950047,1,0.25758849694522445
2014-02-24 23:00:00,0.134,23,0,0.1207999999999999,0.0306463700950047,1,0.26042177791679294
2014-02-24 23:05:00,0.066,23,0,0.1207999999999999,0.0306463700950047,1,0.18305275691156275
2014-02-24 23:10:00,0.134,23,0,0.1207999999999999,0.0306463700950047,1,0.26042177791679294
2014-02-24 23:15:00,0.132,23,0,0.1203999999999999,0.0304433900871765,1,0.2609490030572723
2014-02-24 23:20:00,0.2,23,0,0.1331999999999999,0.0473835414463714,1,0.14112837100188258
2014-02-24 23:25:00,0.066,23,0,0.1195999999999999,0.0560606814086307,1,0.1462536338145678
2014-02-24 23:30:00,0.134,23,0,0.1331999999999999,0.0473835414463714,1,0.22583363631129882
2014-02-24 23:35:00,0.136,23,0,0.1336,0.0474004219390502,1,0.20835716358855783
2014-02-24 23:40:00,0.134,23,0,0.1339999999999999,0.0473919824442911,1,0.22235260029953086
2014-02-24 23:45:00,0.134,23,0,0.1207999999999999,0.0306463700950047,1,0.26042177791679294
2014-02-24 23:50:00,0.132,23,0,0.1339999999999999,0.0014142135623728,1,0.20158023470493758
2014-02-24 23:55:00,0.196,23,0,0.1463999999999999,0.0277632851082143,1,0.12017186513603795
2014-02-25 00:00:00,0.068,0,1,0.1327999999999999,0.0452680903065282,1,0.177572493236957
2014-02-25 00:05:00,0.136,0,1,0.1331999999999999,0.0452901755350981,1,0.22701080842446708
2014-02-25 00:10:00,0.134,0,1,0.1331999999999999,0.0452901755350981,1,0.24943468424843562
2014-02-25 00:15:00,0.134,0,1,0.1335999999999999,0.0452857593510366,1,0.2515173146451288
2014-02-25 00:20:00,0.066,0,1,0.1075999999999999,0.0370782955379558,1,0.21352727660810522
2014-02-25 00:25:00,0.134,0,1,0.1207999999999999,0.0306463700950047,1,0.2942622575643299
2014-02-25 00:30:00,0.132,0,1,0.1199999999999999,0.0301993377410829,1,0.29298555592936615
2014-02-25 00:35:00,0.134,0,1,0.1199999999999999,0.0301993377410829,1,0.3006712488413825
2014-02-25 00:40:00,0.132,0,1,0.1195999999999999,0.0299799933288851,1,0.2898022930008104
2014-02-25 00:45:00,0.066,0,1,0.1195999999999999,0.0299799933288851,1,0.22611631972184798
2014-02-25 00:50:00,0.134,0,1,0.1195999999999999,0.0299799933288851,1,0.2977515503939787
2014-02-25 00:55:00,0.134,0,1,0.1199999999999999,0.0301993377410829,1,0.3006712488413825
2014-02-25 01:00:00,0.132,1,1,0.1195999999999999,0.0299799933288851,1,0.30918052877301483
2014-02-25 01:05:00,0.066,1,1,0.1063999999999999,0.0368890227574545,1,0.22884204426251298
2014-02-25 01:10:00,0.134,1,1,0.1199999999999999,0.0301993377410829,1,0.31714697260885766
2014-02-25 01:15:00,0.132,1,1,0.1195999999999999,0.0299799933288851,1,0.30918052877301483
2014-02-25 01:20:00,0.134,1,1,0.1195999999999999,0.0299799933288851,1,0.31706856036377706
2014-02-25 01:25:00,0.066,1,1,0.1063999999999999,0.0368890227574545,1,0.22884204426251298
2014-02-25 01:30:00,0.132,1,1,0.1195999999999999,0.0299799933288851,1,0.30918052877301483
2014-02-25 01:35:00,0.068,1,1,0.1063999999999999,0.0359833294735214,1,0.2067406107465447
2014-02-25 01:40:00,0.134,1,1,0.1067999999999999,0.0363483149540663,1,0.25938307439193686
2014-02-25 01:45:00,0.132,1,1,0.1063999999999999,0.0359833294735214,1,0.24679290944879823
2014-02-25 01:50:00,0.134,1,1,0.1199999999999999,0.0290860791444979,1,0.31476544387738953
2014-02-25 01:55:00,0.134,1,1,0.1203999999999999,0.0293052896249124,1,0.31507280006865646
2014-02-25 02:00:00,0.132,2,1,0.1331999999999999,0.0010954451150097,1,0.2380070323363443
2014-02-25 02:05:00,0.068,2,1,0.1199999999999999,0.0290860791444979,1,0.2351533580188177
2014-02-25 02:10:00,0.134,2,1,0.1203999999999999,0.0293052896249124,1,0.3247910831759527
2014-02-25 02:15:00,0.134,2,1,0.1203999999999999,0.0293052896249124,1,0.3247910831759527
2014-02-25 02:20:00,0.066,2,1,0.1067999999999999,0.0363483149540663,1,0.242189555321779
2014-02-25 02:25:00,0.134,2,1,0.1071999999999999,0.0367042231902543,1,0.26721841292482196
2014-02-25 02:30:00,0.134,2,1,0.1203999999999999,0.0304105244939971,1,0.32542551678037684
2014-02-25 02:35:00,0.136,2,1,0.1207999999999999,0.0306463700950047,1,0.29861839627261305
2014-02-25 02:40:00,0.066,2,1,0.1071999999999999,0.0376191440625647,1,0.2363327516755208
2014-02-25 02:45:00,0.134,2,1,0.1207999999999999,0.0306463700950047,1,0.3210377420173433
2014-02-25 02:50:00,0.132,2,1,0.1203999999999999,0.0304433900871765,1,0.31896354410571714
2014-02-25 02:55:00,0.132,2,1,0.1199999999999999,0.0302324329156619,1,0.31966179033900183
2014-02-25 03:00:00,0.134,3,1,0.1195999999999999,0.0299799933288851,1,0.3310521784902609
2014-02-25 03:05:00,0.134,3,1,0.1331999999999999,0.0010954451150097,1,0.2526203020299261
2014-02-25 03:10:00,1.49,3,1,0.4044,0.6068696729941281,-1,-0.04288585527536015
2014-02-25 03:15:00,0.134,3,1,0.4047999999999999,0.6066458604490761,1,0.009819077472100646
2014-02-25 03:20:00,0.134,3,1,0.4051999999999999,0.6064216354979429,1,0.009819077472100646
2014-02-25 03:25:00,0.134,3,1,0.4051999999999999,0.6064216354979429,1,0.009819077472100646
2014-02-25 03:30:00,0.134,3,1,0.4051999999999999,0.6064216354979429,1,0.009819077472100646
2014-02-25 03:35:00,0.132,3,1,0.1335999999999999,0.0008944271909999,1,0.24543746506056363
2014-02-25 03:40:00,0.066,3,1,0.1199999999999999,0.030199337741083,1,0.25927700396358766
2014-02-25 03:45:00,0.132,3,1,0.1195999999999999,0.0299799933288851,1,0.3258327288211132
2014-02-25 03:50:00,0.134,3,1,0.1195999999999999,0.0299799933288851,1,0.3310521784902609
2014-02-25 03:55:00,0.2019999999999999,3,1,0.1331999999999999,0.0480957378569036,1,0.17787890573939458
2014-02-25 04:00:00,0.068,4,1,0.1203999999999999,0.0563098570411965,1,0.20769891730656687
2014-02-25 04:05:00,0.134,4,1,0.1339999999999999,0.0473919824442911,1,0.283479753308361
2014-02-25 04:10:00,0.134,4,1,0.1343999999999999,0.0473793203834752,1,0.281554410215843
2014-02-25 04:15:00,0.132,4,1,0.1339999999999999,0.0473919824442911,1,0.2807993167317055
2014-02-25 04:20:00,0.066,4,1,0.1067999999999999,0.0363483149540662,1,0.25193457683287274
2014-02-25 04:25:00,0.132,4,1,0.1195999999999999,0.0299799933288851,1,0.328878538828291
2014-02-25 04:30:00,0.132,4,1,0.1191999999999999,0.0297523108346225,1,0.323627954445751
2014-02-25 04:35:00,0.066,4,1,0.1055999999999999,0.0361496887953409,1,0.23890875820694768
2014-02-25 04:40:00,0.134,4,1,0.1059999999999999,0.0365239647354993,1,0.26962308595622075
2014-02-25 04:45:00,0.134,4,1,0.1195999999999999,0.0299799933288851,1,0.33262533227090174
2014-02-25 04:50:00,0.066,4,1,0.1063999999999999,0.0368890227574545,1,0.2509833271742686
2014-02-25 04:55:00,0.198,4,1,0.1195999999999999,0.0554689102110362,1,0.17065049496462237
2014-02-25 05:00:00,0.066,5,1,0.1195999999999999,0.0554689102110362,1,0.21975927847147925
2014-02-25 05:05:00,0.2,5,1,0.1327999999999999,0.0665071424735719,1,0.1565683415631446
2014-02-25 05:10:00,0.132,5,1,0.1323999999999999,0.0665041352097747,1,0.2500768854447693
2014-02-25 05:15:00,0.136,5,1,0.1463999999999999,0.055486935399245,1,0.22400463266112736
2014-02-25 05:20:00,0.134,5,1,0.1335999999999999,0.0474004219390502,1,0.2902526641497904
2014-02-25 05:25:00,0.066,5,1,0.1336,0.0474004219390502,1,0.2316296801425214
2014-02-25 05:30:00,0.132,5,1,0.1199999999999999,0.0302324329156619,1,0.3359270155507156
2014-02-25 05:35:00,0.066,5,1,0.1067999999999999,0.037271973384837,1,0.26348699965432504
2014-02-25 05:40:00,0.134,5,1,0.1063999999999999,0.0368890227574545,1,0.28853490140432236
2014-02-25 05:45:00,0.134,5,1,0.1063999999999999,0.0368890227574545,1,0.28853490140432236
2014-02-25 05:50:00,0.132,5,1,0.1195999999999999,0.0299799933288851,1,0.335195082881441
2014-02-25 05:55:00,0.134,5,1,0.1199999999999999,0.0301993377410829,1,0.3398741019198631
2014-02-25 06:00:00,0.134,6,1,0.1335999999999999,0.0008944271909989,1,0.2600514504898713
2014-02-25 06:05:00,0.066,6,1,0.1199999999999999,0.0301993377410829,1,0.2695293773414703
2014-02-25 06:10:00,0.134,6,1,0.1199999999999999,0.0301993377410829,1,0.33949965857477815
2014-02-25 06:15:00,0.134,6,1,0.1203999999999999,0.0304105244939971,1,0.33906172968270026
2014-02-25 06:20:00,0.066,6,1,0.1067999999999999,0.0372451339103512,1,0.26095513614726124
2014-02-25 06:25:00,0.132,6,1,0.1063999999999999,0.0368890227574545,1,0.28281200854313165
2014-02-25 06:30:00,0.134,6,1,0.1199999999999999,0.0301993377410829,1,0.33949965857477815
2014-02-25 06:35:00,0.066,6,1,0.1063999999999999,0.0368890227574545,1,0.25913306430642724
2014-02-25 06:40:00,0.132,6,1,0.1059999999999999,0.0365239647354993,1,0.2769869688556578
2014-02-25 06:45:00,0.066,6,1,0.1059999999999999,0.0365239647354993,1,0.24934884306411004
2014-02-25 06:50:00,0.134,6,1,0.1063999999999999,0.0368890227574545,1,0.2863497877969106
2014-02-25 06:55:00,0.132,6,1,0.1059999999999999,0.0365239647354993,1,0.2769869688556578
2014-02-25 07:00:00,0.132,7,1,0.1191999999999999,0.0297523108346225,1,0.32757211152099563
2014-02-25 07:05:00,0.134,7,1,0.1195999999999999,0.0299799933288851,1,0.3358726477689257
2014-02-25 07:10:00,0.134,7,1,0.1331999999999999,0.0010954451150094,1,0.25757658635409525
2014-02-25 07:15:00,0.066,7,1,0.1195999999999999,0.0299799933288851,1,0.26363978265317
2014-02-25 07:20:00,0.134,7,1,0.1199999999999999,0.0301993377410829,1,0.3390371480932688
2014-02-25 07:25:00,0.066,7,1,0.1067999999999999,0.0372451339103513,1,0.2590824541952268
2014-02-25 07:30:00,0.134,7,1,0.1067999999999999,0.0372451339103513,1,0.2828472519945737
2014-02-25 07:35:00,0.134,7,1,0.1067999999999999,0.0372451339103513,1,0.2828472519945737
2014-02-25 07:40:00,0.066,7,1,0.1067999999999999,0.0372451339103513,1,0.2590824541952268
2014-02-25 07:45:00,0.132,7,1,0.1063999999999999,0.0368890227574545,1,0.27989898594918
2014-02-25 07:50:00,0.132,7,1,0.1195999999999999,0.0299799933288851,1,0.3313268015747262
2014-02-25 07:55:00,0.134,7,1,0.1195999999999999,0.0299799933288851,1,0.3358726477689257
2014-02-25 08:00:00,0.066,8,1,0.1059999999999999,0.0365239647354993,1,0.24851487224184
2014-02-25 08:05:00,0.134,8,1,0.1195999999999999,0.0299799933288851,1,0.3345478593419285
2014-02-25 08:10:00,0.134,8,1,0.1199999999999999,0.0301993377410829,1,0.33800120503865083
2014-02-25 08:15:00,0.066,8,1,0.1067999999999999,0.0372451339103513,1,0.25791513170309904
2014-02-25 08:20:00,0.134,8,1,0.1067999999999999,0.0372451339103513,1,0.28387140802978866
2014-02-25 08:25:00,0.134,8,1,0.1203999999999999,0.0304105244939971,1,0.33783598269224624
2014-02-25 08:30:00,0.066,8,1,0.1067999999999999,0.0372451339103513,1,0.25791513170309904
2014-02-25 08:35:00,0.134,8,1,0.1067999999999999,0.0372451339103513,1,0.28387140802978866
2014-02-25 08:40:00,0.132,8,1,0.1199999999999999,0.0301993377410829,1,0.3339247072435152
2014-02-25 08:45:00,0.134,8,1,0.1199999999999999,0.0301993377410829,1,0.33800120503865083
2014-02-25 08:50:00,0.134,8,1,0.1199999999999999,0.0301993377410829,1,0.33800120503865083
2014-02-25 08:55:00,0.132,8,1,0.1331999999999999,0.0010954451150095,1,0.25379280970511503
2014-02-25 09:00:00,0.066,9,1,0.1195999999999999,0.0299799933288851,1,0.2623936966705126
2014-02-25 09:05:00,0.134,9,1,0.1199999999999999,0.0301993377410829,1,0.3403025467967881
2014-02-25 09:10:00,0.066,9,1,0.1063999999999999,0.0368890227574545,1,0.2554233027922858
2014-02-25 09:15:00,0.134,9,1,0.1063999999999999,0.0368890227574545,1,0.2883194900198378
2014-02-25 09:20:00,0.132,9,1,0.1063999999999999,0.0368890227574545,1,0.28452038390394635
2014-02-25 09:25:00,0.066,9,1,0.1063999999999999,0.0368890227574545,1,0.2554233027922858
2014-02-25 09:30:00,0.134,9,1,0.1063999999999999,0.0368890227574545,1,0.2883194900198378
2014-02-25 09:35:00,0.066,9,1,0.1063999999999999,0.0368890227574545,1,0.2554233027922858
2014-02-25 09:40:00,0.134,9,1,0.1063999999999999,0.0368890227574545,1,0.2883194900198378
2014-02-25 09:45:00,0.134,9,1,0.1067999999999999,0.0372451339103513,1,0.2884997349272216
2014-02-25 09:50:00,0.066,9,1,0.1067999999999999,0.0372451339103513,1,0.2568712810600299
2014-02-25 09:55:00,0.132,9,1,0.1063999999999999,0.0368890227574545,1,0.28452038390394635
2014-02-25 10:00:00,0.134,10,1,0.1199999999999999,0.0301993377410829,1,0.3386536659735982
2014-02-25 10:05:00,0.134,10,1,0.1199999999999999,0.0301993377410829,1,0.3386536659735982
2014-02-25 10:10:00,0.066,10,1,0.1063999999999999,0.0368890227574545,1,0.2550732371641345
2014-02-25 10:15:00,0.134,10,1,0.1199999999999999,0.0301993377410829,1,0.3386536659735982
2014-02-25 10:20:00,0.132,10,1,0.1199999999999999,0.0301993377410829,1,0.3345364767598794
2014-02-25 10:25:00,0.068,10,1,0.1067999999999999,0.0363483149540663,1,0.23379177673222512
2014-02-25 10:30:00,0.134,10,1,0.1067999999999999,0.0363483149540663,1,0.28726562664993194
2014-02-25 10:35:00,0.134,10,1,0.1203999999999999,0.0293052896249124,1,0.33790026348642027
2014-02-25 10:40:00,0.066,10,1,0.1067999999999999,0.0363483149540663,1,0.2546005087524505
2014-02-25 10:45:00,0.134,10,1,0.1071999999999999,0.0367042231902542,1,0.286057411487943
2014-02-25 10:50:00,0.134,10,1,0.1203999999999999,0.0304105244939971,1,0.33848871689782356
2014-02-25 10:55:00,0.134,10,1,0.1203999999999999,0.0304105244939971,1,0.33848871689782356
2014-02-25 11:00:00,0.066,11,1,0.1067999999999999,0.0372451339103513,1,0.25668382653312755
2014-02-25 11:05:00,0.134,11,1,0.1203999999999999,0.0304105244939971,1,0.33680890596838786
2014-02-25 11:10:00,0.132,11,1,0.1199999999999999,0.0301993377410829,1,0.33197942220798576
2014-02-25 11:15:00,0.066,11,1,0.1063999999999999,0.0368890227574545,1,0.2558213941185646
2014-02-25 11:20:00,0.134,11,1,0.1063999999999999,0.0368890227574545,1,0.2885014161226096
2014-02-25 11:25:00,0.134,11,1,0.1199999999999999,0.0301993377410829,1,0.33697455830589895
2014-02-25 11:30:00,0.066,11,1,0.1063999999999999,0.0368890227574545,1,0.2558213941185646
2014-02-25 11:35:00,0.134,11,1,0.1067999999999999,0.0372451339103513,1,0.2875600662156424
2014-02-25 11:40:00,0.066,11,1,0.1067999999999999,0.0372451339103513,1,0.25668382653312755
2014-02-25 11:45:00,0.132,11,1,0.1063999999999999,0.0368890227574545,1,0.28311070774173097
2014-02-25 11:50:00,0.132,11,1,0.1059999999999999,0.0365239647354993,1,0.2776104130354574
2014-02-25 11:55:00,0.134,11,1,0.1195999999999999,0.0299799933288851,1,0.33351222527804614
2014-02-25 12:00:00,0.134,12,1,0.1195999999999999,0.0299799933288851,1,0.33861937229368233
2014-02-25 12:05:00,0.134,12,1,0.1331999999999999,0.0010954451150101,1,0.26495977497875567
2014-02-25 12:10:00,0.068,12,1,0.1203999999999999,0.0293052896249124,1,0.24868929352392966
2014-02-25 12:15:00,0.134,12,1,0.1207999999999999,0.0295160973029972,1,0.3382393104762283
2014-02-25 12:20:00,0.134,12,1,0.1207999999999999,0.0295160973029972,1,0.3382393104762283
2014-02-25 12:25:00,0.132,12,1,0.1203999999999999,0.0293052896249124,1,0.33673637256700684
2014-02-25 12:30:00,0.066,12,1,0.1067999999999999,0.0363483149540663,1,0.2549293296016605
2014-02-25 12:35:00,0.132,12,1,0.1195999999999999,0.0299799933288852,1,0.3344686313567941
2014-02-25 12:40:00,0.068,12,1,0.1063999999999999,0.0359833294735215,1,0.2254088778141048
2014-02-25 12:45:00,0.132,12,1,0.1059999999999999,0.0356089876295297,1,0.2691636400571575
2014-02-25 12:50:00,0.134,12,1,0.1063999999999999,0.0359833294735215,1,0.2770816477871236
2014-02-25 12:55:00,0.2,12,1,0.1331999999999999,0.0466819022748645,1,0.18700170868826504
2014-02-25 13:00:00,0.066,13,1,0.1199999999999999,0.0555877684387492,1,0.20995209798551806
2014-02-25 13:05:00,0.134,13,1,0.1331999999999999,0.0473835414463714,1,0.2827170479006565
2014-02-25 13:10:00,0.134,13,1,0.1336,0.0473793203834753,1,0.28165360297978753
2014-02-25 13:15:00,0.132,13,1,0.1331999999999999,0.0473835414463714,1,0.277929704821913
2014-02-25 13:20:00,0.134,13,1,0.1199999999999999,0.030199337741083,1,0.34023838728898503
2014-02-25 13:25:00,0.066,13,1,0.1199999999999999,0.030199337741083,1,0.2633569616452449
2014-02-25 13:30:00,0.134,13,1,0.1199999999999999,0.030199337741083,1,0.34023838728898503
2014-02-25 13:35:00,0.132,13,1,0.1195999999999999,0.0299799933288851,1,0.33177594836153196
2014-02-25 13:40:00,0.134,13,1,0.1199999999999999,0.030199337741083,1,0.34023838728898503
2014-02-25 13:45:00,0.066,13,1,0.1063999999999999,0.0368890227574545,1,0.24734824788319282
2014-02-25 13:50:00,0.132,13,1,0.1195999999999999,0.0299799933288851,1,0.33177594836153196
2014-02-25 13:55:00,0.134,13,1,0.1195999999999999,0.0299799933288851,1,0.33725427538622216
2014-02-25 14:00:00,0.134,14,1,0.1199999999999999,0.030199337741083,1,0.33583953489923263
2014-02-25 14:05:00,0.066,14,1,0.1063999999999999,0.0368890227574545,1,0.23911890171470945
2014-02-25 14:10:00,0.136,14,1,0.1203999999999999,0.0304433900871765,1,0.3104012922126809
2014-02-25 14:15:00,0.066,14,1,0.1071999999999999,0.0376191440625647,1,0.2315733187942124
2014-02-25 14:20:00,0.198,14,1,0.1199999999999999,0.0556057550978313,1,0.1742222988936547
2014-02-25 14:25:00,0.066,14,1,0.1063999999999999,0.0595046216692451,1,0.18039879109223866
2014-02-25 14:30:00,0.132,14,1,0.1195999999999999,0.0554869353992451,1,0.2651071447798368
2014-02-25 14:35:00,0.132,14,1,0.1187999999999999,0.0552195617512489,1,0.2605750402468233
2014-02-25 14:40:00,0.134,14,1,0.1323999999999999,0.0466776177626922,1,0.282845015821377
2014-02-25 14:45:00,0.132,14,1,0.1191999999999999,0.0297523108346225,1,0.3268415136132644
2014-02-25 14:50:00,0.066,14,1,0.1191999999999999,0.0297523108346225,1,0.25139834703057684
2014-02-25 14:55:00,0.2,14,1,0.1327999999999999,0.0473835414463714,1,0.1860591361806221
2014-02-25 15:00:00,0.066,15,1,0.1195999999999999,0.0560606814086307,1,0.20373071244381447
2014-02-25 15:05:00,0.134,15,1,0.1195999999999999,0.0560606814086307,1,0.2695115112386759
2014-02-25 15:10:00,0.132,15,1,0.1195999999999999,0.0560606814086307,1,0.26345727003903235
2014-02-25 15:15:00,0.066,15,1,0.1195999999999999,0.0560606814086307,1,0.20373071244381447
2014-02-25 15:20:00,0.2019999999999999,15,1,0.1199999999999999,0.0567802782663135,1,0.17377860948994095
2014-02-25 15:25:00,0.136,15,1,0.1339999999999999,0.0481040538832227,1,0.2570053787804178
2014-02-25 15:30:00,0.134,15,1,0.1339999999999999,0.0481040538832227,1,0.27805495581543627
2014-02-25 15:35:00,0.134,15,1,0.1343999999999999,0.0480915793044894,1,0.27805495581543627
2014-02-25 15:40:00,0.066,15,1,0.1343999999999999,0.0480915793044894,1,0.203966372705212
2014-02-25 15:45:00,0.266,15,1,0.1471999999999999,0.0727681248899544,1,0.11320205563363295
2014-02-25 15:50:00,0.134,15,1,0.1467999999999999,0.0728505319129517,1,0.19869970892307942
2014-02-25 15:55:00,0.134,15,1,0.1467999999999999,0.0728505319129517,1,0.19869970892307942
2014-02-25 16:00:00,0.066,16,1,0.1331999999999999,0.0816529240137792,1,0.15059789571900073
2014-02-25 16:05:00,0.134,16,1,0.1467999999999999,0.0728505319129517,1,0.19682126277826395
2014-02-25 16:10:00,0.134,16,1,0.1203999999999999,0.0304105244939971,1,0.33468237160437464
2014-02-25 16:15:00,0.066,16,1,0.1067999999999999,0.0372451339103513,1,0.2338290123258076
2014-02-25 16:20:00,0.134,16,1,0.1067999999999999,0.0372451339103513,1,0.2660553150369987
2014-02-25 16:25:00,0.134,16,1,0.1203999999999999,0.0304105244939971,1,0.33468237160437464
2014-02-25 16:30:00,0.066,16,1,0.1067999999999999,0.0372451339103513,1,0.2338290123258076
2014-02-25 16:35:00,0.132,16,1,0.1063999999999999,0.0368890227574545,1,0.2602080339883321
2014-02-25 16:40:00,0.134,16,1,0.1199999999999999,0.030199337741083,1,0.33398477060367987
2014-02-25 16:45:00,0.134,16,1,0.1199999999999999,0.030199337741083,1,0.33398477060367987
2014-02-25 16:50:00,0.066,16,1,0.1063999999999999,0.0368890227574545,1,0.2320255736020973
2014-02-25 16:55:00,0.134,16,1,0.1199999999999999,0.030199337741083,1,0.33398477060367987
2014-02-25 17:00:00,0.134,17,1,0.1203999999999999,0.0304105244939971,1,0.3357459411914017
2014-02-25 17:05:00,0.134,17,1,0.1203999999999999,0.0304105244939971,1,0.3357459411914017
2014-02-25 17:10:00,0.132,17,1,0.1199999999999999,0.030199337741083,1,0.3294748204243926
2014-02-25 17:15:00,0.068,17,1,0.1203999999999999,0.0293052896249124,1,0.2293869350623865
2014-02-25 17:20:00,0.134,17,1,0.1203999999999999,0.0293052896249124,1,0.33558822335253763
2014-02-25 17:25:00,0.134,17,1,0.1203999999999999,0.0293052896249124,1,0.33558822335253763
2014-02-25 17:30:00,0.066,17,1,0.1067999999999999,0.0363483149540663,1,0.2329130686499476
2014-02-25 17:35:00,0.134,17,1,0.1071999999999999,0.0367042231902543,1,0.2718120269602765
2014-02-25 17:40:00,0.134,17,1,0.1203999999999999,0.0304105244939971,1,0.3357459411914017
2014-02-25 17:45:00,0.132,17,1,0.1199999999999999,0.030199337741083,1,0.3294748204243926
2014-02-25 17:50:00,0.134,17,1,0.1199999999999999,0.030199337741083,1,0.33652875007218946
2014-02-25 17:55:00,0.134,17,1,0.1335999999999999,0.0008944271910002,1,0.28464489249737773
2014-02-25 18:00:00,0.134,18,1,0.1336,0.0008944271910002,1,0.2811975427751936
2014-02-25 18:05:00,0.134,18,1,0.1335999999999999,0.0008944271910002,1,0.2811975427751936
2014-02-25 18:10:00,0.132,18,1,0.1336,0.0008944271910002,1,0.2689449403767316
2014-02-25 18:15:00,0.134,18,1,0.1335999999999999,0.0008944271910002,1,0.2811975427751936
2014-02-25 18:20:00,0.134,18,1,0.1336,0.0008944271910002,1,0.2811975427751936
2014-02-25 18:25:00,0.134,18,1,0.1335999999999999,0.0008944271910002,1,0.2811975427751936
2014-02-25 18:30:00,0.134,18,1,0.1336,0.0008944271910002,1,0.2811975427751936
2014-02-25 18:35:00,0.066,18,1,0.1203999999999999,0.0304105244939971,1,0.2446066035711823
2014-02-25 18:40:00,0.134,18,1,0.1203999999999999,0.0304105244939971,1,0.33314553296412436
2014-02-25 18:45:00,0.132,18,1,0.1199999999999999,0.030199337741083,1,0.32699389439921034
2014-02-25 18:50:00,0.132,18,1,0.1195999999999999,0.0299799933288852,1,0.32230785520562744
2014-02-25 18:55:00,0.134,18,1,0.1195999999999999,0.0299799933288852,1,0.3296090028801943
2014-02-25 19:00:00,0.068,19,1,0.1199999999999999,0.029086079144498,1,0.21744280846639596
2014-02-25 19:05:00,0.134,19,1,0.1199999999999999,0.029086079144498,1,0.32816390661811823
2014-02-25 19:10:00,0.134,19,1,0.1203999999999999,0.0293052896249124,1,0.33168925993867043
2014-02-25 19:15:00,0.136,19,1,0.1211999999999999,0.0297523108346226,1,0.29701668940596876
2014-02-25 19:20:00,0.134,19,1,0.1211999999999999,0.0297523108346226,1,0.3282089754556116
2014-02-25 19:25:00,0.132,19,1,0.1339999999999999,0.001414213562373,1,0.2606023084566951
2014-02-25 19:30:00,0.132,19,1,0.1336,0.0016733200530681,1,0.26051236736488226
2014-02-25 19:35:00,0.066,19,1,0.1199999999999999,0.0302324329156619,1,0.241734900095052
2014-02-25 19:40:00,0.134,19,1,0.1195999999999999,0.0299799933288852,1,0.3293454836562546
2014-02-25 19:45:00,0.134,19,1,0.1195999999999999,0.0299799933288852,1,0.3293454836562546
2014-02-25 19:50:00,0.134,19,1,0.1199999999999999,0.030199337741083,1,0.33422711051101356
2014-02-25 19:55:00,0.198,19,1,0.1331999999999999,0.0466819022748645,1,0.1759992189392634
2014-02-25 20:00:00,0.134,20,1,0.1467999999999999,0.0286216701119972,1,0.2565568185342868
2014-02-25 20:05:00,0.132,20,1,0.1463999999999999,0.0288582743766843,1,0.2555606309595924
2014-02-25 20:10:00,0.134,20,1,0.1463999999999999,0.0288582743766843,1,0.26196849772485964
2014-02-25 20:15:00,0.066,20,1,0.1327999999999999,0.0466819022748645,1,0.19556325054764645
2014-02-25 20:20:00,0.134,20,1,0.1199999999999999,0.030199337741083,1,0.32504814876900556
2014-02-25 20:25:00,0.134,20,1,0.1199999999999999,0.030199337741083,1,0.32504814876900556
2014-02-25 20:30:00,0.132,20,1,0.1199999999999999,0.030199337741083,1,0.31727814481585603
2014-02-25 20:35:00,0.066,20,1,0.1063999999999999,0.0368890227574545,1,0.20941493322787785
2014-02-25 20:40:00,0.134,20,1,0.1199999999999999,0.030199337741083,1,0.32504814876900556
2014-02-25 20:45:00,0.134,20,1,0.1199999999999999,0.030199337741083,1,0.32504814876900556
2014-02-25 20:50:00,0.134,20,1,0.1199999999999999,0.030199337741083,1,0.32504814876900556
2014-02-25 20:55:00,0.198,20,1,0.1331999999999999,0.0466819022748645,1,0.17120586645941027
2014-02-25 21:00:00,0.132,21,1,0.1463999999999999,0.0288582743766844,1,0.25087187583683607
2014-02-25 21:05:00,0.134,21,1,0.1463999999999999,0.0288582743766844,1,0.2554820173484194
2014-02-25 21:10:00,0.134,21,1,0.1463999999999999,0.0288582743766844,1,0.2554820173484194
2014-02-25 21:15:00,0.134,21,1,0.1463999999999999,0.0288582743766844,1,0.2554820173484194
2014-02-25 21:20:00,0.134,21,1,0.1335999999999999,0.0008944271910003,1,0.2636802220665712
2014-02-25 21:25:00,0.068,21,1,0.1207999999999999,0.0295160973029972,1,0.215089318683918
2014-02-25 21:30:00,0.132,21,1,0.1203999999999999,0.0293052896249124,1,0.3121552110403269
2014-02-25 21:35:00,0.134,21,1,0.1203999999999999,0.0293052896249124,1,0.31821938997281635
2014-02-25 21:40:00,0.134,21,1,0.1203999999999999,0.0293052896249124,1,0.31821938997281635
2014-02-25 21:45:00,0.132,21,1,0.1199999999999999,0.029086079144498,1,0.3089552250240373
2014-02-25 21:50:00,0.136,21,1,0.1335999999999999,0.0016733200530684,1,0.23295614864625752
2014-02-25 21:55:00,0.134,21,1,0.1339999999999999,0.0014142135623733,1,0.2583252843066613
2014-02-25 22:00:00,0.134,22,1,0.1339999999999999,0.0014142135623733,1,0.25127778927387345
2014-02-25 22:05:00,0.136,22,1,0.1344,0.0016733200530683,1,0.2222506687502851
2014-02-25 22:10:00,0.132,22,1,0.1343999999999999,0.0016733200530683,1,0.23379022518023307
2014-02-25 22:15:00,0.066,22,1,0.1203999999999999,0.0304433900871765,1,0.22633633805800968
2014-02-25 22:20:00,0.134,22,1,0.1203999999999999,0.0304433900871765,1,0.31297400579223006
2014-02-25 22:25:00,0.132,22,1,0.1199999999999999,0.0302324329156619,1,0.3056613327504631
2014-02-25 22:30:00,0.066,22,1,0.1059999999999999,0.0365239647354993,1,0.19049555067668833
2014-02-25 22:35:00,0.134,22,1,0.1063999999999999,0.0368890227574545,1,0.23999638619580593
2014-02-25 22:40:00,0.134,22,1,0.1199999999999999,0.030199337741083,1,0.31301499432351065
2014-02-25 22:45:00,0.134,22,1,0.1199999999999999,0.030199337741083,1,0.31301499432351065
2014-02-25 22:50:00,0.134,22,1,0.1203999999999999,0.0304105244939971,1,0.31297400579223006
2014-02-25 22:55:00,0.134,22,1,0.134,0.0,1,0.24637486875170073
2014-02-25 23:00:00,0.134,23,1,0.134,0.0,1,0.22766241481374339
2014-02-25 23:05:00,0.134,23,1,0.134,0.0,1,0.22766241481374339
2014-02-25 23:10:00,0.066,23,1,0.1203999999999999,0.0304105244939971,1,0.21587043794651573
2014-02-25 23:15:00,0.132,23,1,0.1199999999999999,0.030199337741083,1,0.2906611104719482
2014-02-25 23:20:00,0.2019999999999999,23,1,0.1335999999999999,0.0480915793044894,1,0.16163261848449073
2014-02-25 23:25:00,0.134,23,1,0.1335999999999999,0.0480915793044894,1,0.2431312407716883
2014-02-25 23:30:00,0.132,23,1,0.1331999999999999,0.0480957378569036,1,0.2360365850339191
2014-02-25 23:35:00,0.134,23,1,0.1467999999999999,0.0308739372286722,1,0.23305805301615595
2014-02-25 23:40:00,0.066,23,1,0.1335999999999999,0.0480915793044894,1,0.1701600796928101
2014-02-25 23:45:00,0.134,23,1,0.1199999999999999,0.030199337741083,1,0.29531546547786763
2014-02-25 23:50:00,0.134,23,1,0.1199999999999999,0.030199337741083,1,0.29531546547786763
2014-02-25 23:55:00,0.2019999999999999,23,1,0.1339999999999999,0.0480832611206852,1,0.16267997543989587
2014-02-26 00:00:00,0.066,0,2,0.1203999999999999,0.0568928818043171,1,0.1853414218085756
2014-02-26 00:05:00,0.2,0,2,0.1471999999999999,0.0564198546612803,1,0.11166995094570153
2014-02-26 00:10:00,0.134,0,2,0.1471999999999999,0.0564198546612803,1,0.18860195320822704
2014-02-26 00:15:00,0.066,0,2,0.1335999999999999,0.0675040739511327,1,0.15283649425799883
2014-02-26 00:20:00,0.132,0,2,0.1195999999999999,0.0560606814086307,1,0.23526936224567374
2014-02-26 00:25:00,0.134,0,2,0.1331999999999999,0.0473835414463714,1,0.2556115852367625
2014-02-26 00:30:00,0.134,0,2,0.1199999999999999,0.030199337741083,1,0.30653960202207936
2014-02-26 00:35:00,0.136,0,2,0.1203999999999999,0.0304433900871765,1,0.28125938682223456
2014-02-26 00:40:00,0.134,0,2,0.1339999999999999,0.0014142135623735,1,0.22932635661861045
2014-02-26 00:45:00,0.132,0,2,0.1339999999999999,0.0014142135623735,1,0.22212177683246548
2014-02-26 00:50:00,0.068,0,2,0.1207999999999999,0.0295499576987853,1,0.21006011467432617
2014-02-26 00:55:00,0.134,0,2,0.1207999999999999,0.0295499576987853,1,0.29975469505310975
2014-02-26 01:00:00,0.134,1,2,0.1203999999999999,0.0293052896249124,1,0.31952211729597746
2014-02-26 01:05:00,0.134,1,2,0.1203999999999999,0.0293052896249124,1,0.31952211729597746
2014-02-26 01:10:00,0.134,1,2,0.1207999999999999,0.0295160973029972,1,0.3163525219226654
2014-02-26 01:15:00,0.066,1,2,0.1203999999999999,0.0304105244939971,1,0.2537513906250114
2014-02-26 01:20:00,0.134,1,2,0.1203999999999999,0.0304105244939971,1,0.3202451821520056
2014-02-26 01:25:00,0.134,1,2,0.1203999999999999,0.0304105244939971,1,0.3202451821520056
2014-02-26 01:30:00,0.134,1,2,0.1203999999999999,0.0304105244939971,1,0.3202451821520056
2014-02-26 01:35:00,0.134,1,2,0.1203999999999999,0.0304105244939971,1,0.3202451821520056
2014-02-26 01:40:00,0.132,1,2,0.1335999999999999,0.0008944271909999,1,0.242435986669695
2014-02-26 01:45:00,0.066,1,2,0.1199999999999999,0.030199337741083,1,0.2560143091234619
2014-02-26 01:50:00,0.132,1,2,0.1195999999999999,0.0299799933288851,1,0.31160113998857797
2014-02-26 01:55:00,0.132,1,2,0.1191999999999999,0.0297523108346225,1,0.30612579161061676
2014-02-26 02:00:00,0.134,2,2,0.1191999999999999,0.0297523108346225,1,0.3223555048925276
2014-02-26 02:05:00,0.066,2,2,0.1059999999999999,0.0365239647354993,1,0.2460379110363598
2014-02-26 02:10:00,0.134,2,2,0.1195999999999999,0.0299799933288851,1,0.32843228337967534
2014-02-26 02:15:00,0.134,2,2,0.1199999999999999,0.030199337741083,1,0.3297929501371155
2014-02-26 02:20:00,0.134,2,2,0.1203999999999999,0.0304105244939971,1,0.32918334988957054
2014-02-26 02:25:00,0.066,2,2,0.1067999999999999,0.0372451339103513,1,0.25433819194833984
2014-02-26 02:30:00,0.2,2,2,0.1335999999999999,0.0473793203834753,1,0.18222119495654343
2014-02-26 02:35:00,0.066,2,2,0.1199999999999999,0.0561782876207525,1,0.21763901264240615
2014-02-26 02:40:00,0.134,2,2,0.1199999999999999,0.0561782876207525,1,0.26859295940050715
2014-02-26 02:45:00,0.134,2,2,0.1199999999999999,0.0561782876207525,1,0.26859295940050715
2014-02-26 02:50:00,0.132,2,2,0.1331999999999999,0.0473835414463714,1,0.2785324308300616
2014-02-26 02:55:00,0.134,2,2,0.1199999999999999,0.030199337741083,1,0.3297929501371155
2014-02-26 03:00:00,0.134,3,2,0.1335999999999999,0.0008944271909999,1,0.2688492108759975
2014-02-26 03:05:00,0.198,3,2,0.1463999999999999,0.0288582743766844,1,0.15338702929643522
2014-02-26 03:10:00,0.066,3,2,0.1327999999999999,0.0466819022748645,1,0.22647841771616806
2014-02-26 03:15:00,1.534,3,2,0.4131999999999999,0.6282827389002502,-1,-0.04656680730093432
2014-02-26 03:20:00,0.066,3,2,0.3996,0.6365192848610323,-1,-0.002106692061915161
2014-02-26 03:25:00,0.134,3,2,0.3995999999999999,0.6365192848610323,1,0.011554230164045776
2014-02-26 03:30:00,0.132,3,2,0.3863999999999999,0.6424023661226661,1,0.01681133000813695
2014-02-26 03:35:00,0.132,3,2,0.3995999999999999,0.6348061121318855,1,0.011066292502071029
2014-02-26 03:40:00,0.134,3,2,0.1195999999999999,0.0299799933288833,1,0.3357693835573235
2014-02-26 03:45:00,0.132,3,2,0.1327999999999999,0.0010954451149611,1,0.2625702988777385
2014-02-26 03:50:00,0.132,3,2,0.1324,0.0008944271909397,1,0.2577503713497744
2014-02-26 03:55:00,0.134,3,2,0.1327999999999999,0.0010954451149611,1,0.2684348473018418
2014-02-26 04:00:00,0.134,4,2,0.1331999999999999,0.0010954451149612,1,0.2720728039939087
2014-02-26 04:05:00,0.136,4,2,0.1335999999999999,0.001673320053036,1,0.24631075423463994
2014-02-26 04:10:00,0.134,4,2,0.1339999999999999,0.001414213562335,1,0.2645565974093162
2014-02-26 04:15:00,0.136,4,2,0.1347999999999999,0.0010954451149612,1,0.23330735485163917
2014-02-26 04:20:00,0.066,4,2,0.1211999999999999,0.0308739372286705,1,0.2593237469332822
2014-02-26 04:25:00,0.2,4,2,0.1343999999999999,0.0474004219390491,1,0.18584814398159089
2014-02-26 04:30:00,0.066,4,2,0.1203999999999999,0.0563098570411956,1,0.2188101345766298
2014-02-26 04:35:00,0.132,4,2,0.1199999999999999,0.0561960852729075,1,0.2729189127725104
2014-02-26 04:40:00,0.136,4,2,0.1199999999999999,0.0561960852729075,1,0.2583860935854918
2014-02-26 04:45:00,0.132,4,2,0.1331999999999999,0.0474046411229944,1,0.28723347514517067
2014-02-26 04:50:00,0.132,4,2,0.1195999999999999,0.0300133303716846,1,0.33193891603731435
2014-02-26 04:55:00,0.132,4,2,0.1327999999999999,0.0017888543819696,1,0.26116203527515697
2014-02-26 05:00:00,0.132,5,2,0.1327999999999999,0.0017888543819696,1,0.26763687203694586
2014-02-26 05:05:00,0.134,5,2,0.1323999999999999,0.0008944271909999,1,0.27297121804146174
2014-02-26 05:10:00,0.134,5,2,0.1327999999999999,0.0010954451150103,1,0.27669422891678996
2014-02-26 05:15:00,0.134,5,2,0.1331999999999999,0.0010954451150103,1,0.2799130936512588
2014-02-26 05:20:00,0.134,5,2,0.1336,0.0008944271909999,1,0.2781516603664455
2014-02-26 05:25:00,0.132,5,2,0.1335999999999999,0.0008944271909999,1,0.27276144085781495
2014-02-26 05:30:00,0.134,5,2,0.1336,0.0008944271909999,1,0.2781516603664455
2014-02-26 05:35:00,0.132,5,2,0.1331999999999999,0.0010954451150103,1,0.27579969174352037
2014-02-26 05:40:00,0.132,5,2,0.1327999999999999,0.0010954451150103,1,0.2731274184579182
2014-02-26 05:45:00,0.2019999999999999,5,2,0.1463999999999999,0.0310934076614319,1,0.16102254428010143
2014-02-26 05:50:00,0.134,5,2,0.1467999999999999,0.0308739372286723,1,0.26525595443230343
2014-02-26 05:55:00,0.132,5,2,0.1463999999999999,0.0310934076614319,1,0.261744938656324
2014-02-26 06:00:00,0.132,6,2,0.1463999999999999,0.0310934076614319,1,0.2597880228432964
2014-02-26 06:05:00,0.134,6,2,0.1467999999999999,0.0308739372286723,1,0.26275814865922753
2014-02-26 06:10:00,0.134,6,2,0.1331999999999999,0.0010954451150104,1,0.2779933592011844
2014-02-26 06:15:00,0.134,6,2,0.1331999999999999,0.0010954451150104,1,0.2779933592011844
2014-02-26 06:20:00,0.2,6,2,0.1467999999999999,0.0297523108346225,1,0.15864753911460627
2014-02-26 06:25:00,0.066,6,2,0.1335999999999999,0.0473793203834753,1,0.23500836623833382
2014-02-26 06:30:00,0.134,6,2,0.1335999999999999,0.0473793203834753,1,0.29335290299327693
2014-02-26 06:35:00,0.132,6,2,0.1331999999999999,0.0473835414463714,1,0.2903129639046174
2014-02-26 06:40:00,0.066,6,2,0.1195999999999999,0.0560606814086307,1,0.21683165319813036
2014-02-26 06:45:00,0.134,6,2,0.1063999999999999,0.0368890227574546,1,0.29319886031699727
2014-02-26 06:50:00,0.134,6,2,0.1199999999999999,0.030199337741083,1,0.3428039858655417
2014-02-26 06:55:00,0.2019999999999999,6,2,0.1335999999999999,0.0480915793044894,1,0.18718126598657903
2014-02-26 07:00:00,0.132,7,2,0.1335999999999999,0.0480915793044894,1,0.27934197634562785
2014-02-26 07:05:00,0.134,7,2,0.1471999999999999,0.0306463700950046,1,0.2616174733544857
2014-02-26 07:10:00,0.134,7,2,0.1471999999999999,0.0306463700950046,1,0.2616174733544857
2014-02-26 07:15:00,0.134,7,2,0.1471999999999999,0.0306463700950046,1,0.2616174733544857
2014-02-26 07:20:00,0.134,7,2,0.1335999999999999,0.0008944271910002,1,0.2754103544736009
2014-02-26 07:25:00,0.134,7,2,0.134,6.901812470012046e-10,1,0.2639822351764937
2014-02-26 07:30:00,0.068,7,2,0.1207999999999999,0.0295160973029972,1,0.24185884561719667
2014-02-26 07:35:00,0.132,7,2,0.1203999999999999,0.0293052896249124,1,0.3382111968169419
2014-02-26 07:40:00,0.132,7,2,0.1199999999999999,0.029086079144498,1,0.33863462227801866
2014-02-26 07:45:00,0.132,7,2,0.1195999999999999,0.0288582743766844,1,0.33505537145259123
2014-02-26 07:50:00,0.2019999999999999,7,2,0.1331999999999999,0.0474046411229955,1,0.19040080579976393
2014-02-26 07:55:00,0.132,7,2,0.1459999999999999,0.031304951684997,1,0.2594519654395454
2014-02-26 08:00:00,0.134,8,2,0.1463999999999999,0.0310934076614319,1,0.26792500655747303
2014-02-26 08:05:00,0.134,8,2,0.1467999999999999,0.0308739372286722,1,0.2666641605562131
2014-02-26 08:10:00,0.132,8,2,0.1467999999999999,0.0308739372286722,1,0.26240083596064645
2014-02-26 08:15:00,0.132,8,2,0.1327999999999999,0.0010954451150106,1,0.27179170904329353
2014-02-26 08:20:00,0.132,8,2,0.1327999999999999,0.0010954451150106,1,0.27179170904329353
2014-02-26 08:25:00,0.132,8,2,0.1323999999999999,0.0008944271910003,1,0.26706636554880697
2014-02-26 08:30:00,0.134,8,2,0.1323999999999999,0.0008944271910003,1,0.26804594200383364
2014-02-26 08:35:00,0.134,8,2,0.1327999999999999,0.0010954451150107,1,0.2718088576968419
2014-02-26 08:40:00,0.134,8,2,0.1331999999999999,0.0010954451150107,1,0.27506222359573584
2014-02-26 08:45:00,0.134,8,2,0.1335999999999999,0.0008944271910003,1,0.2739672161276495
2014-02-26 08:50:00,0.132,8,2,0.1335999999999999,0.0008944271910003,1,0.27180115689506507
2014-02-26 08:55:00,0.2019999999999999,8,2,0.1471999999999999,0.0306463700950046,1,0.16028525674429583
2014-02-26 09:00:00,0.132,9,2,0.1467999999999999,0.0308739372286723,1,0.2654270940215742
2014-02-26 09:05:00,0.134,9,2,0.1467999999999999,0.0308739372286723,1,0.27080393544992354
2014-02-26 09:10:00,0.134,9,2,0.1467999999999999,0.0308739372286723,1,0.27080393544992354
2014-02-26 09:15:00,0.132,9,2,0.1467999999999999,0.0308739372286723,1,0.2654270940215742
2014-02-26 09:20:00,0.068,9,2,0.1199999999999999,0.0290860791444979,1,0.24669966015465866
2014-02-26 09:25:00,0.134,9,2,0.1203999999999999,0.0293052896249124,1,0.34751554194404655
2014-02-26 09:30:00,0.132,9,2,0.1199999999999999,0.0290860791444979,1,0.3411842568664636
2014-02-26 09:35:00,0.198,9,2,0.1327999999999999,0.0459695551425071,1,0.18814797797562977
2014-02-26 09:40:00,0.134,9,2,0.1331999999999999,0.0459695551425071,1,0.3000772765954922
2014-02-26 09:45:00,0.134,9,2,0.1463999999999999,0.0288582743766844,1,0.27089742589205107
2014-02-26 09:50:00,0.134,9,2,0.1463999999999999,0.0288582743766844,1,0.27089742589205107
2014-02-26 09:55:00,0.132,9,2,0.1463999999999999,0.0288582743766844,1,0.26669128840635437
2014-02-26 10:00:00,0.198,10,2,0.1463999999999999,0.0288582743766844,1,0.16173841145825973
2014-02-26 10:05:00,0.132,10,2,0.1459999999999999,0.0290860791444979,1,0.2662505591871607
2014-02-26 10:10:00,0.066,10,2,0.1323999999999999,0.0466776177626922,1,0.2290463563289481
2014-02-26 10:15:00,0.132,10,2,0.1319999999999999,0.0466690475583121,1,0.28810561104975957
2014-02-26 10:20:00,0.134,10,2,0.1323999999999999,0.0466776177626922,1,0.2948264318806201
2014-02-26 10:25:00,0.132,10,2,0.1191999999999999,0.0297523108346226,1,0.3347101337486559
2014-02-26 10:30:00,0.066,10,2,0.1059999999999999,0.0365239647354993,1,0.25822229597847973
2014-02-26 10:35:00,0.132,10,2,0.1191999999999999,0.0297523108346226,1,0.3347101337486559
2014-02-26 10:40:00,0.132,10,2,0.1191999999999999,0.0297523108346226,1,0.3347101337486559
2014-02-26 10:45:00,0.132,10,2,0.1187999999999999,0.0295160973029972,1,0.33205636553256657
2014-02-26 10:50:00,0.134,10,2,0.1191999999999999,0.0297523108346226,1,0.340519620718697
2014-02-26 10:55:00,0.132,10,2,0.1323999999999999,0.0008944271910005,1,0.2670996782656794
2014-02-26 11:00:00,0.2019999999999999,11,2,0.1463999999999999,0.031093407661432,1,0.16622720571223482
2014-02-26 11:05:00,0.066,11,2,0.1331999999999999,0.0480957378569036,1,0.22839435155848975
2014-02-26 11:10:00,0.134,11,2,0.1335999999999999,0.0480915793044894,1,0.28695779282801964
2014-02-26 11:15:00,0.134,11,2,0.1335999999999999,0.0480915793044894,1,0.28695779282801964
2014-02-26 11:20:00,0.066,11,2,0.1203999999999999,0.0568928818043171,1,0.21508975508842554
2014-02-26 11:25:00,0.132,11,2,0.1063999999999999,0.0368890227574546,1,0.2917292595867682
2014-02-26 11:30:00,0.134,11,2,0.1199999999999999,0.030199337741083,1,0.3460650491290349
2014-02-26 11:35:00,0.134,11,2,0.1199999999999999,0.030199337741083,1,0.3460650491290349
2014-02-26 11:40:00,0.066,11,2,0.1063999999999999,0.0368890227574546,1,0.27030544356448344
2014-02-26 11:45:00,0.198,11,2,0.1327999999999999,0.0466819022748645,1,0.18106132137482644
2014-02-26 11:50:00,0.134,11,2,0.1331999999999999,0.0466819022748645,1,0.2954276719425011
2014-02-26 11:55:00,0.134,11,2,0.1331999999999999,0.0466819022748645,1,0.2954276719425011
2014-02-26 12:00:00,0.2,12,2,0.1463999999999999,0.0554689102110362,1,0.15262342082783276
2014-02-26 12:05:00,0.066,12,2,0.1463999999999999,0.0554689102110362,1,0.16776325151251292
2014-02-26 12:10:00,0.132,12,2,0.1331999999999999,0.0473835414463714,1,0.28572248103989495
2014-02-26 12:15:00,0.134,12,2,0.1331999999999999,0.0473835414463714,1,0.2909383709573502
2014-02-26 12:20:00,0.066,12,2,0.1195999999999999,0.0560606814086308,1,0.21151019319351327
2014-02-26 12:25:00,0.134,12,2,0.1063999999999999,0.0368890227574546,1,0.2945049013944126
2014-02-26 12:30:00,0.132,12,2,0.1195999999999999,0.0299799933288852,1,0.3380209658933155
2014-02-26 12:35:00,0.134,12,2,0.1199999999999999,0.030199337741083,1,0.3471917504396004
2014-02-26 12:40:00,0.134,12,2,0.1199999999999999,0.030199337741083,1,0.3471917504396004
2014-02-26 12:45:00,0.132,12,2,0.1331999999999999,0.0010954451150109,1,0.2753303650504469
2014-02-26 12:50:00,0.136,12,2,0.1336,0.0016733200530685,1,0.25152283086835187
2014-02-26 12:55:00,0.134,12,2,0.1339999999999999,0.0014142135623735,1,0.27632920564971836
2014-02-26 13:00:00,0.134,13,2,0.1339999999999999,0.0014142135623735,1,0.2854211146738807
2014-02-26 13:05:00,0.134,13,2,0.1339999999999999,0.0014142135623735,1,0.2854211146738807
2014-02-26 13:10:00,0.134,13,2,0.1344,0.0008944271910005,1,0.27793257353691414
2014-02-26 13:15:00,0.132,13,2,0.1335999999999999,0.0008944271910006,1,0.27922541293034797
2014-02-26 13:20:00,0.132,13,2,0.1331999999999999,0.0010954451150109,1,0.2816076705264756
2014-02-26 13:25:00,0.132,13,2,0.1327999999999999,0.0010954451150109,1,0.27992560926616666
2014-02-26 13:30:00,0.066,13,2,0.1191999999999999,0.0297523108346226,1,0.26734717698954136
2014-02-26 13:35:00,0.132,13,2,0.1187999999999999,0.0295160973029972,1,0.3314587457766323
2014-02-26 13:40:00,0.132,13,2,0.1187999999999999,0.0295160973029972,1,0.3314587457766323
2014-02-26 13:45:00,0.066,13,2,0.1055999999999999,0.036149688795341,1,0.25241996369456265
2014-02-26 13:50:00,0.134,13,2,0.1059999999999999,0.0365239647354994,1,0.2855802535052465
2014-02-26 13:55:00,0.134,13,2,0.1195999999999999,0.0299799933288852,1,0.34438832527409846
2014-02-26 14:00:00,0.132,14,2,0.1195999999999999,0.0299799933288852,1,0.3343707766714257
2014-02-26 14:05:00,0.134,14,2,0.1199999999999999,0.030199337741083,1,0.34263664633972124
2014-02-26 14:10:00,0.066,14,2,0.1199999999999999,0.030199337741083,1,0.27162088504029297
2014-02-26 14:15:00,0.134,14,2,0.1199999999999999,0.030199337741083,1,0.34263664633972124
2014-02-26 14:20:00,0.132,14,2,0.1195999999999999,0.0299799933288852,1,0.3343707766714257
2014-02-26 14:25:00,0.2019999999999999,14,2,0.1335999999999999,0.0480915793044894,1,0.1866365072277666
2014-02-26 14:30:00,0.134,14,2,0.1335999999999999,0.0480915793044894,1,0.2813629853819431
2014-02-26 14:35:00,0.132,14,2,0.1467999999999999,0.0308739372286723,1,0.2650882990119761
2014-02-26 14:40:00,0.066,14,2,0.1331999999999999,0.0480957378569036,1,0.22019302798952722
2014-02-26 14:45:00,0.2019999999999999,14,2,0.1471999999999999,0.0570192949798574,1,0.15278130777367438
2014-02-26 14:50:00,0.066,14,2,0.1199999999999999,0.0567802782663135,1,0.20657598937040222
2014-02-26 14:55:00,0.2,14,2,0.1331999999999999,0.0675070366702612,1,0.15544172289608116
2014-02-26 15:00:00,0.132,15,2,0.1331999999999999,0.0675070366702612,1,0.2304876043771762
2014-02-26 15:05:00,0.068,15,2,0.1335999999999999,0.0670134314895155,1,0.16161042725800945
2014-02-26 15:10:00,0.136,15,2,0.1203999999999999,0.0557207322277803,1,0.2503220546575776
2014-02-26 15:15:00,0.134,15,2,0.1339999999999999,0.046690470119715,1,0.28987188872505115
2014-02-26 15:20:00,0.132,15,2,0.1203999999999999,0.0293393933134276,1,0.33450729132190354
2014-02-26 15:25:00,0.134,15,2,0.1207999999999999,0.0295499576987853,1,0.33950557514020285
2014-02-26 15:30:00,0.132,15,2,0.1335999999999999,0.0016733200530683,1,0.27685117995727776
2014-02-26 15:35:00,0.134,15,2,0.1331999999999999,0.0010954451150106,1,0.29253570144510505
2014-02-26 15:40:00,0.134,15,2,0.1331999999999999,0.0010954451150106,1,0.29253570144510505
2014-02-26 15:45:00,0.066,15,2,0.1199999999999999,0.030199337741083,1,0.2673985391701819
2014-02-26 15:50:00,0.134,15,2,0.1199999999999999,0.030199337741083,1,0.34211227356250395
2014-02-26 15:55:00,0.2,15,2,0.1335999999999999,0.0473793203834753,1,0.19045048146365162
2014-02-26 16:00:00,0.134,16,2,0.1335999999999999,0.0473793203834753,1,0.2838144727100106
2014-02-26 16:05:00,0.132,16,2,0.1331999999999999,0.0473835414463714,1,0.2771660829634484
2014-02-26 16:10:00,0.066,16,2,0.1331999999999999,0.0473835414463714,1,0.22073636535415797
2014-02-26 16:15:00,0.134,16,2,0.1331999999999999,0.0473835414463714,1,0.2844840597685678
2014-02-26 16:20:00,0.134,16,2,0.1199999999999999,0.030199337741083,1,0.33878015932519046
2014-02-26 16:25:00,0.132,16,2,0.1195999999999999,0.0299799933288852,1,0.3284089184047858
2014-02-26 16:30:00,0.134,16,2,0.1199999999999999,0.030199337741083,1,0.33878015932519046
2014-02-26 16:35:00,0.132,16,2,0.1331999999999999,0.0010954451150105,1,0.2811448140207365
2014-02-26 16:40:00,0.134,16,2,0.1331999999999999,0.0010954451150105,1,0.2936285732274618
2014-02-26 16:45:00,0.134,16,2,0.1331999999999999,0.0010954451150105,1,0.2936285732274618
2014-02-26 16:50:00,0.132,16,2,0.1331999999999999,0.0010954451150105,1,0.2811448140207365
2014-02-26 16:55:00,0.134,16,2,0.1331999999999999,0.0010954451150105,1,0.2936285732274618
2014-02-26 17:00:00,0.066,17,2,0.1199999999999999,0.030199337741083,1,0.2631970263946385
2014-02-26 17:05:00,0.132,17,2,0.1195999999999999,0.0299799933288852,1,0.33289242761618165
2014-02-26 17:10:00,0.134,17,2,0.1195999999999999,0.0299799933288852,1,0.34029362075173963
2014-02-26 17:15:00,0.134,17,2,0.1199999999999999,0.030199337741083,1,0.34307166291837743
2014-02-26 17:20:00,0.066,17,2,0.1063999999999999,0.0368890227574546,1,0.25289723673553577
2014-02-26 17:25:00,0.134,17,2,0.1199999999999999,0.030199337741083,1,0.34307166291837743
2014-02-26 17:30:00,0.132,17,2,0.1199999999999999,0.030199337741083,1,0.33578712468622335
2014-02-26 17:35:00,0.066,17,2,0.1063999999999999,0.0368890227574546,1,0.25289723673553577
2014-02-26 17:40:00,0.132,17,2,0.1059999999999999,0.0365239647354994,1,0.2792662556872486
2014-02-26 17:45:00,0.134,17,2,0.1195999999999999,0.0299799933288852,1,0.34029362075173963
2014-02-26 17:50:00,0.134,17,2,0.1195999999999999,0.0299799933288852,1,0.34029362075173963
2014-02-26 17:55:00,0.134,17,2,0.1199999999999999,0.030199337741083,1,0.34307166291837743
2014-02-26 18:00:00,0.134,18,2,0.1335999999999999,0.0008944271910001,1,0.29626610772032125
2014-02-26 18:05:00,0.068,18,2,0.1207999999999999,0.0295160973029972,1,0.22854797015950523
2014-02-26 18:10:00,0.132,18,2,0.1203999999999999,0.0293052896249124,1,0.33017341897484453
2014-02-26 18:15:00,0.132,18,2,0.1199999999999999,0.029086079144498,1,0.3274020451250239
2014-02-26 18:20:00,0.066,18,2,0.1063999999999999,0.0359833294735215,1,0.2387157207987795
2014-02-26 18:25:00,0.132,18,2,0.1059999999999999,0.0356089876295297,1,0.2693396079067566
2014-02-26 18:30:00,0.132,18,2,0.1187999999999999,0.0295160973029972,1,0.3228952156559029
2014-02-26 18:35:00,0.068,18,2,0.1059999999999999,0.0356089876295297,1,0.20346471081967676
2014-02-26 18:40:00,0.134,18,2,0.1063999999999999,0.0359833294735215,1,0.2783300321912077
2014-02-26 18:45:00,0.134,18,2,0.1199999999999999,0.029086079144498,1,0.3354339945492499
2014-02-26 18:50:00,0.134,18,2,0.1203999999999999,0.0293052896249124,1,0.3378835256042165
2014-02-26 18:55:00,0.134,18,2,0.1207999999999999,0.0295160973029972,1,0.33551222989192514
2014-02-26 19:00:00,0.066,19,2,0.1203999999999999,0.0304105244939971,1,0.25812062712314143
2014-02-26 19:05:00,0.132,19,2,0.1199999999999999,0.030199337741083,1,0.3332561251197548
2014-02-26 19:10:00,0.134,19,2,0.1199999999999999,0.030199337741083,1,0.3416784491301433
2014-02-26 19:15:00,0.134,19,2,0.1199999999999999,0.030199337741083,1,0.3416784491301433
2014-02-26 19:20:00,0.134,19,2,0.1199999999999999,0.030199337741083,1,0.3416784491301433
2014-02-26 19:25:00,0.132,19,2,0.1331999999999999,0.0010954451150103,1,0.28131493130524343
2014-02-26 19:30:00,0.132,19,2,0.1331999999999999,0.0010954451150103,1,0.28131493130524343
2014-02-26 19:35:00,0.066,19,2,0.1195999999999999,0.0299799933288851,1,0.25192975070093626
2014-02-26 19:40:00,0.134,19,2,0.1195999999999999,0.0299799933288851,1,0.3376981483997067
2014-02-26 19:45:00,0.134,19,2,0.1195999999999999,0.0299799933288851,1,0.3376981483997067
2014-02-26 19:50:00,0.134,19,2,0.1199999999999999,0.030199337741083,1,0.3416784491301433
2014-02-26 19:55:00,0.134,19,2,0.1203999999999999,0.0304105244939971,1,0.33962862603782423
2014-02-26 20:00:00,0.134,20,2,0.134,0.0,1,0.2680558978791716
2014-02-26 20:05:00,0.134,20,2,0.134,0.0,1,0.2680558978791716
2014-02-26 20:10:00,0.066,20,2,0.1203999999999999,0.0304105244939971,1,0.2507253864141554
2014-02-26 20:15:00,0.134,20,2,0.1203999999999999,0.0304105244939971,1,0.32759839842008415
2014-02-26 20:20:00,0.136,20,2,0.1207999999999999,0.0306463700950047,1,0.29879129459930764
2014-02-26 20:25:00,0.136,20,2,0.1211999999999999,0.0308739372286723,1,0.29410367500533996
2014-02-26 20:30:00,0.134,20,2,0.1211999999999999,0.0308739372286723,1,0.3194973531099772
2014-02-26 20:35:00,0.068,20,2,0.1215999999999999,0.0299799933288851,1,0.2138906004651222
2014-02-26 20:40:00,0.134,20,2,0.1215999999999999,0.0299799933288851,1,0.32086432276337834
2014-02-26 20:45:00,0.136,20,2,0.1215999999999999,0.0299799933288851,1,0.2925752730944638
2014-02-26 20:50:00,0.134,20,2,0.1211999999999999,0.0297523108346225,1,0.32229512091625845
2014-02-26 20:55:00,0.134,20,2,0.1211999999999999,0.0297523108346225,1,0.32229512091625845
2014-02-26 21:00:00,0.266,21,2,0.1607999999999999,0.0588149640822809,1,0.08077483416113018
2014-02-26 21:05:00,0.198,21,2,0.1735999999999999,0.0584876055245895,1,0.09347953244649276
2014-02-26 21:10:00,0.264,21,2,0.1991999999999999,0.0655072515069896,1,0.05403844695277915
2014-02-26 21:15:00,0.2,21,2,0.2123999999999999,0.0548707572391707,1,0.08776375806886039
2014-02-26 21:20:00,0.134,21,2,0.2123999999999999,0.0548707572391707,1,0.17069651301704147
2014-02-26 21:25:00,0.066,21,2,0.1723999999999999,0.0751718032243473,1,0.0843094226734723
2014-02-26 21:30:00,0.134,21,2,0.1595999999999999,0.0751718032243473,1,0.1466058277949398
2014-02-26 21:35:00,0.132,21,2,0.1331999999999999,0.0473835414463713,1,0.262999709088962
2014-02-26 21:40:00,0.134,21,2,0.1199999999999999,0.0301993377410828,1,0.3254089142669989
2014-02-26 21:45:00,0.066,21,2,0.1063999999999999,0.0368890227574544,1,0.2284600961345037
2014-02-26 21:50:00,0.134,21,2,0.1199999999999999,0.0301993377410828,1,0.3254089142669989
2014-02-26 21:55:00,0.132,21,2,0.1195999999999999,0.029979993328885,1,0.31463835663473283
2014-02-26 22:00:00,0.132,22,2,0.1195999999999999,0.029979993328885,1,0.3054152501111303
2014-02-26 22:05:00,2.344,22,2,0.5616,0.996810312948256,-1,-0.0761162127434829
2014-02-26 22:10:00,0.134,22,2,0.5751999999999999,0.9887897653192008,-1,-0.0270432326648824
2014-02-26 22:15:00,0.066,22,2,0.5616,0.996810312948256,-1,-0.03439597966598518
2014-02-26 22:20:00,0.134,22,2,0.562,0.9965952036810132,-1,-0.025503134818042006
2014-02-26 22:25:00,0.066,22,2,0.5488,1.0041231000230997,-1,-0.03439597966598518
2014-02-26 22:30:00,0.132,22,2,0.1064,0.0368890227574567,1,0.2479647367403403
2014-02-26 22:35:00,0.134,22,2,0.1064,0.0368890227574567,1,0.2570327175450109
2014-02-26 22:40:00,0.132,22,2,0.1196,0.0299799933288878,1,0.3054152501111303
2014-02-26 22:45:00,0.132,22,2,0.1192,0.0297523108346253,1,0.30323345114328637
2014-02-26 22:50:00,0.134,22,2,0.1327999999999999,0.0010954451150859,1,0.25864584982438127
2014-02-26 22:55:00,0.134,22,2,0.1332,0.0010954451150859,1,0.26548200325604104
2014-02-26 23:00:00,0.132,23,2,0.1327999999999999,0.0010954451150859,1,0.2358988554077318
2014-02-26 23:05:00,0.134,23,2,0.1332,0.0010954451150859,1,0.2498923489621186
2014-02-26 23:10:00,0.066,23,2,0.12,0.0301993377410856,1,0.23503272455234475
2014-02-26 23:15:00,0.3279999999999999,23,2,0.1588,0.0989808062201968,1,0.04709578238436074
2014-02-26 23:20:00,0.132,23,2,0.1583999999999999,0.0991100398546997,1,0.11157940107692865
2014-02-26 23:25:00,0.066,23,2,0.1452,0.1075416198501778,1,0.08637498617730488
2014-02-26 23:30:00,0.134,23,2,0.1452,0.1075416198501778,1,0.12243239955583562
2014-02-26 23:35:00,0.134,23,2,0.1587999999999999,0.0989808062201968,1,0.11304575806510242
2014-02-26 23:40:00,0.132,23,2,0.1196,0.0299799933288878,1,0.29335408467231927
2014-02-26 23:45:00,0.066,23,2,0.1064,0.0368890227574566,1,0.2175490343009583
2014-02-26 23:50:00,0.134,23,2,0.12,0.0301993377410856,1,0.30417667445128305
2014-02-26 23:55:00,0.136,23,2,0.1204,0.0304433900871791,1,0.28230677325380993
2014-02-27 00:00:00,0.132,0,3,0.12,0.0302324329156645,1,0.29801490623388416
2014-02-27 00:05:00,0.134,0,3,0.1204,0.0304433900871791,1,0.30588846125004715
2014-02-27 00:10:00,0.066,0,3,0.1204,0.0304433900871791,1,0.24197377012956678
2014-02-27 00:15:00,0.132,0,3,0.12,0.0302324329156645,1,0.29801490623388416
2014-02-27 00:20:00,0.066,0,3,0.106,0.0365239647355015,1,0.22838932032608616
2014-02-27 00:25:00,0.134,0,3,0.1064,0.0368890227574566,1,0.2587997514656033
2014-02-27 00:30:00,0.132,0,3,0.106,0.0365239647355015,1,0.24782627473687652
2014-02-27 00:35:00,0.066,0,3,0.106,0.0365239647355015,1,0.22838932032608616
2014-02-27 00:40:00,0.132,0,3,0.106,0.0365239647355015,1,0.24782627473687652
2014-02-27 00:45:00,0.134,0,3,0.1196,0.0299799933288878,1,0.30390786361646144
2014-02-27 00:50:00,0.066,0,3,0.106,0.0365239647355015,1,0.22838932032608616
2014-02-27 00:55:00,0.134,0,3,0.1064,0.0368890227574566,1,0.2587997514656033
2014-02-27 01:00:00,0.132,1,3,0.1196,0.0299799933288878,1,0.3145801620673529
2014-02-27 01:05:00,0.134,1,3,0.12,0.0301993377410856,1,0.3246230786199086
2014-02-27 01:10:00,0.066,1,3,0.1064,0.0368890227574566,1,0.2519944613402917
2014-02-27 01:15:00,0.134,1,3,0.12,0.0301993377410856,1,0.3246230786199086
2014-02-27 01:20:00,0.134,1,3,0.12,0.0301993377410856,1,0.3246230786199086
2014-02-27 01:25:00,0.134,1,3,0.1204,0.0304105244939997,1,0.32324096956745124
2014-02-27 01:30:00,0.068,1,3,0.1072,0.0367042231902564,1,0.22783572003250818
2014-02-27 01:35:00,0.134,1,3,0.1208,0.0295160973029999,1,0.319390194371864
2014-02-27 01:40:00,0.134,1,3,0.1208,0.0295160973029999,1,0.319390194371864
2014-02-27 01:45:00,0.066,1,3,0.1072,0.0367042231902564,1,0.24984949156411973
2014-02-27 01:50:00,0.134,1,3,0.1072,0.0367042231902564,1,0.27619998294562687
2014-02-27 01:55:00,0.134,1,3,0.1204,0.0304105244939997,1,0.32324096956745124
2014-02-27 02:00:00,0.134,2,3,0.1204,0.0304105244939997,1,0.3315467092963041
2014-02-27 02:05:00,0.068,2,3,0.1072,0.0367042231902564,1,0.2346857808972626
2014-02-27 02:10:00,0.134,2,3,0.1208,0.0295160973029999,1,0.32777408662291607
2014-02-27 02:15:00,0.198,2,3,0.1336,0.0459652042310285,1,0.18121393325337187
2014-02-27 02:20:00,0.066,2,3,0.12,0.0549909083394715,1,0.22216602429663035
2014-02-27 02:25:00,0.134,2,3,0.12,0.0549909083394715,1,0.269216893594792
2014-02-27 02:30:00,0.066,2,3,0.1196,0.0554689102110376,1,0.2202714570303811
2014-02-27 02:35:00,0.134,2,3,0.1196,0.0554689102110376,1,0.2690796561593665
2014-02-27 02:40:00,0.134,2,3,0.1068,0.0372451339103534,1,0.2850591976740755
2014-02-27 02:45:00,0.066,2,3,0.1068,0.0372451339103534,1,0.26366051130812057
2014-02-27 02:50:00,0.132,2,3,0.1064,0.0368890227574566,1,0.275038296632773
2014-02-27 02:55:00,0.132,2,3,0.1196,0.0299799933288878,1,0.3234250053581092
2014-02-27 03:00:00,0.134,3,3,0.1196,0.0299799933288878,1,0.33619600856580373
2014-02-27 03:05:00,0.136,3,3,0.12,0.0302324329156645,1,0.3174541227770225
2014-02-27 03:10:00,0.134,3,3,0.1336,0.0016733200531165,1,0.25570751286977644
2014-02-27 03:15:00,0.068,3,3,0.1208,0.0295499576987879,1,0.24236076619587615
2014-02-27 03:20:00,0.134,3,3,0.1212,0.0297523108346252,1,0.3313708778155869
2014-02-27 03:25:00,0.132,3,3,0.1208,0.0295499576987879,1,0.32641329725885654
2014-02-27 03:30:00,0.068,3,3,0.1072,0.0357938542210832,1,0.23225865844880922
2014-02-27 03:35:00,0.134,3,3,0.1072,0.0357938542210832,1,0.2819698586253931
2014-02-27 03:40:00,1.5319999999999998,3,3,0.3999999999999999,0.6334398156099758,-1,-0.03870034467944439
2014-02-27 03:45:00,0.132,3,3,0.3995999999999999,0.6336503767851795,1,0.012325630299097945
2014-02-27 03:50:00,0.066,3,3,0.3863999999999999,0.6412603215543591,1,0.0013641900740097856
2014-02-27 03:55:00,0.136,3,3,0.3999999999999999,0.6334934885221789,1,0.008256833051205947
2014-02-27 04:00:00,0.134,4,3,0.3999999999999999,0.6334934885221789,1,0.015960260753107525
2014-02-27 04:05:00,0.134,4,3,0.1204,0.0304433900871794,1,0.33835675036022106
2014-02-27 04:10:00,0.068,4,3,0.1076,0.0370782955379582,1,0.2380196497579457
2014-02-27 04:15:00,0.134,4,3,0.1212,0.0297523108346255,1,0.3325516785681348
2014-02-27 04:20:00,0.132,4,3,0.1204,0.0293052896249154,1,0.33443989439632893
2014-02-27 04:25:00,0.068,4,3,0.1072,0.0357938542210834,1,0.2364225280839763
2014-02-27 04:30:00,0.134,4,3,0.1072,0.0357938542210834,1,0.28538439147738764
2014-02-27 04:35:00,0.066,4,3,0.1068,0.0363483149540687,1,0.2721519855964743
2014-02-27 04:40:00,0.134,4,3,0.1068,0.0363483149540687,1,0.29266506169145895
2014-02-27 04:45:00,0.132,4,3,0.1068,0.0363483149540687,1,0.28885314061248923
2014-02-27 04:50:00,0.134,4,3,0.12,0.0301993377410859,1,0.33883448183097203
2014-02-27 04:55:00,0.134,4,3,0.12,0.0301993377410859,1,0.33883448183097203
2014-02-27 05:00:00,0.066,5,3,0.12,0.0301993377410859,1,0.28330225918816715
2014-02-27 05:05:00,0.134,5,3,0.12,0.0301993377410859,1,0.3445789707358055
2014-02-27 05:10:00,0.136,5,3,0.1208,0.0306463700950075,1,0.31910797665945956
2014-02-27 05:15:00,0.134,5,3,0.1208,0.0306463700950075,1,0.3396482705332039
2014-02-27 05:20:00,0.068,5,3,0.1076,0.0370782955379582,1,0.24617393301178808
2014-02-27 05:25:00,0.134,5,3,0.1212,0.0297523108346255,1,0.33884264980900264
2014-02-27 05:30:00,0.066,5,3,0.1076,0.0370782955379582,1,0.2748810666291037
2014-02-27 05:35:00,0.134,5,3,0.1072,0.0367042231902566,1,0.29904289247775506
2014-02-27 05:40:00,0.134,5,3,0.1072,0.0367042231902566,1,0.29904289247775506
2014-02-27 05:45:00,0.136,5,3,0.1208,0.0306463700950075,1,0.31910797665945956
2014-02-27 05:50:00,0.066,5,3,0.1072,0.037619144062567,1,0.27143947046774664
2014-02-27 05:55:00,0.134,5,3,0.1208,0.0306463700950075,1,0.3396482705332039
2014-02-27 06:00:00,0.134,6,3,0.1208,0.0306463700950075,1,0.3395933591675095
2014-02-27 06:05:00,0.134,6,3,0.1208,0.0306463700950075,1,0.3395933591675095
2014-02-27 06:10:00,0.066,6,3,0.1068,0.0372451339103536,1,0.2770620926031424
2014-02-27 06:15:00,0.132,6,3,0.12,0.0301993377410859,1,0.34016863389603413
2014-02-27 06:20:00,0.132,6,3,0.1196,0.0299799933288881,1,0.3386111072075737
2014-02-27 06:25:00,0.066,6,3,0.106,0.0365239647355017,1,0.2657613883142834
2014-02-27 06:30:00,0.2,6,3,0.1192,0.0559392527658367,1,0.1847188835031135
2014-02-27 06:35:00,0.066,6,3,0.1192,0.0559392527658367,1,0.2243144382725205
2014-02-27 06:40:00,0.134,6,3,0.1196,0.0560606814086323,1,0.2770978021095771
2014-02-27 06:45:00,0.134,6,3,0.12,0.0561782876207541,1,0.2773511431959593
2014-02-27 06:50:00,0.066,6,3,0.12,0.0561782876207541,1,0.2264852328353244
2014-02-27 06:55:00,0.2019999999999999,6,3,0.1203999999999999,0.0568928818043186,1,0.18155008774655979
2014-02-27 07:00:00,0.134,7,3,0.1339999999999999,0.048083261120687,1,0.2780122023636618
2014-02-27 07:05:00,0.066,7,3,0.1204,0.0568928818043186,1,0.2169873218151921
2014-02-27 07:10:00,0.134,7,3,0.1203999999999999,0.0568928818043186,1,0.26890765923158183
2014-02-27 07:15:00,0.132,7,3,0.1336,0.0480915793044912,1,0.27598730433263485
2014-02-27 07:20:00,0.132,7,3,0.1196,0.0299799933288881,1,0.33860041120630985
2014-02-27 07:25:00,0.134,7,3,0.1196,0.0299799933288881,1,0.342989903644364
2014-02-27 07:30:00,0.066,7,3,0.1196,0.0299799933288881,1,0.2750405137960547
2014-02-27 07:35:00,0.132,7,3,0.1192,0.0297523108346255,1,0.3335884232004653
2014-02-27 07:40:00,0.134,7,3,0.1196,0.0299799933288881,1,0.342989903644364
2014-02-27 07:45:00,0.134,7,3,0.12,0.0301993377410859,1,0.34533781114178097
2014-02-27 07:50:00,0.134,7,3,0.12,0.0301993377410859,1,0.34533781114178097
2014-02-27 07:55:00,0.132,7,3,0.1331999999999999,0.0010954451150912,1,0.26758142634382837
2014-02-27 08:00:00,0.132,8,3,0.1332,0.0010954451150912,1,0.26573476083413405
2014-02-27 08:05:00,0.134,8,3,0.1331999999999999,0.0010954451150912,1,0.2662541994886248
2014-02-27 08:10:00,0.066,8,3,0.1196,0.0299799933288881,1,0.2740172456609997
2014-02-27 08:15:00,0.134,8,3,0.1196,0.0299799933288881,1,0.3417485972433571
2014-02-27 08:20:00,0.068,8,3,0.1068,0.0363483149540687,1,0.2463328507729285
2014-02-27 08:25:00,0.198,8,3,0.12,0.0549909083394717,1,0.17865212578304357
2014-02-27 08:30:00,0.066,8,3,0.1064,0.0589304675019652,1,0.20544789718828604
2014-02-27 08:35:00,0.134,8,3,0.12,0.0549909083394717,1,0.2772411735597664
2014-02-27 08:40:00,0.066,8,3,0.1064,0.0589304675019652,1,0.20544789718828604
2014-02-27 08:45:00,0.132,8,3,0.1192,0.0553461832469067,1,0.27011078805808686
2014-02-27 08:50:00,0.066,8,3,0.0928,0.0367042231902567,1,0.24799731214089638
2014-02-27 08:55:00,0.2019999999999999,8,3,0.1199999999999999,0.0567802782663151,1,0.1775495805052819
2014-02-27 09:00:00,0.134,9,3,0.1199999999999999,0.0567802782663151,1,0.2711150837656654
2014-02-27 09:05:00,0.068,9,3,0.1203999999999999,0.0563098570411981,1,0.21182092851982692
2014-02-27 09:10:00,0.134,9,3,0.1207999999999999,0.0564198546612819,1,0.27241366911046105
2014-02-27 09:15:00,0.132,9,3,0.1339999999999999,0.0473919824442929,1,0.28742185056272423
2014-02-27 09:20:00,0.132,9,3,0.12,0.029086079144501,1,0.34473683102941116
2014-02-27 09:25:00,0.134,9,3,0.12,0.029086079144501,1,0.348976339061896
2014-02-27 09:30:00,0.134,9,3,0.1331999999999999,0.0010954451150911,1,0.2732128030024141
2014-02-27 09:35:00,0.2,9,3,0.1464,0.029979993328888,1,0.18021735988002863
2014-02-27 09:40:00,0.134,9,3,0.1468,0.0297523108346255,1,0.274712515854353
2014-02-27 09:45:00,0.136,9,3,0.1476,0.0293052896249154,1,0.25678688381180476
2014-02-27 09:50:00,0.134,9,3,0.1476,0.0293052896249154,1,0.2715658165192155
2014-02-27 09:55:00,0.134,9,3,0.1476,0.0293052896249154,1,0.2715658165192155
2014-02-27 10:00:00,0.136,10,3,0.1348,0.0010954451150916,1,0.2275707800088772
2014-02-27 10:05:00,0.134,10,3,0.1348,0.0010954451150916,1,0.24843469344379865
2014-02-27 10:10:00,0.134,10,3,0.1344,0.0008944271910995,1,0.25090833463126194
2014-02-27 10:15:00,0.066,10,3,0.1208,0.0306463700950077,1,0.2750224176758771
2014-02-27 10:20:00,0.134,10,3,0.1208,0.0306463700950077,1,0.3457288419665945
2014-02-27 10:25:00,0.132,10,3,0.12,0.030199337741086,1,0.34331442516849336
2014-02-27 10:30:00,0.066,10,3,0.1064,0.0368890227574571,1,0.275581978145456
2014-02-27 10:35:00,0.134,10,3,0.1064,0.0368890227574571,1,0.3012301427223799
2014-02-27 10:40:00,0.066,10,3,0.1064,0.0368890227574571,1,0.275581978145456
2014-02-27 10:45:00,0.132,10,3,0.106,0.0365239647355019,1,0.29231564791102593
2014-02-27 10:50:00,0.134,10,3,0.1064,0.0368890227574571,1,0.3012301427223799
2014-02-27 10:55:00,0.132,10,3,0.1196,0.0299799933288882,1,0.3419492127182601
2014-02-27 11:00:00,0.136,11,3,0.12,0.0302324329156649,1,0.32341644311852513
2014-02-27 11:05:00,0.066,11,3,0.12,0.0302324329156649,1,0.28258259034685473
2014-02-27 11:10:00,0.134,11,3,0.1204,0.0304433900871795,1,0.3480049455676448
2014-02-27 11:15:00,0.134,11,3,0.1204,0.0304433900871795,1,0.3480049455676448
2014-02-27 11:20:00,0.068,11,3,0.1076,0.0370782955379584,1,0.24044734261720013
2014-02-27 11:25:00,0.136,11,3,0.1076,0.0370782955379584,1,0.2813625146111396
2014-02-27 11:30:00,0.134,11,3,0.1212,0.0297523108346256,1,0.3451071300152833
2014-02-27 11:35:00,0.134,11,3,0.1212,0.0297523108346256,1,0.3451071300152833
2014-02-27 11:40:00,0.068,11,3,0.108,0.0365239647355019,1,0.23911002345921906
2014-02-27 11:45:00,0.134,11,3,0.1212,0.0297523108346256,1,0.3451071300152833
2014-02-27 11:50:00,0.066,11,3,0.1072,0.0367042231902568,1,0.272141861659422
2014-02-27 11:55:00,0.134,11,3,0.1072,0.0367042231902568,1,0.29826940875032976
2014-02-27 12:00:00,0.198,12,3,0.12,0.0549909083394717,1,0.18114781787347334
2014-02-27 12:05:00,0.066,12,3,0.1196,0.0554689102110378,1,0.22292619060618868
2014-02-27 12:10:00,0.132,12,3,0.1192,0.0553461832469067,1,0.2751048333131612
2014-02-27 12:15:00,0.132,12,3,0.1324,0.0466776177626941,1,0.29222340500347393
2014-02-27 12:20:00,0.066,12,3,0.1188,0.0552195617512506,1,0.2222059016712401
2014-02-27 12:25:00,0.134,12,3,0.106,0.0365239647355019,1,0.2941121358866761
2014-02-27 12:30:00,0.134,12,3,0.1196,0.0299799933288882,1,0.34616831174516133
2014-02-27 12:35:00,0.066,12,3,0.1064,0.0368890227574571,1,0.27811391441935884
2014-02-27 12:40:00,0.134,12,3,0.1068,0.0372451339103538,1,0.298296652351315
2014-02-27 12:45:00,0.132,12,3,0.12,0.030199337741086,1,0.34402778699388187
2014-02-27 12:50:00,0.066,12,3,0.1064,0.0368890227574571,1,0.27811391441935884
2014-02-27 12:55:00,0.198,12,3,0.1192,0.0553461832469067,1,0.17998321842591303
2014-02-27 13:00:00,0.066,13,3,0.1192,0.0553461832469067,1,0.22155625008532276
2014-02-27 13:05:00,0.132,13,3,0.1188,0.0552195617512506,1,0.2708013396593192
2014-02-27 13:10:00,0.134,13,3,0.1192,0.0553461832469067,1,0.2781082602861619
2014-02-27 13:15:00,0.134,13,3,0.1327999999999999,0.0466819022748664,1,0.29368298166079604
2014-02-27 13:20:00,0.134,13,3,0.12,0.030199337741086,1,0.3477577496611661
2014-02-27 13:25:00,0.068,13,3,0.1204,0.0293052896249155,1,0.2504370316416607
2014-02-27 13:30:00,0.134,13,3,0.1208,0.0295160973030003,1,0.34525482412413416
2014-02-27 13:35:00,0.134,13,3,0.1208,0.0295160973030003,1,0.34525482412413416
2014-02-27 13:40:00,0.132,13,3,0.1204,0.0293052896249155,1,0.34275285251823634
2014-02-27 13:45:00,0.2019999999999999,13,3,0.1339999999999999,0.0473919824442929,1,0.19650894867388713
2014-02-27 13:50:00,0.134,13,3,0.1471999999999999,0.0306463700950074,1,0.2781305642337869
2014-02-27 13:55:00,0.132,13,3,0.1467999999999999,0.030873937228675,1,0.27209979728584555
2014-02-27 14:00:00,0.132,14,3,0.1463999999999999,0.0310934076614347,1,0.27323317159591454
2014-02-27 14:05:00,0.066,14,3,0.1331999999999999,0.0480957378569055,1,0.2212065866489228
2014-02-27 14:10:00,0.134,14,3,0.1196,0.0299799933288882,1,0.3420228654434644
2014-02-27 14:15:00,0.134,14,3,0.1196,0.0299799933288882,1,0.3420228654434644
2014-02-27 14:20:00,0.134,14,3,0.12,0.030199337741086,1,0.34331838863588254
2014-02-27 14:25:00,0.066,14,3,0.1068,0.0372451339103538,1,0.26422560055001854
2014-02-27 14:30:00,0.134,14,3,0.1204,0.0304105244940001,1,0.3436361718976118
2014-02-27 14:35:00,0.132,14,3,0.12,0.030199337741086,1,0.33876235911704
2014-02-27 14:40:00,0.134,14,3,0.12,0.030199337741086,1,0.34331838863588254
2014-02-27 14:45:00,0.198,14,3,0.1328,0.0466819022748664,1,0.19108158346547754
2014-02-27 14:50:00,0.132,14,3,0.146,0.0290860791445009,1,0.27482953574265756
2014-02-27 14:55:00,0.2,14,3,0.1592,0.0363483149540685,1,0.15311949753525067
2014-02-27 15:00:00,0.132,15,3,0.1592,0.0363483149540685,1,0.23273019874756617
2014-02-27 15:05:00,0.134,15,3,0.1592,0.0363483149540685,1,0.2398734459680153
2014-02-27 15:10:00,0.066,15,3,0.1328,0.0473835414463733,1,0.22350315725366932
2014-02-27 15:15:00,0.132,15,3,0.1328,0.0473835414463733,1,0.27534191426025323
2014-02-27 15:20:00,0.134,15,3,0.1196,0.0299799933288882,1,0.3414998897396809
2014-02-27 15:25:00,0.066,15,3,0.1064,0.0368890227574571,1,0.2604098630428963
2014-02-27 15:30:00,0.134,15,3,0.1064,0.0368890227574571,1,0.2822423114054677
2014-02-27 15:35:00,0.134,15,3,0.12,0.030199337741086,1,0.3436345966344247
2014-02-27 15:40:00,0.134,15,3,0.1204,0.0304105244940001,1,0.3447461603137314
2014-02-27 15:45:00,0.136,15,3,0.1208,0.0306463700950077,1,0.31836287496642585
2014-02-27 15:50:00,0.134,15,3,0.1344,0.000894427191099,1,0.2699182242124192
2014-02-27 15:55:00,0.132,15,3,0.134,0.0014142135624358,1,0.27306286172834
2014-02-27 16:00:00,0.134,16,3,0.1339999999999999,0.0014142135624358,1,0.28593123394216663
2014-02-27 16:05:00,0.134,16,3,0.134,0.0014142135624358,1,0.28593123394216663
2014-02-27 16:10:00,0.134,16,3,0.1336,0.0008944271910992,1,0.29138580016902804
2014-02-27 16:15:00,0.134,16,3,0.1336,0.0008944271910992,1,0.29138580016902804
2014-02-27 16:20:00,0.132,16,3,0.1336,0.0008944271910992,1,0.2783148728593008
2014-02-27 16:25:00,0.066,16,3,0.12,0.030199337741086,1,0.271583311667126
2014-02-27 16:30:00,0.134,16,3,0.12,0.030199337741086,1,0.3405584752302531
2014-02-27 16:35:00,0.134,16,3,0.12,0.030199337741086,1,0.3405584752302531
2014-02-27 16:40:00,0.134,16,3,0.12,0.030199337741086,1,0.3405584752302531
2014-02-27 16:45:00,0.136,16,3,0.1208,0.0306463700950077,1,0.31445629334115277
2014-02-27 16:50:00,0.134,16,3,0.1344,0.0008944271910991,1,0.2714698886816756
2014-02-27 16:55:00,0.132,16,3,0.134,0.0014142135624359,1,0.2741303432425054
2014-02-27 17:00:00,0.134,17,3,0.1339999999999999,0.0014142135624359,1,0.2903713720318127
2014-02-27 17:05:00,0.134,17,3,0.134,0.0014142135624359,1,0.2903713720318127
2014-02-27 17:10:00,0.134,17,3,0.1336,0.0008944271910994,1,0.29642344534271614
2014-02-27 17:15:00,0.602,17,3,0.2272,0.2095213592930327,1,0.022820901671983806
2014-02-27 17:20:00,0.332,17,3,0.2672,0.2058620897591397,1,0.020436902442519056
2014-02-27 17:25:00,0.134,17,3,0.2672,0.2058620897591397,1,0.07862573176282639
2014-02-27 17:30:00,0.134,17,3,0.2672,0.2058620897591397,1,0.07862573176282639
2014-02-27 17:35:00,0.134,17,3,0.2672,0.2058620897591397,1,0.07862573176282639
2014-02-27 17:40:00,0.134,17,3,0.1736,0.0885482919089925,1,0.1525804254793579
2014-02-27 17:45:00,0.132,17,3,0.1336,0.0008944271909999,1,0.28430985057178193
2014-02-27 17:50:00,0.132,17,3,0.1332,0.0010954451150103,1,0.2863119561740445
2014-02-27 17:55:00,0.134,17,3,0.1331999999999999,0.0010954451150103,1,0.29702355322285856
2014-02-27 18:00:00,0.132,18,3,0.1328,0.0010954451150103,1,0.2753359006668311
2014-02-27 18:05:00,0.134,18,3,0.1327999999999999,0.0010954451150103,1,0.2855920783983465
2014-02-27 18:10:00,0.132,18,3,0.1328,0.0010954451150103,1,0.2753359006668311
2014-02-27 18:15:00,0.134,18,3,0.1331999999999999,0.0010954451150103,1,0.29245434786045127
2014-02-27 18:20:00,0.134,18,3,0.1332,0.0010954451150103,1,0.29245434786045127
2014-02-27 18:25:00,0.066,18,3,0.12,0.030199337741083,1,0.2602780869126423
2014-02-27 18:30:00,0.132,18,3,0.1196,0.0299799933288851,1,0.32995117577643834
2014-02-27 18:35:00,0.132,18,3,0.1196,0.0299799933288851,1,0.32995117577643834
2014-02-27 18:40:00,0.134,18,3,0.1196,0.0299799933288851,1,0.33599561914613973
2014-02-27 18:45:00,0.134,18,3,0.1196,0.0299799933288851,1,0.33599561914613973
2014-02-27 18:50:00,0.132,18,3,0.1327999999999999,0.0010954451150102,1,0.2753359006668311
2014-02-27 18:55:00,0.134,18,3,0.1332,0.0010954451150102,1,0.29245434786045127
2014-02-27 19:00:00,0.134,19,3,0.1336,0.0008944271909998,1,0.2880773484319705
2014-02-27 19:05:00,0.134,19,3,0.1336,0.0008944271909998,1,0.2880773484319705
2014-02-27 19:10:00,0.134,19,3,0.1336,0.0008944271909998,1,0.2880773484319705
2014-02-27 19:15:00,0.066,19,3,0.1204,0.0304105244939971,1,0.25732530926292374
2014-02-27 19:20:00,0.134,19,3,0.1204,0.0304105244939971,1,0.3376718723581386
2014-02-27 19:25:00,0.134,19,3,0.1204,0.0304105244939971,1,0.3376718723581386
2014-02-27 19:30:00,0.134,19,3,0.1204,0.0304105244939971,1,0.3376718723581386
2014-02-27 19:35:00,0.134,19,3,0.1204,0.0304105244939971,1,0.3376718723581386
2014-02-27 19:40:00,0.066,19,3,0.1204,0.0304105244939971,1,0.25732530926292374
2014-02-27 19:45:00,0.134,19,3,0.1204,0.0304105244939971,1,0.3376718723581386
2014-02-27 19:50:00,0.134,19,3,0.1204,0.0304105244939971,1,0.3376718723581386
2014-02-27 19:55:00,0.134,19,3,0.1204,0.0304105244939971,1,0.3376718723581386
2014-02-27 20:00:00,0.134,20,3,0.1204,0.0304105244939971,1,0.32846850324046034
2014-02-27 20:05:00,0.132,20,3,0.1336,0.0008944271909999,1,0.2673684785075911
2014-02-27 20:10:00,0.134,20,3,0.1336,0.0008944271909999,1,0.2782032595147428
2014-02-27 20:15:00,0.066,20,3,0.12,0.030199337741083,1,0.25276453805302734
2014-02-27 20:20:00,0.134,20,3,0.12,0.030199337741083,1,0.33093724675114705
2014-02-27 20:25:00,0.134,20,3,0.12,0.030199337741083,1,0.33093724675114705
2014-02-27 20:30:00,0.134,20,3,0.1204,0.0304105244939971,1,0.32846850324046034
2014-02-27 20:35:00,0.134,20,3,0.1204,0.0304105244939971,1,0.32846850324046034
2014-02-27 20:40:00,0.132,20,3,0.1336,0.0008944271909999,1,0.2673684785075911
2014-02-27 20:45:00,0.132,20,3,0.1332,0.0010954451150103,1,0.27220317485758555
2014-02-27 20:50:00,0.132,20,3,0.1327999999999999,0.0010954451150103,1,0.26626137314369924
2014-02-27 20:55:00,0.132,20,3,0.1324,0.0008944271909999,1,0.26271029908893545
2014-02-27 21:00:00,0.132,21,3,0.132,0.0,1,0.24819211493803356
2014-02-27 21:05:00,0.132,21,3,0.132,0.0,1,0.24819211493803356
2014-02-27 21:10:00,0.066,21,3,0.1187999999999999,0.0295160973029972,1,0.2351881626828609
2014-02-27 21:15:00,0.134,21,3,0.1192,0.0297523108346225,1,0.31989389832623655
2014-02-27 21:20:00,0.136,21,3,0.12,0.0302324329156619,1,0.3038078932353168
2014-02-27 21:25:00,0.132,21,3,0.12,0.0302324329156619,1,0.32194232495387926
2014-02-27 21:30:00,0.132,21,3,0.12,0.0302324329156619,1,0.32194232495387926
2014-02-27 21:35:00,0.066,21,3,0.12,0.0302324329156619,1,0.2472279931303858
2014-02-27 21:40:00,0.134,21,3,0.12,0.0302324329156619,1,0.32626107799373055
2014-02-27 21:45:00,0.066,21,3,0.106,0.0365239647354993,1,0.2224918113461003
2014-02-27 21:50:00,0.132,21,3,0.106,0.0365239647354993,1,0.252544106644678
2014-02-27 21:55:00,0.132,21,3,0.106,0.0365239647354993,1,0.252544106644678
2014-02-27 22:00:00,0.132,22,3,0.1192,0.0297523108346225,1,0.3073253630132613
2014-02-27 22:05:00,0.134,22,3,0.1192,0.0297523108346225,1,0.31202818141024957
2014-02-27 22:10:00,0.066,22,3,0.1192,0.0297523108346225,1,0.23444502073124912
2014-02-27 22:15:00,0.134,22,3,0.1196,0.0299799933288851,1,0.31481865727600294
2014-02-27 22:20:00,0.132,22,3,0.1196,0.0299799933288851,1,0.3097724626848141
2014-02-27 22:25:00,0.066,22,3,0.1064,0.0368890227574545,1,0.22781038574585033
2014-02-27 22:30:00,0.132,22,3,0.106,0.0365239647354993,1,0.24727465944392069
2014-02-27 22:35:00,0.134,22,3,0.1196,0.0299799933288851,1,0.31481865727600294
2014-02-27 22:40:00,0.066,22,3,0.106,0.0365239647354993,1,0.21869238918825684
2014-02-27 22:45:00,0.134,22,3,0.1064,0.0368890227574545,1,0.25607193411702217
2014-02-27 22:50:00,0.136,22,3,0.1204,0.0304433900871765,1,0.295329941203173
2014-02-27 22:55:00,0.134,22,3,0.1208,0.0306463700950047,1,0.3137634264129721
2014-02-27 23:00:00,0.134,23,3,0.1208,0.0306463700950047,1,0.29613093427922077
2014-02-27 23:05:00,0.134,23,3,0.1344,0.0008944271910003,1,0.22385270863244977
2014-02-27 23:10:00,0.068,23,3,0.1212,0.0297523108346225,1,0.20710400292649145
2014-02-27 23:15:00,0.134,23,3,0.1208,0.0295160973029972,1,0.297112881401919
2014-02-27 23:20:00,0.134,23,3,0.1208,0.0295160973029972,1,0.297112881401919
2014-02-27 23:25:00,0.132,23,3,0.1204,0.0293052896249124,1,0.29623807730332546
2014-02-27 23:30:00,0.068,23,3,0.1072,0.035793854221081,1,0.18771662656355037
2014-02-27 23:35:00,0.134,23,3,0.1204,0.0293052896249124,1,0.2991292856434963
2014-02-27 23:40:00,0.134,23,3,0.1204,0.0293052896249124,1,0.2991292856434963
2014-02-27 23:45:00,0.066,23,3,0.1068,0.0363483149540663,1,0.2215490162499023
2014-02-27 23:50:00,0.134,23,3,0.1072,0.0367042231902542,1,0.2426697423171748
2014-02-27 23:55:00,0.138,23,3,0.1212,0.0309063100353309,1,0.26747143756287434
2014-02-28 00:00:00,0.134,0,4,0.1212,0.0309063100353309,1,0.2977718642979956
2014-02-28 00:05:00,0.134,0,4,0.1212,0.0309063100353309,1,0.2977718642979956
2014-02-28 00:10:00,0.066,0,4,0.1212,0.0309063100353309,1,0.21808509750245775
2014-02-28 00:15:00,0.132,0,4,0.1208,0.0307115613409673,1,0.28384927694155465
2014-02-28 00:20:00,0.134,0,4,0.12,0.030199337741083,1,0.3038396071849505
2014-02-28 00:25:00,0.134,0,4,0.12,0.030199337741083,1,0.3038396071849505
2014-02-28 00:30:00,0.066,0,4,0.1064,0.0368890227574545,1,0.23070347470126817
2014-02-28 00:35:00,0.134,0,4,0.12,0.030199337741083,1,0.3038396071849505
2014-02-28 00:40:00,0.132,0,4,0.12,0.030199337741083,1,0.29077154111173664
2014-02-28 00:45:00,0.066,0,4,0.1064,0.0368890227574545,1,0.23070347470126817
2014-02-28 00:50:00,0.132,0,4,0.106,0.0365239647354993,1,0.2455197196116361
2014-02-28 00:55:00,0.132,0,4,0.1192,0.0297523108346225,1,0.285307920435945
2014-02-28 01:00:00,0.132,1,4,0.1188,0.0295160973029972,1,0.2975824081130888
2014-02-28 01:05:00,0.134,1,4,0.1192,0.0297523108346225,1,0.31402139443842736
2014-02-28 01:10:00,0.066,1,4,0.1192,0.0297523108346225,1,0.24493918981080087
2014-02-28 01:15:00,0.134,1,4,0.1196,0.0299799933288851,1,0.31996130234380554
2014-02-28 01:20:00,0.134,1,4,0.12,0.0301993377410829,1,0.3198320709999781
2014-02-28 01:25:00,0.2,1,4,0.1336,0.0473793203834753,1,0.1671553220788038
2014-02-28 01:30:00,0.066,1,4,0.12,0.0561782876207525,1,0.2098460579198521
2014-02-28 01:35:00,0.134,1,4,0.1336,0.0473793203834753,1,0.26413742395322504
2014-02-28 01:40:00,0.134,1,4,0.1336,0.0473793203834753,1,0.26413742395322504
2014-02-28 01:45:00,0.134,1,4,0.1336,0.0473793203834753,1,0.26413742395322504
2014-02-28 01:50:00,0.068,1,4,0.1072,0.0367042231902542,1,0.21569733774241018
2014-02-28 01:55:00,0.134,1,4,0.1208,0.0295160973029972,1,0.3156780584238603
2014-02-28 02:00:00,0.132,2,4,0.1204,0.0293052896249124,1,0.31434541166475544
2014-02-28 02:05:00,0.132,2,4,0.12,0.0290860791444979,1,0.31418606752847855
2014-02-28 02:10:00,0.068,2,4,0.1068,0.0354288018425687,1,0.22513036593946123
2014-02-28 02:15:00,0.134,2,4,0.12,0.0290860791444979,1,0.32589055128950817
2014-02-28 02:20:00,0.066,2,4,0.1064,0.0359833294735214,1,0.2527941923248319
2014-02-28 02:25:00,0.134,2,4,0.1068,0.0363483149540662,1,0.287477232551432
2014-02-28 02:30:00,0.134,2,4,0.1072,0.0367042231902542,1,0.28435697793881237
2014-02-28 02:35:00,0.134,2,4,0.1204,0.0304105244939971,1,0.32699831476371244
2014-02-28 02:40:00,0.068,2,4,0.1072,0.0367042231902542,1,0.22346115448141257
2014-02-28 02:45:00,0.134,2,4,0.1208,0.0295160973029972,1,0.32307861102326574
2014-02-28 02:50:00,0.134,2,4,0.1208,0.0295160973029972,1,0.32307861102326574
2014-02-28 02:55:00,0.134,2,4,0.1208,0.0295160973029972,1,0.32307861102326574
2014-02-28 03:00:00,0.134,3,4,0.1208,0.0295160973029972,1,0.33010261504487565
2014-02-28 03:05:00,0.132,3,4,0.1336,0.0008944271909999,1,0.24497934061731202
2014-02-28 03:10:00,0.066,3,4,0.12,0.030199337741083,1,0.2599999289415084
2014-02-28 03:15:00,0.134,3,4,0.12,0.030199337741083,1,0.33416873225971655
2014-02-28 03:20:00,1.6,3,4,0.4132,0.6640822238247309,-1,-0.04658926425415011
2014-02-28 03:25:00,0.132,3,4,0.4128000000000001,0.6642930076404538,1,0.0
2014-02-28 03:30:00,0.068,3,4,0.4000000000000001,0.6716323399003357,-1,-0.0064710875338985785
2014-02-28 03:35:00,0.132,3,4,0.4132,0.6640325293236771,1,0.0
2014-02-28 03:40:00,0.132,3,4,0.4128000000000001,0.6642433289089172,1,0.0
2014-02-28 03:45:00,0.132,3,4,0.1192,0.0286216701119981,1,0.3169677058465393
2014-02-28 03:50:00,0.134,3,4,0.1196,0.0288582743766852,1,0.33299146161848914
2014-02-28 03:55:00,0.134,3,4,0.1328,0.0010954451150316,1,0.2547214712411336
2014-02-28 04:00:00,0.134,4,4,0.1332,0.0010954451150316,1,0.2570100334642727
2014-02-28 04:05:00,0.066,4,4,0.12,0.0301993377410837,1,0.2673673610623658
2014-02-28 04:10:00,0.132,4,4,0.12,0.0301993377410837,1,0.32645832052749296
2014-02-28 04:15:00,0.134,4,4,0.12,0.0301993377410837,1,0.33395745241522307
2014-02-28 04:20:00,0.066,4,4,0.1064,0.0368890227574551,1,0.26670945792638484
2014-02-28 04:25:00,0.134,4,4,0.1064,0.0368890227574551,1,0.2925438242914359
2014-02-28 04:30:00,0.066,4,4,0.1064,0.0368890227574551,1,0.26670945792638484
2014-02-28 04:35:00,0.134,4,4,0.1068,0.0372451339103519,1,0.2934583821516178
2014-02-28 04:40:00,0.134,4,4,0.1068,0.0372451339103519,1,0.2934583821516178
2014-02-28 04:45:00,0.132,4,4,0.12,0.0301993377410837,1,0.32645832052749296
2014-02-28 04:50:00,0.066,4,4,0.1064,0.0368890227574551,1,0.26670945792638484
2014-02-28 04:55:00,0.134,4,4,0.12,0.0301993377410837,1,0.33395745241522307
2014-02-28 05:00:00,0.132,5,4,0.1196,0.0299799933288859,1,0.3334132299298894
2014-02-28 05:05:00,0.134,5,4,0.1196,0.0299799933288859,1,0.3412377233256763
2014-02-28 05:10:00,0.066,5,4,0.1064,0.0368890227574551,1,0.2755545092143915
2014-02-28 05:15:00,0.134,5,4,0.12,0.0301993377410837,1,0.34050175280522094
2014-02-28 05:20:00,0.134,5,4,0.12,0.0301993377410837,1,0.34050175280522094
2014-02-28 05:25:00,0.134,5,4,0.1204,0.0304105244939979,1,0.3405567517271154
2014-02-28 05:30:00,0.066,5,4,0.1068,0.0372451339103519,1,0.2750829250229314
2014-02-28 05:35:00,0.134,5,4,0.1204,0.0304105244939979,1,0.3405567517271154
2014-02-28 05:40:00,0.132,5,4,0.12,0.0301993377410837,1,0.33289286033106186
2014-02-28 05:45:00,0.066,5,4,0.1064,0.0368890227574551,1,0.2755545092143915
2014-02-28 05:50:00,0.132,5,4,0.106,0.0365239647355,1,0.2911363381017997
2014-02-28 05:55:00,0.132,5,4,0.1192,0.0297523108346233,1,0.32692212134605314
2014-02-28 06:00:00,0.132,6,4,0.1188,0.029516097302998,1,0.3253742166626991
2014-02-28 06:05:00,0.132,6,4,0.1188,0.029516097302998,1,0.3253742166626991
2014-02-28 06:10:00,0.134,6,4,0.1324,0.0008944271909999,1,0.25676032813641764
2014-02-28 06:15:00,0.066,6,4,0.1192,0.0297523108346225,1,0.261235745304485
2014-02-28 06:20:00,0.134,6,4,0.1196,0.0299799933288851,1,0.3425369633236895
2014-02-28 06:25:00,0.134,6,4,0.12,0.0301993377410829,1,0.34307724429459474
2014-02-28 06:30:00,0.134,6,4,0.1204,0.0304105244939971,1,0.3431318818518879
2014-02-28 06:35:00,0.134,6,4,0.1204,0.0304105244939971,1,0.3431318818518879
2014-02-28 06:40:00,0.066,6,4,0.1204,0.0304105244939971,1,0.2681312884412466
2014-02-28 06:45:00,0.134,6,4,0.1204,0.0304105244939971,1,0.3431318818518879
2014-02-28 06:50:00,0.134,6,4,0.1204,0.0304105244939971,1,0.3431318818518879
2014-02-28 06:55:00,0.134,6,4,0.1204,0.0304105244939971,1,0.3431318818518879
2014-02-28 07:00:00,0.134,7,4,0.1204,0.0304105244939971,1,0.34392670942563713
2014-02-28 07:05:00,0.066,7,4,0.1204,0.0304105244939971,1,0.26884384589198546
2014-02-28 07:10:00,0.134,7,4,0.1204,0.0304105244939971,1,0.34392670942563713
2014-02-28 07:15:00,0.134,7,4,0.1204,0.0304105244939971,1,0.34392670942563713
2014-02-28 07:20:00,0.132,7,4,0.12,0.030199337741083,1,0.33623397464391613
2014-02-28 07:25:00,0.066,7,4,0.1064,0.0368890227574545,1,0.2723114097343055
2014-02-28 07:30:00,0.134,7,4,0.12,0.030199337741083,1,0.34392670942563713
2014-02-28 07:35:00,0.136,7,4,0.1204,0.0304433900871765,1,0.3243845662904641
2014-02-28 07:40:00,0.066,7,4,0.1068,0.037271973384837,1,0.2717718360985366
2014-02-28 07:45:00,0.134,7,4,0.1072,0.0376191440625647,1,0.2937313101795492
2014-02-28 07:50:00,0.134,7,4,0.1208,0.0306463700950047,1,0.3422705303999956
2014-02-28 07:55:00,0.134,7,4,0.1208,0.0306463700950047,1,0.3422705303999956
2014-02-28 08:00:00,0.066,8,4,0.1068,0.0372451339103513,1,0.27085194427402576
2014-02-28 08:05:00,0.132,8,4,0.12,0.030199337741083,1,0.33615352072034055
2014-02-28 08:10:00,0.134,8,4,0.12,0.030199337741083,1,0.3434139439068051
2014-02-28 08:15:00,0.066,8,4,0.1064,0.0368890227574545,1,0.2713925952574072
2014-02-28 08:20:00,0.136,8,4,0.1068,0.037271973384837,1,0.2863448734103457
2014-02-28 08:25:00,0.134,8,4,0.1204,0.0304433900871765,1,0.3434139439068051
2014-02-28 08:30:00,0.132,8,4,0.1204,0.0304433900871765,1,0.33615352072034055
2014-02-28 08:35:00,0.134,8,4,0.1204,0.0304433900871765,1,0.3434139439068051
2014-02-28 08:40:00,0.068,8,4,0.1208,0.0295499576987852,1,0.2341634031729452
2014-02-28 08:45:00,0.132,8,4,0.12,0.0290860791444979,1,0.3345004220536016
2014-02-28 08:50:00,0.134,8,4,0.12,0.0290860791444979,1,0.3417911283849024
2014-02-28 08:55:00,0.134,8,4,0.1204,0.0293052896249124,1,0.3417911283849024
2014-02-28 09:00:00,0.136,9,4,0.1208,0.0295499576987852,1,0.32105382943342303
2014-02-28 09:05:00,0.134,9,4,0.134,0.0014142135623731,1,0.24903378095017897
2014-02-28 09:10:00,0.132,9,4,0.134,0.0014142135623731,1,0.2465448476319499
2014-02-28 09:15:00,0.2,9,4,0.1472,0.0295499576987852,1,0.17559420429340722
2014-02-28 09:20:00,0.132,9,4,0.1468,0.0297859027058103,1,0.2537834890993948
2014-02-28 09:25:00,0.132,9,4,0.146,0.030199337741083,1,0.2581154666731229
2014-02-28 09:30:00,0.134,9,4,0.146,0.030199337741083,1,0.26643179252713156
2014-02-28 09:35:00,0.134,9,4,0.1464,0.0299799933288851,1,0.26737681095458504
2014-02-28 09:40:00,0.066,9,4,0.1196,0.0299799933288851,1,0.27258345490163793
2014-02-28 09:45:00,0.134,9,4,0.12,0.0301993377410829,1,0.34586967280446507
2014-02-28 09:50:00,0.134,9,4,0.1204,0.030410524493997,1,0.34586967280446507
2014-02-28 09:55:00,0.2019999999999999,9,4,0.134,0.0480832611206851,1,0.19530744313825465
2014-02-28 10:00:00,0.066,10,4,0.1204,0.056892881804317,1,0.21873789660323517
2014-02-28 10:05:00,0.136,10,4,0.1344,0.0480915793044894,1,0.26419659901761255
2014-02-28 10:10:00,0.134,10,4,0.1344,0.0480915793044894,1,0.2760465578187597
2014-02-28 10:15:00,0.068,10,4,0.1212,0.056543788341426,1,0.2051028808912021
2014-02-28 10:20:00,0.136,10,4,0.108,0.037443290453698,1,0.27931452598061335
2014-02-28 10:25:00,0.132,10,4,0.1212,0.0297859027058103,1,0.33221285694992275
2014-02-28 10:30:00,0.134,10,4,0.1208,0.0295499576987852,1,0.33986046419292226
2014-02-28 10:35:00,0.066,10,4,0.1072,0.0367314579073577,1,0.26545683071706744
2014-02-28 10:40:00,0.134,10,4,0.1204,0.0304433900871765,1,0.34483435500763643
2014-02-28 10:45:00,0.134,10,4,0.12,0.0301993377410829,1,0.3437504153271906
2014-02-28 10:50:00,0.134,10,4,0.1204,0.030410524493997,1,0.3437504153271906
2014-02-28 10:55:00,0.136,10,4,0.1208,0.0306463700950046,1,0.3225301951702288
2014-02-28 11:00:00,0.134,11,4,0.1344,0.0008944271909994,1,0.24931705311239483
2014-02-28 11:05:00,0.132,11,4,0.134,0.0014142135623727,1,0.24464944477062184
2014-02-28 11:10:00,0.132,11,4,0.1336,0.0016733200530678,1,0.2456049923762852
2014-02-28 11:15:00,0.134,11,4,0.1336,0.0016733200530678,1,0.2556617639579507
2014-02-28 11:20:00,0.134,11,4,0.1332,0.0010954451150099,1,0.2664228346250004
2014-02-28 11:25:00,0.136,11,4,0.1336,0.0016733200530678,1,0.235632808693799
2014-02-28 11:30:00,0.066,11,4,0.1204,0.0304433900871765,1,0.2728049759909578
2014-02-28 11:35:00,0.2019999999999999,11,4,0.1344,0.0480915793044894,1,0.19179083725746116
2014-02-28 11:40:00,0.068,11,4,0.1212,0.0565437883414261,1,0.2062670887131608
2014-02-28 11:45:00,0.132,11,4,0.1208,0.0564375761350538,1,0.27420569726589333
2014-02-28 11:50:00,0.134,11,4,0.1204,0.0563098570411965,1,0.28476712346862043
2014-02-28 11:55:00,0.134,11,4,0.134,0.047391982444291,1,0.28487822084404674
2014-02-28 12:00:00,0.134,12,4,0.1204,0.0293052896249123,1,0.3408730262008167
2014-02-28 12:05:00,0.066,12,4,0.12,0.0301993377410829,1,0.2732752877796484
2014-02-28 12:10:00,0.134,12,4,0.1204,0.0304105244939971,1,0.3436268378723599
2014-02-28 12:15:00,0.134,12,4,0.1204,0.0304105244939971,1,0.3436268378723599
2014-02-28 12:20:00,0.066,12,4,0.1068,0.0372451339103512,1,0.27183239865043507
2014-02-28 12:25:00,0.134,12,4,0.1068,0.0372451339103512,1,0.297754430587111
2014-02-28 12:30:00,0.134,12,4,0.1204,0.0304105244939971,1,0.3436268378723599
2014-02-28 12:35:00,0.132,12,4,0.12,0.0301993377410829,1,0.336679314101242
2014-02-28 12:40:00,0.068,12,4,0.1068,0.0363483149540662,1,0.2376412774454859
2014-02-28 12:45:00,0.134,12,4,0.1204,0.0293052896249123,1,0.3408730262008167
2014-02-28 12:50:00,0.132,12,4,0.12,0.0290860791444979,1,0.3319442644829732
2014-02-28 12:55:00,0.134,12,4,0.12,0.0290860791444979,1,0.33924105593751397
2014-02-28 13:00:00,0.134,13,4,0.1204,0.0293052896249123,1,0.3420054600501529
2014-02-28 13:05:00,0.132,13,4,0.1332,0.0010954451150096,1,0.26446815525154704
2014-02-28 13:10:00,0.066,13,4,0.1196,0.0299799933288851,1,0.26523024916651206
2014-02-28 13:15:00,0.134,13,4,0.12,0.0301993377410829,1,0.34374659620674136
2014-02-28 13:20:00,0.136,13,4,0.1204,0.0304433900871765,1,0.31960700542036474
2014-02-28 13:25:00,0.066,13,4,0.1068,0.0372719733848369,1,0.2659119510869759
2014-02-28 13:30:00,0.134,13,4,0.1072,0.0376191440625647,1,0.2825993204116097
2014-02-28 13:35:00,0.134,13,4,0.1208,0.0306463700950046,1,0.3415558561659436
2014-02-28 13:40:00,0.132,13,4,0.1204,0.0304433900871765,1,0.3345569588176515
2014-02-28 13:45:00,0.132,13,4,0.1196,0.0299799933288851,1,0.33309818173977773
2014-02-28 13:50:00,0.134,13,4,0.1332,0.0010954451150091,1,0.2751982465430174
2014-02-28 13:55:00,0.134,13,4,0.1332,0.0010954451150091,1,0.2751982465430174
2014-02-28 14:00:00,0.132,14,4,0.1328,0.0010954451150091,1,0.26091694105180474
2014-02-28 14:05:00,0.132,14,4,0.1328,0.0010954451150091,1,0.26091694105180474
2014-02-28 14:10:00,0.134,14,4,0.1332,0.0010954451150091,1,0.27765574710403623
2014-02-28 14:15:00,0.134,14,4,0.1332,0.0010954451150091,1,0.27765574710403623
2014-02-28 14:20:00,0.134,14,4,0.1332,0.0010954451150091,1,0.27765574710403623
2014-02-28 14:25:00,0.134,14,4,0.1336,0.0008944271909984,1,0.2785013839449013
