timestamp,cpu_utilization,hour,day_of_week,cpu_rolling_mean_5,cpu_rolling_std_5
2014-02-14 14:30:00,0.132,14,4,0.1336,0.0008944271909999194
2014-02-14 14:35:00,0.134,14,4,0.1336,0.0008944271909999194
2014-02-14 14:40:00,0.134,14,4,0.1336,0.0008944271909999194
2014-02-14 14:45:00,0.134,14,4,0.1336,0.0008944271909999194
2014-02-14 14:50:00,0.134,14,4,0.1336,0.0008944271909999194
2014-02-14 14:55:00,0.134,14,4,0.134,0.0
2014-02-14 15:00:00,0.134,15,4,0.134,0.0
2014-02-14 15:05:00,0.134,15,4,0.134,0.0
2014-02-14 15:10:00,0.066,15,4,0.12040000000000002,0.030410524493997143
2014-02-14 15:15:00,0.132,15,4,0.12000000000000002,0.030199337741083
2014-02-14 15:20:00,0.134,15,4,0.12000000000000002,0.030199337741083
2014-02-14 15:25:00,0.066,15,4,0.10640000000000001,0.03688902275745456
2014-02-14 15:30:00,0.132,15,4,0.10600000000000001,0.03652396473549935
2014-02-14 15:35:00,0.2019999999999999,15,4,0.13319999999999999,0.048095737856903666
2014-02-14 15:40:00,0.068,15,4,0.12039999999999998,0.05630985704119657
2014-02-14 15:45:00,0.134,15,4,0.12039999999999998,0.05630985704119657
2014-02-14 15:50:00,0.132,15,4,0.1336,0.04740042193905025
2014-02-14 15:55:00,0.134,15,4,0.13399999999999998,0.0473919824442911
2014-02-14 16:00:00,0.134,16,4,0.12040000000000002,0.029305289624912436
2014-02-14 16:05:00,0.136,16,4,0.13399999999999998,0.0014142135623729283
2014-02-14 16:10:00,0.132,16,4,0.13360000000000002,0.0016733200530680164
2014-02-14 16:15:00,0.134,16,4,0.13399999999999998,0.0014142135623729283
2014-02-14 16:20:00,0.134,16,4,0.13400000000000004,0.0014142135623729283
2014-02-14 16:25:00,0.066,16,4,0.1204,0.03044339008717657
2014-02-14 16:30:00,0.134,16,4,0.12000000000000002,0.030199337741083007
2014-02-14 16:35:00,0.134,16,4,0.12040000000000002,0.030410524493997147
2014-02-14 16:40:00,0.066,16,4,0.1068,0.037245133910351315
2014-02-14 16:45:00,0.134,16,4,0.1068,0.037245133910351315
2014-02-14 16:50:00,0.134,16,4,0.12040000000000002,0.03041052449399715
2014-02-14 16:55:00,0.134,16,4,0.12040000000000002,0.03041052449399715
2014-02-14 17:00:00,0.132,17,4,0.12000000000000002,0.030199337741083007
2014-02-14 17:05:00,0.136,17,4,0.13399999999999998,0.0014142135623729283
2014-02-14 17:10:00,0.134,17,4,0.13400000000000004,0.0014142135623729283
2014-02-14 17:15:00,0.134,17,4,0.13399999999999998,0.0014142135623729283
2014-02-14 17:20:00,0.132,17,4,0.13360000000000002,0.0016733200530680164
2014-02-14 17:25:00,0.132,17,4,0.1336,0.0016733200530680164
2014-02-14 17:30:00,0.134,17,4,0.13320000000000004,0.001095445115010132
2014-02-14 17:35:00,0.134,17,4,0.13319999999999999,0.001095445115010132
2014-02-14 17:40:00,0.066,17,4,0.11960000000000001,0.029979993328885204
2014-02-14 17:45:00,0.134,17,4,0.12000000000000002,0.030199337741083018
2014-02-14 17:50:00,0.134,17,4,0.12040000000000002,0.030410524493997157
2014-02-14 17:55:00,0.2019999999999999,17,4,0.13399999999999998,0.048083261120685186
2014-02-14 18:00:00,0.134,18,4,0.13399999999999998,0.048083261120685186
2014-02-14 18:05:00,0.134,18,4,0.14759999999999998,0.030410524493997053
2014-02-14 18:10:00,0.134,18,4,0.14759999999999998,0.030410524493997053
2014-02-14 18:15:00,0.068,18,4,0.1344,0.04737932038347528
2014-02-14 18:20:00,0.132,18,4,0.12040000000000002,0.029305289624912464
2014-02-14 18:25:00,0.134,18,4,0.12040000000000002,0.029305289624912464
2014-02-14 18:30:00,0.134,18,4,0.12040000000000002,0.029305289624912464
2014-02-14 18:35:00,0.134,18,4,0.12040000000000002,0.029305289624912464
2014-02-14 18:40:00,0.134,18,4,0.1336,0.0008944271910000866
2014-02-14 18:45:00,0.134,18,4,0.134,5.094209646402836e-10
2014-02-14 18:50:00,0.134,18,4,0.134,5.094209646402836e-10
2014-02-14 18:55:00,0.134,18,4,0.134,5.094209646402836e-10
2014-02-14 19:00:00,0.066,19,4,0.1204,0.030410524493997167
2014-02-14 19:05:00,0.134,19,4,0.12040000000000002,0.030410524493997167
2014-02-14 19:10:00,0.134,19,4,0.12040000000000002,0.030410524493997167
2014-02-14 19:15:00,0.134,19,4,0.12040000000000002,0.030410524493997167
2014-02-14 19:20:00,0.066,19,4,0.1068,0.03724513391035134
2014-02-14 19:25:00,0.132,19,4,0.12000000000000002,0.03019933774108303
2014-02-14 19:30:00,0.134,19,4,0.12000000000000002,0.03019933774108303
2014-02-14 19:35:00,0.2,19,4,0.1332,0.04738354144637145
2014-02-14 19:40:00,0.132,19,4,0.1328,0.04738354144637145
2014-02-14 19:45:00,0.134,19,4,0.14640000000000003,0.029979993328885166
2014-02-14 19:50:00,0.136,19,4,0.14720000000000003,0.02954995769878527
2014-02-14 19:55:00,0.132,19,4,0.1468,0.029785902705810326
2014-02-14 20:00:00,0.066,20,4,0.12000000000000002,0.030232432915662005
2014-02-14 20:05:00,0.134,20,4,0.12040000000000002,0.030443390087176614
2014-02-14 20:10:00,0.134,20,4,0.12040000000000002,0.030443390087176614
2014-02-14 20:15:00,0.134,20,4,0.12000000000000002,0.030199337741083056
2014-02-14 20:20:00,0.2,20,4,0.1336,0.04737932038347533
2014-02-14 20:25:00,0.132,20,4,0.1468,0.02975231083462255
2014-02-14 20:30:00,0.136,20,4,0.14720000000000003,0.02954995769878526
2014-02-14 20:35:00,0.134,20,4,0.14720000000000003,0.02954995769878526
2014-02-14 20:40:00,0.134,20,4,0.14720000000000003,0.02954995769878526
2014-02-14 20:45:00,0.134,20,4,0.134,0.001414213562373534
2014-02-14 20:50:00,0.066,20,4,0.12080000000000002,0.0306463700950048
2014-02-14 20:55:00,0.134,20,4,0.12040000000000002,0.030410524493997212
2014-02-14 21:00:00,0.134,21,4,0.12040000000000002,0.030410524493997212
2014-02-14 21:05:00,0.134,21,4,0.12040000000000002,0.030410524493997212
2014-02-14 21:10:00,0.134,21,4,0.12040000000000002,0.030410524493997212
2014-02-14 21:15:00,0.132,21,4,0.1336,0.0008944271909999135
2014-02-14 21:20:00,0.066,21,4,0.12000000000000002,0.030199337741083
2014-02-14 21:25:00,0.134,21,4,0.12000000000000002,0.030199337741083
2014-02-14 21:30:00,0.132,21,4,0.11960000000000001,0.029979993328885183
2014-02-14 21:35:00,0.134,21,4,0.11960000000000001,0.029979993328885183
2014-02-14 21:40:00,0.132,21,4,0.11960000000000001,0.029979993328885183
2014-02-14 21:45:00,0.066,21,4,0.1196,0.029979993328885183
2014-02-14 21:50:00,0.134,21,4,0.11960000000000001,0.029979993328885183
2014-02-14 21:55:00,0.132,21,4,0.11960000000000001,0.029979993328885183
2014-02-14 22:00:00,0.134,22,4,0.11960000000000001,0.029979993328885183
2014-02-14 22:05:00,0.134,22,4,0.12000000000000002,0.030199337741083
2014-02-14 22:10:00,0.066,22,4,0.12,0.030199337741083
2014-02-14 22:15:00,0.134,22,4,0.12000000000000002,0.030199337741083
2014-02-14 22:20:00,0.132,22,4,0.12000000000000002,0.030199337741083
2014-02-14 22:25:00,0.134,22,4,0.12000000000000002,0.030199337741083
2014-02-14 22:30:00,0.132,22,4,0.11960000000000001,0.029979993328885183
2014-02-14 22:35:00,0.068,22,4,0.12,0.029086079144497977
2014-02-14 22:40:00,0.132,22,4,0.11960000000000001,0.028858274376684413
2014-02-14 22:45:00,0.132,22,4,0.11960000000000001,0.028858274376684413
2014-02-14 22:50:00,0.134,22,4,0.11960000000000001,0.028858274376684413
2014-02-14 22:55:00,0.132,22,4,0.11960000000000001,0.028858274376684413
2014-02-14 23:00:00,0.134,23,4,0.13279999999999997,0.0010954451150103294
2014-02-14 23:05:00,0.134,23,4,0.13320000000000004,0.0010954451150103294
2014-02-14 23:10:00,0.134,23,4,0.1336,0.0008944271909999117
2014-02-14 23:15:00,0.066,23,4,0.12000000000000002,0.030199337741083
2014-02-14 23:20:00,0.132,23,4,0.12000000000000002,0.030199337741083
2014-02-14 23:25:00,0.132,23,4,0.11960000000000001,0.029979993328885183
2014-02-14 23:30:00,0.066,23,4,0.10600000000000001,0.036523964735499355
2014-02-14 23:35:00,0.136,23,4,0.10640000000000001,0.03691612113968639
2014-02-14 23:40:00,0.134,23,4,0.12000000000000002,0.030232432915661956
2014-02-14 23:45:00,0.066,23,4,0.1068,0.03727197338483704
2014-02-14 23:50:00,0.134,23,4,0.1072,0.037619144062564745
2014-02-14 23:55:00,0.2,23,4,0.134,0.04739198244429115
2014-02-15 00:00:00,0.134,0,5,0.1336,0.04737932038347533
2014-02-15 00:05:00,0.134,0,5,0.1336,0.04737932038347533
2014-02-15 00:10:00,0.066,0,5,0.13360000000000002,0.04737932038347533
2014-02-15 00:15:00,0.132,0,5,0.13319999999999999,0.04738354144637145
2014-02-15 00:20:00,0.134,0,5,0.12000000000000002,0.03019933774108301
2014-02-15 00:25:00,0.066,0,5,0.10640000000000001,0.03688902275745457
2014-02-15 00:30:00,0.136,0,5,0.1068,0.03727197338483705
2014-02-15 00:35:00,0.134,0,5,0.12040000000000002,0.030443390087176562
2014-02-15 00:40:00,0.134,0,5,0.12080000000000002,0.03064637009500473
2014-02-15 00:45:00,0.066,0,5,0.1072,0.03761914406256476
2014-02-15 00:50:00,0.134,0,5,0.12080000000000002,0.03064637009500473
2014-02-15 00:55:00,0.134,0,5,0.12040000000000002,0.030410524493997143
2014-02-15 01:00:00,0.134,1,5,0.12040000000000002,0.030410524493997143
2014-02-15 01:05:00,0.068,1,5,0.1072,0.0367042231902543
2014-02-15 01:10:00,0.132,1,5,0.12040000000000002,0.029305289624912433
2014-02-15 01:15:00,0.134,1,5,0.12040000000000002,0.029305289624912433
2014-02-15 01:20:00,0.134,1,5,0.12040000000000002,0.029305289624912433
2014-02-15 01:25:00,0.068,1,5,0.1072,0.03579385422108105
2014-02-15 01:30:00,0.134,1,5,0.12040000000000002,0.029305289624912433
2014-02-15 01:35:00,0.134,1,5,0.12080000000000002,0.02951609730299723
2014-02-15 01:40:00,0.134,1,5,0.12080000000000002,0.02951609730299723
2014-02-15 01:45:00,0.134,1,5,0.12080000000000002,0.02951609730299723
2014-02-15 01:50:00,0.134,1,5,0.134,0.0
2014-02-15 01:55:00,0.134,1,5,0.134,0.0
2014-02-15 02:00:00,0.066,2,5,0.1204,0.030410524493997143
2014-02-15 02:05:00,0.134,2,5,0.12040000000000002,0.030410524493997143
2014-02-15 02:10:00,0.132,2,5,0.12000000000000002,0.030199337741083
2014-02-15 02:15:00,0.134,2,5,0.12000000000000002,0.030199337741083
2014-02-15 02:20:00,0.066,2,5,0.10640000000000001,0.03688902275745456
2014-02-15 02:25:00,0.132,2,5,0.11960000000000001,0.029979993328885183
2014-02-15 02:30:00,0.132,2,5,0.11920000000000001,0.029752310834622576
2014-02-15 02:35:00,0.066,2,5,0.10600000000000001,0.036523964735499355
2014-02-15 02:40:00,0.134,2,5,0.10600000000000001,0.036523964735499355
2014-02-15 02:45:00,0.134,2,5,0.11960000000000001,0.029979993328885183
2014-02-15 02:50:00,0.136,2,5,0.12040000000000002,0.030443390087176562
2014-02-15 02:55:00,0.134,2,5,0.12080000000000002,0.03064637009500473
2014-02-15 03:00:00,0.134,3,5,0.1344,0.0008944271909998511
2014-02-15 03:05:00,1.466,3,5,0.4008,0.5954655321678997
2014-02-15 03:10:00,0.066,3,5,0.3872,0.603800629347138
2014-02-15 03:15:00,0.134,3,5,0.3868,0.60400927145202
2014-02-15 03:20:00,0.134,3,5,0.3868,0.60400927145202
2014-02-15 03:25:00,0.134,3,5,0.3868,0.60400927145202
2014-02-15 03:30:00,0.134,3,5,0.12040000000000002,0.030410524493996338
2014-02-15 03:35:00,0.134,3,5,0.134,0.0
2014-02-15 03:40:00,0.132,3,5,0.13360000000000002,0.0008944271909999135
2014-02-15 03:45:00,0.066,3,5,0.12,0.030199337741083
2014-02-15 03:50:00,0.134,3,5,0.12000000000000002,0.030199337741083
2014-02-15 03:55:00,0.132,3,5,0.11960000000000001,0.029979993328885183
2014-02-15 04:00:00,0.134,4,5,0.11960000000000001,0.029979993328885183
2014-02-15 04:05:00,0.066,4,5,0.10640000000000001,0.036889022757454565
2014-02-15 04:10:00,0.134,4,5,0.12000000000000002,0.030199337741083
2014-02-15 04:15:00,0.134,4,5,0.12000000000000002,0.030199337741083
2014-02-15 04:20:00,0.134,4,5,0.12040000000000002,0.03041052449399714
2014-02-15 04:25:00,0.068,4,5,0.1072,0.036704223190254286
2014-02-15 04:30:00,0.132,4,5,0.12040000000000002,0.029305289624912426
2014-02-15 04:35:00,0.134,4,5,0.12040000000000002,0.029305289624912426
2014-02-15 04:40:00,0.066,4,5,0.1068,0.03634831495406631
2014-02-15 04:45:00,0.132,4,5,0.10640000000000001,0.035983329473521494
2014-02-15 04:50:00,0.134,4,5,0.11960000000000001,0.029979993328885183
2014-02-15 04:55:00,0.134,4,5,0.12000000000000002,0.030199337741083
2014-02-15 05:00:00,0.066,5,5,0.10640000000000001,0.036889022757454565
2014-02-15 05:05:00,0.134,5,5,0.12000000000000002,0.030199337741083
2014-02-15 05:10:00,0.132,5,5,0.12000000000000002,0.030199337741083
2014-02-15 05:15:00,0.134,5,5,0.12000000000000002,0.030199337741083
2014-02-15 05:20:00,0.066,5,5,0.10640000000000001,0.036889022757454565
2014-02-15 05:25:00,0.136,5,5,0.12040000000000002,0.030443390087176562
2014-02-15 05:30:00,0.068,5,5,0.1072,0.03673145790735784
2014-02-15 05:35:00,0.132,5,5,0.1072,0.03673145790735784
2014-02-15 05:40:00,0.132,5,5,0.1068,0.03637581614204691
2014-02-15 05:45:00,0.134,5,5,0.12040000000000002,0.029339393313427598
2014-02-15 05:50:00,0.134,5,5,0.12000000000000002,0.029086079144497973
2014-02-15 05:55:00,0.2,5,5,0.1464,0.02997999332888516
2014-02-15 06:00:00,0.066,6,5,0.13320000000000004,0.04738354144637143
2014-02-15 06:05:00,0.134,6,5,0.1336,0.04737932038347531
2014-02-15 06:10:00,0.134,6,5,0.13360000000000002,0.04737932038347531
2014-02-15 06:15:00,0.068,6,5,0.1204,0.05570278269530167
2014-02-15 06:20:00,0.132,6,5,0.1068,0.036348314954066284
2014-02-15 06:25:00,0.066,6,5,0.1068,0.036348314954066284
2014-02-15 06:30:00,0.132,6,5,0.10640000000000001,0.035983329473521466
2014-02-15 06:35:00,0.136,6,5,0.1068,0.036375816142046886
2014-02-15 06:40:00,0.066,6,5,0.10640000000000001,0.03691612113968637
2014-02-15 06:45:00,0.132,6,5,0.10640000000000001,0.03691612113968637
2014-02-15 06:50:00,0.134,6,5,0.12000000000000002,0.030232432915661925
2014-02-15 06:55:00,0.134,6,5,0.12040000000000002,0.030443390087176538
2014-02-15 07:00:00,0.066,7,5,0.10640000000000001,0.03688902275745454
2014-02-15 07:05:00,0.134,7,5,0.12000000000000002,0.030199337741082976
2014-02-15 07:10:00,0.132,7,5,0.12000000000000002,0.030199337741082976
2014-02-15 07:15:00,0.066,7,5,0.10640000000000001,0.03688902275745454
2014-02-15 07:20:00,0.134,7,5,0.10640000000000001,0.03688902275745454
2014-02-15 07:25:00,0.134,7,5,0.12000000000000002,0.030199337741082976
2014-02-15 07:30:00,0.134,7,5,0.12000000000000002,0.030199337741082976
2014-02-15 07:35:00,0.066,7,5,0.1068,0.03724513391035128
2014-02-15 07:40:00,0.134,7,5,0.12040000000000002,0.030410524493997115
2014-02-15 07:45:00,0.132,7,5,0.12000000000000002,0.030199337741082976
2014-02-15 07:50:00,0.066,7,5,0.10640000000000001,0.03688902275745454
2014-02-15 07:55:00,0.134,7,5,0.10640000000000001,0.03688902275745454
2014-02-15 08:00:00,0.134,8,5,0.12000000000000002,0.030199337741082976
2014-02-15 08:05:00,0.134,8,5,0.12000000000000002,0.030199337741082976
2014-02-15 08:10:00,0.068,8,5,0.1072,0.03670422319025426
2014-02-15 08:15:00,0.134,8,5,0.12080000000000002,0.0295160973029972
2014-02-15 08:20:00,0.068,8,5,0.1076,0.036149688795340945
2014-02-15 08:25:00,0.132,8,5,0.1072,0.03579385422108101
2014-02-15 08:30:00,0.134,8,5,0.1072,0.03579385422108101
2014-02-15 08:35:00,0.134,8,5,0.12040000000000002,0.02930528962491241
2014-02-15 08:40:00,0.066,8,5,0.1068,0.03634831495406629
2014-02-15 08:45:00,0.134,8,5,0.12000000000000002,0.03019933774108298
2014-02-15 08:50:00,0.134,8,5,0.12040000000000002,0.030410524493997122
2014-02-15 08:55:00,0.134,8,5,0.12040000000000002,0.030410524493997122
2014-02-15 09:00:00,0.066,9,5,0.1068,0.03724513391035128
2014-02-15 09:05:00,0.132,9,5,0.12000000000000002,0.030199337741082983
2014-02-15 09:10:00,0.134,9,5,0.12000000000000002,0.030199337741082983
2014-02-15 09:15:00,0.066,9,5,0.10640000000000001,0.036889022757454544
2014-02-15 09:20:00,0.134,9,5,0.10640000000000001,0.036889022757454544
2014-02-15 09:25:00,0.134,9,5,0.12000000000000002,0.030199337741082983
2014-02-15 09:30:00,0.134,9,5,0.12040000000000002,0.030410524493997122
2014-02-15 09:35:00,0.066,9,5,0.1068,0.03724513391035128
2014-02-15 09:40:00,0.134,9,5,0.12040000000000002,0.030410524493997122
2014-02-15 09:45:00,0.134,9,5,0.12040000000000002,0.030410524493997122
2014-02-15 09:50:00,0.132,9,5,0.12000000000000002,0.030199337741082983
2014-02-15 09:55:00,0.134,9,5,0.12000000000000002,0.030199337741082983
2014-02-15 10:00:00,0.068,10,5,0.1204,0.02930528962491241
2014-02-15 10:05:00,0.134,10,5,0.12040000000000002,0.02930528962491241
2014-02-15 10:10:00,0.132,10,5,0.12000000000000002,0.029086079144497956
2014-02-15 10:15:00,0.066,10,5,0.1068,0.03634831495406629
2014-02-15 10:20:00,0.134,10,5,0.1068,0.03634831495406629
2014-02-15 10:25:00,0.134,10,5,0.12000000000000002,0.03019933774108298
2014-02-15 10:30:00,0.066,10,5,0.10640000000000001,0.03688902275745454
2014-02-15 10:35:00,0.132,10,5,0.10640000000000001,0.03688902275745454
2014-02-15 10:40:00,0.132,10,5,0.11960000000000001,0.029979993328885162
2014-02-15 10:45:00,0.134,10,5,0.11960000000000001,0.029979993328885162
2014-02-15 10:50:00,0.134,10,5,0.11960000000000001,0.029979993328885162
2014-02-15 10:55:00,0.132,10,5,0.13279999999999997,0.00109544511500965
2014-02-15 11:00:00,0.068,11,5,0.12000000000000002,0.029086079144497953
2014-02-15 11:05:00,0.132,11,5,0.12000000000000002,0.029086079144497953
2014-02-15 11:10:00,0.132,11,5,0.11960000000000001,0.02885827437668439
2014-02-15 11:15:00,0.134,11,5,0.11960000000000001,0.02885827437668439
2014-02-15 11:20:00,0.066,11,5,0.10640000000000001,0.03598332947352147
2014-02-15 11:25:00,0.134,11,5,0.11960000000000001,0.029979993328885162
2014-02-15 11:30:00,0.066,11,5,0.10640000000000001,0.036889022757454544
2014-02-15 11:35:00,0.132,11,5,0.10640000000000001,0.036889022757454544
2014-02-15 11:40:00,0.136,11,5,0.1068,0.03727197338483702
2014-02-15 11:45:00,0.134,11,5,0.12040000000000002,0.03044339008717653
2014-02-15 11:50:00,0.068,11,5,0.1072,0.03673145790735782
2014-02-15 11:55:00,0.132,11,5,0.12040000000000002,0.029339393313427567
2014-02-15 12:00:00,0.132,12,5,0.12040000000000002,0.029339393313427567
2014-02-15 12:05:00,0.134,12,5,0.12000000000000002,0.029086079144497942
2014-02-15 12:10:00,0.134,12,5,0.12000000000000002,0.029086079144497942
2014-02-15 12:15:00,0.132,12,5,0.13279999999999997,0.0010954451150091114
2014-02-15 12:20:00,0.066,12,5,0.11960000000000001,0.02997999332888515
2014-02-15 12:25:00,0.134,12,5,0.12000000000000002,0.03019933774108297
2014-02-15 12:30:00,0.132,12,5,0.11960000000000001,0.02997999332888515
2014-02-15 12:35:00,0.134,12,5,0.11960000000000001,0.02997999332888515
2014-02-15 12:40:00,0.134,12,5,0.12000000000000002,0.03019933774108297
2014-02-15 12:45:00,0.066,12,5,0.12,0.03019933774108297
2014-02-15 12:50:00,0.134,12,5,0.12000000000000002,0.03019933774108297
2014-02-15 12:55:00,0.2,12,5,0.1336,0.047379320383475296
2014-02-15 13:00:00,0.134,13,5,0.1336,0.047379320383475296
2014-02-15 13:05:00,0.066,13,5,0.12000000000000002,0.05617828762075254
2014-02-15 13:10:00,0.134,13,5,0.1336,0.047379320383475296
2014-02-15 13:15:00,0.136,13,5,0.13400000000000004,0.04739198244429112
2014-02-15 13:20:00,0.134,13,5,0.12080000000000002,0.030646370095004698
2014-02-15 13:25:00,0.066,13,5,0.1072,0.03761914406256474
2014-02-15 13:30:00,0.134,13,5,0.12080000000000002,0.0306463700950047
2014-02-15 13:35:00,0.134,13,5,0.12080000000000002,0.0306463700950047
2014-02-15 13:40:00,0.134,13,5,0.12040000000000002,0.030410524493997115
2014-02-15 13:45:00,0.134,13,5,0.12040000000000002,0.030410524493997115
2014-02-15 13:50:00,0.134,13,5,0.134,0.0
2014-02-15 13:55:00,0.134,13,5,0.134,0.0
2014-02-15 14:00:00,0.134,14,5,0.134,0.0
2014-02-15 14:05:00,0.066,14,5,0.12040000000000002,0.030410524493997143
2014-02-15 14:10:00,0.134,14,5,0.12040000000000002,0.030410524493997143
2014-02-15 14:15:00,0.134,14,5,0.12040000000000002,0.030410524493997143
2014-02-15 14:20:00,0.132,14,5,0.12000000000000002,0.030199337741083
2014-02-15 14:25:00,0.134,14,5,0.12000000000000002,0.030199337741083
2014-02-15 14:30:00,0.134,14,5,0.1336,0.0008944271909999117
2014-02-15 14:35:00,0.066,14,5,0.12000000000000002,0.030199337741083
2014-02-15 14:40:00,0.134,14,5,0.12000000000000002,0.030199337741083
2014-02-15 14:45:00,0.134,14,5,0.12040000000000002,0.030410524493997143
2014-02-15 14:50:00,0.132,14,5,0.12000000000000002,0.030199337741083
2014-02-15 14:55:00,0.132,14,5,0.11960000000000001,0.029979993328885183
2014-02-15 15:00:00,0.134,15,5,0.13319999999999999,0.0010954451150102934
2014-02-15 15:05:00,0.132,15,5,0.13280000000000003,0.0010954451150102934
2014-02-15 15:10:00,0.066,15,5,0.1192,0.029752310834622573
2014-02-15 15:15:00,0.132,15,5,0.11920000000000001,0.029752310834622573
2014-02-15 15:20:00,0.134,15,5,0.11960000000000001,0.02997999332888518
2014-02-15 15:25:00,0.132,15,5,0.11920000000000001,0.029752310834622573
2014-02-15 15:30:00,0.134,15,5,0.11960000000000001,0.02997999332888518
2014-02-15 15:35:00,0.068,15,5,0.12,0.029086079144497977
2014-02-15 15:40:00,0.134,15,5,0.12040000000000002,0.02930528962491243
2014-02-15 15:45:00,0.134,15,5,0.12040000000000002,0.02930528962491243
2014-02-15 15:50:00,0.134,15,5,0.12080000000000002,0.029516097302997226
2014-02-15 15:55:00,0.134,15,5,0.12080000000000002,0.029516097302997226
2014-02-15 16:00:00,0.132,16,5,0.1336,0.0008944271909999135
2014-02-15 16:05:00,0.204,16,5,0.1476,0.031540450218727055
2014-02-15 16:10:00,0.066,16,5,0.134,0.04880573736764972
2014-02-15 16:15:00,0.132,16,5,0.1336,0.04881393243736874
2014-02-15 16:20:00,0.134,16,5,0.1336,0.04881393243736874
2014-02-15 16:25:00,0.066,16,5,0.12040000000000002,0.057504782409813535
2014-02-15 16:30:00,0.134,16,5,0.10640000000000001,0.03688902275745457
2014-02-15 16:35:00,0.134,16,5,0.12000000000000002,0.03019933774108302
2014-02-15 16:40:00,0.134,16,5,0.12040000000000002,0.03041052449399716
2014-02-15 16:45:00,0.066,16,5,0.1068,0.037245133910351315
2014-02-15 16:50:00,0.134,16,5,0.1204,0.03041052449399716
2014-02-15 16:55:00,0.134,16,5,0.1204,0.03041052449399716
2014-02-15 17:00:00,0.134,17,5,0.1204,0.03041052449399716
2014-02-15 17:05:00,0.132,17,5,0.12,0.03019933774108302
2014-02-15 17:10:00,0.134,17,5,0.1336,0.0008944271910005785
2014-02-15 17:15:00,0.134,17,5,0.1336,0.0008944271910005785
2014-02-15 17:20:00,0.066,17,5,0.12000000000000002,0.03019933774108302
2014-02-15 17:25:00,0.134,17,5,0.12000000000000002,0.03019933774108302
2014-02-15 17:30:00,0.136,17,5,0.12080000000000002,0.03064637009500475
2014-02-15 17:35:00,0.134,17,5,0.12080000000000002,0.03064637009500475
2014-02-15 17:40:00,0.066,17,5,0.1072,0.03761914406256476
2014-02-15 17:45:00,0.134,17,5,0.12079999999999999,0.03064637009500475
2014-02-15 17:50:00,0.134,17,5,0.12079999999999999,0.03064637009500475
2014-02-15 17:55:00,0.132,17,5,0.12,0.030199337741083025
2014-02-15 18:00:00,0.134,18,5,0.12,0.030199337741083025
2014-02-15 18:05:00,0.134,18,5,0.1336,0.0008944271910006391
2014-02-15 18:10:00,0.134,18,5,0.1336,0.0008944271910006391
2014-02-15 18:15:00,0.068,18,5,0.12040000000000002,0.02930528962491245
2014-02-15 18:20:00,0.134,18,5,0.12080000000000002,0.029516097302997247
2014-02-15 18:25:00,0.066,18,5,0.1072,0.0367042231902543
2014-02-15 18:30:00,0.132,18,5,0.1068,0.03634831495406632
2014-02-15 18:35:00,0.132,18,5,0.10640000000000001,0.0359833294735215
2014-02-15 18:40:00,0.066,18,5,0.10600000000000001,0.03652396473549937
2014-02-15 18:45:00,0.132,18,5,0.1056,0.03614968879534098
2014-02-15 18:50:00,0.134,18,5,0.11920000000000001,0.029752310834622604
2014-02-15 18:55:00,0.134,18,5,0.11960000000000001,0.02997999332888521
2014-02-15 19:00:00,0.134,19,5,0.12000000000000002,0.030199337741083028
2014-02-15 19:05:00,0.134,19,5,0.1336,0.0008944271910008815
2014-02-15 19:10:00,0.132,19,5,0.1336,0.0008944271910008815
2014-02-15 19:15:00,0.134,19,5,0.1336,0.0008944271910008815
2014-02-15 19:20:00,0.134,19,5,0.1336,0.0008944271910008815
2014-02-15 19:25:00,0.066,19,5,0.12,0.03019933774108303
2014-02-15 19:30:00,0.134,19,5,0.12,0.03019933774108303
2014-02-15 19:35:00,0.134,19,5,0.1204,0.03041052449399717
2014-02-15 19:40:00,0.134,19,5,0.1204,0.03041052449399717
2014-02-15 19:45:00,0.066,19,5,0.1068,0.03724513391035132
2014-02-15 19:50:00,0.132,19,5,0.12000000000000002,0.03019933774108303
2014-02-15 19:55:00,0.132,19,5,0.11960000000000001,0.029979993328885214
2014-02-15 20:00:00,0.134,20,5,0.11960000000000001,0.029979993328885214
2014-02-15 20:05:00,0.066,20,5,0.10600000000000001,0.03652396473549938
2014-02-15 20:10:00,0.136,20,5,0.12,0.03023243291566198
2014-02-15 20:15:00,0.134,20,5,0.1204,0.03044339008717659
2014-02-15 20:20:00,0.134,20,5,0.12079999999999999,0.03064637009500476
2014-02-15 20:25:00,0.132,20,5,0.1204,0.03044339008717659
2014-02-15 20:30:00,0.068,20,5,0.12080000000000002,0.029549957698785323
2014-02-15 20:35:00,0.132,20,5,0.12000000000000002,0.02908607914449801
2014-02-15 20:40:00,0.134,20,5,0.12000000000000002,0.02908607914449801
2014-02-15 20:45:00,0.066,20,5,0.10640000000000001,0.03598332947352152
2014-02-15 20:50:00,0.132,20,5,0.10640000000000001,0.03598332947352152
2014-02-15 20:55:00,0.134,20,5,0.1196,0.029979993328885218
2014-02-15 21:00:00,0.134,21,5,0.12,0.030199337741083035
2014-02-15 21:05:00,0.134,21,5,0.12,0.030199337741083035
2014-02-15 21:10:00,0.066,21,5,0.12000000000000002,0.030199337741083035
2014-02-15 21:15:00,0.134,21,5,0.12040000000000002,0.030410524493997178
2014-02-15 21:20:00,0.134,21,5,0.12040000000000002,0.030410524493997178
2014-02-15 21:25:00,0.134,21,5,0.12040000000000002,0.030410524493997178
2014-02-15 21:30:00,0.066,21,5,0.1068,0.03724513391035133
2014-02-15 21:35:00,0.134,21,5,0.1204,0.030410524493997178
2014-02-15 21:40:00,0.066,21,5,0.1068,0.03724513391035133
2014-02-15 21:45:00,0.134,21,5,0.1068,0.03724513391035133
2014-02-15 21:50:00,0.136,21,5,0.1072,0.03761914406256478
2014-02-15 21:55:00,0.136,21,5,0.12120000000000002,0.03087393722867238
2014-02-15 22:00:00,0.134,22,5,0.12120000000000002,0.03087393722867238
2014-02-15 22:05:00,0.066,22,5,0.1212,0.030873937228672377
2014-02-15 22:10:00,0.134,22,5,0.1212,0.030873937228672377
2014-02-15 22:15:00,0.134,22,5,0.12079999999999999,0.030646370095004764
2014-02-15 22:20:00,0.134,22,5,0.1204,0.030410524493997178
2014-02-15 22:25:00,0.066,22,5,0.1068,0.03724513391035132
2014-02-15 22:30:00,0.134,22,5,0.12040000000000002,0.030410524493997178
2014-02-15 22:35:00,0.132,22,5,0.12000000000000002,0.030199337741083035
2014-02-15 22:40:00,0.066,22,5,0.10640000000000001,0.03688902275745458
2014-02-15 22:45:00,0.134,22,5,0.10640000000000001,0.03688902275745458
2014-02-15 22:50:00,0.134,22,5,0.12,0.030199337741083035
2014-02-15 22:55:00,0.136,22,5,0.1204,0.030443390087176597
2014-02-15 23:00:00,0.066,23,5,0.1072,0.037619144062564766
2014-02-15 23:05:00,0.134,23,5,0.12080000000000002,0.030646370095004764
2014-02-15 23:10:00,0.134,23,5,0.12080000000000002,0.030646370095004764
2014-02-15 23:15:00,0.066,23,5,0.1072,0.037619144062564766
2014-02-15 23:20:00,0.134,23,5,0.1068,0.03724513391035132
2014-02-15 23:25:00,0.134,23,5,0.1204,0.030410524493997185
2014-02-15 23:30:00,0.066,23,5,0.1068,0.03724513391035132
2014-02-15 23:35:00,0.134,23,5,0.1068,0.03724513391035132
2014-02-15 23:40:00,0.134,23,5,0.12040000000000002,0.030410524493997185
2014-02-15 23:45:00,0.066,23,5,0.1068,0.03724513391035132
2014-02-15 23:50:00,0.132,23,5,0.10640000000000001,0.03688902275745458
2014-02-15 23:55:00,0.134,23,5,0.12,0.030199337741083042
2014-02-16 00:00:00,0.134,0,6,0.12,0.030199337741083042
2014-02-16 00:05:00,0.134,0,6,0.12,0.030199337741083042
2014-02-16 00:10:00,0.066,0,6,0.12000000000000002,0.030199337741083042
2014-02-16 00:15:00,0.132,0,6,0.12000000000000002,0.03019933774108304
2014-02-16 00:20:00,0.068,0,6,0.1068,0.036348314954066326
2014-02-16 00:25:00,0.132,0,6,0.10640000000000001,0.03598332947352151
2014-02-16 00:30:00,0.134,0,6,0.10640000000000001,0.03598332947352151
2014-02-16 00:35:00,0.066,0,6,0.10640000000000001,0.03598332947352151
2014-02-16 00:40:00,0.134,0,6,0.1068,0.036348314954066326
2014-02-16 00:45:00,0.136,0,6,0.12040000000000002,0.030443390087176603
2014-02-16 00:50:00,0.068,0,6,0.1076,0.03707829553795592
2014-02-16 00:55:00,0.134,0,6,0.1076,0.03707829553795592
2014-02-16 01:00:00,0.134,1,6,0.1212,0.029752310834622625
2014-02-16 01:05:00,0.134,1,6,0.1212,0.029752310834622625
2014-02-16 01:10:00,0.066,1,6,0.1072,0.0367042231902543
2014-02-16 01:15:00,0.134,1,6,0.12040000000000002,0.030410524493997185
2014-02-16 01:20:00,0.134,1,6,0.12040000000000002,0.030410524493997185
2014-02-16 01:25:00,0.134,1,6,0.12040000000000002,0.030410524493997185
2014-02-16 01:30:00,0.132,1,6,0.12000000000000002,0.030199337741083045
2014-02-16 01:35:00,0.066,1,6,0.12,0.030199337741083045
2014-02-16 01:40:00,0.134,1,6,0.12,0.030199337741083045
2014-02-16 01:45:00,0.134,1,6,0.12,0.030199337741083045
2014-02-16 01:50:00,0.198,1,6,0.1328,0.04668190227486455
2014-02-16 01:55:00,0.134,1,6,0.1332,0.04668190227486455
2014-02-16 02:00:00,0.134,2,6,0.1468,0.028621670111997406
2014-02-16 02:05:00,0.136,2,6,0.14720000000000003,0.02841126537132772
2014-02-16 02:10:00,0.132,2,6,0.1468,0.028656587375331444
2014-02-16 02:15:00,0.066,2,6,0.1204,0.030443390087176562
2014-02-16 02:20:00,0.132,2,6,0.12,0.03023243291566195
2014-02-16 02:25:00,0.066,2,6,0.10640000000000001,0.03691612113968635
2014-02-16 02:30:00,0.134,2,6,0.10600000000000001,0.036523964735499306
2014-02-16 02:35:00,0.132,2,6,0.10600000000000001,0.036523964735499306
2014-02-16 02:40:00,0.068,2,6,0.10640000000000001,0.035983329473521446
2014-02-16 02:45:00,0.134,2,6,0.1068,0.03634831495406626
2014-02-16 02:50:00,0.134,2,6,0.1204,0.029305289624912426
2014-02-16 02:55:00,0.134,2,6,0.1204,0.029305289624912426
2014-02-16 03:00:00,0.134,3,6,0.12079999999999999,0.029516097302997223
2014-02-16 03:05:00,1.534,3,6,0.41400000000000003,0.6260990336999411
2014-02-16 03:10:00,0.134,3,6,0.414,0.6260990336999411
2014-02-16 03:15:00,0.134,3,6,0.41400000000000003,0.6260990336999411
2014-02-16 03:20:00,0.066,3,6,0.4004,0.6343853718363941
2014-02-16 03:25:00,0.134,3,6,0.40040000000000003,0.6343853718363941
2014-02-16 03:30:00,0.068,3,6,0.1072,0.03670422319025438
2014-02-16 03:35:00,0.132,3,6,0.1068,0.03634831495406641
2014-02-16 03:40:00,0.134,3,6,0.1068,0.03634831495406641
2014-02-16 03:45:00,0.066,3,6,0.1068,0.03634831495406641
2014-02-16 03:50:00,0.132,3,6,0.10640000000000001,0.03598332947352159
2014-02-16 03:55:00,0.134,3,6,0.11960000000000001,0.029979993328885287
2014-02-16 04:00:00,0.134,4,6,0.12000000000000002,0.0301993377410831
2014-02-16 04:05:00,0.134,4,6,0.12000000000000002,0.0301993377410831
2014-02-16 04:10:00,0.068,4,6,0.1204,0.02930528962491253
2014-02-16 04:15:00,0.134,4,6,0.12080000000000002,0.029516097302997327
2014-02-16 04:20:00,0.132,4,6,0.12040000000000002,0.02930528962491253
2014-02-16 04:25:00,0.066,4,6,0.1068,0.0363483149540664
2014-02-16 04:30:00,0.132,4,6,0.10640000000000001,0.03598332947352159
2014-02-16 04:35:00,0.134,4,6,0.11960000000000001,0.029979993328885297
2014-02-16 04:40:00,0.066,4,6,0.10600000000000001,0.036523964735499445
2014-02-16 04:45:00,0.134,4,6,0.10640000000000001,0.036889022757454655
2014-02-16 04:50:00,0.134,4,6,0.12000000000000002,0.03019933774108312
2014-02-16 04:55:00,0.134,4,6,0.12040000000000002,0.03041052449399726
2014-02-16 05:00:00,0.134,5,6,0.12040000000000002,0.03041052449399726
2014-02-16 05:05:00,0.066,5,6,0.1204,0.030410524493997143
2014-02-16 05:10:00,0.134,5,6,0.12040000000000002,0.030410524493997143
2014-02-16 05:15:00,0.066,5,6,0.1068,0.0372451339103513
2014-02-16 05:20:00,0.134,5,6,0.1068,0.0372451339103513
2014-02-16 05:25:00,0.134,5,6,0.1068,0.0372451339103513
2014-02-16 05:30:00,0.132,5,6,0.12000000000000002,0.030199337741083004
2014-02-16 05:35:00,0.066,5,6,0.10640000000000001,0.03688902275745456
2014-02-16 05:40:00,0.132,5,6,0.11960000000000001,0.029979993328885186
2014-02-16 05:45:00,0.066,5,6,0.10600000000000001,0.036523964735499355
2014-02-16 05:50:00,0.134,5,6,0.10600000000000001,0.036523964735499355
2014-02-16 05:55:00,0.132,5,6,0.10600000000000001,0.036523964735499355
2014-02-16 06:00:00,0.134,6,6,0.11960000000000001,0.029979993328885186
2014-02-16 06:05:00,0.134,6,6,0.12000000000000002,0.030199337741083004
2014-02-16 06:10:00,0.068,6,6,0.1204,0.029305289624912436
2014-02-16 06:15:00,0.134,6,6,0.12040000000000002,0.029305289624912436
2014-02-16 06:20:00,0.066,6,6,0.1072,0.0367042231902543
2014-02-16 06:25:00,0.134,6,6,0.1072,0.0367042231902543
2014-02-16 06:30:00,0.132,6,6,0.1068,0.036348314954066326
2014-02-16 06:35:00,0.066,6,6,0.10640000000000001,0.03688902275745458
2014-02-16 06:40:00,0.134,6,6,0.10640000000000001,0.03688902275745458
2014-02-16 06:45:00,0.066,6,6,0.10640000000000001,0.03688902275745458
2014-02-16 06:50:00,0.132,6,6,0.10600000000000001,0.03652396473549937
2014-02-16 06:55:00,0.132,6,6,0.10600000000000001,0.03652396473549937
2014-02-16 07:00:00,0.134,7,6,0.11960000000000001,0.029979993328885183
2014-02-16 07:05:00,0.066,7,6,0.10600000000000001,0.03652396473549937
2014-02-16 07:10:00,0.134,7,6,0.11960000000000001,0.029979993328885183
2014-02-16 07:15:00,0.132,7,6,0.11960000000000001,0.029979993328885183
2014-02-16 07:20:00,0.068,7,6,0.1068,0.036348314954066326
2014-02-16 07:25:00,0.134,7,6,0.1068,0.036348314954066326
2014-02-16 07:30:00,0.134,7,6,0.12040000000000002,0.02930528962491243
2014-02-16 07:35:00,0.066,7,6,0.1068,0.036348314954066326
2014-02-16 07:40:00,0.134,7,6,0.1072,0.0367042231902543
2014-02-16 07:45:00,0.134,7,6,0.12040000000000002,0.030410524493997147
2014-02-16 07:50:00,0.134,7,6,0.12040000000000002,0.030410524493997147
2014-02-16 07:55:00,0.134,7,6,0.12040000000000002,0.030410524493997147
2014-02-16 08:00:00,0.132,8,6,0.1336,0.0008944271909999135
2014-02-16 08:05:00,0.066,8,6,0.12000000000000002,0.030199337741083
2014-02-16 08:10:00,0.134,8,6,0.12000000000000002,0.030199337741083
2014-02-16 08:15:00,0.066,8,6,0.10640000000000001,0.03688902275745456
2014-02-16 08:20:00,0.132,8,6,0.10600000000000001,0.03652396473549935
2014-02-16 08:25:00,0.134,8,6,0.10640000000000001,0.03688902275745456
2014-02-16 08:30:00,0.066,8,6,0.10640000000000001,0.03688902275745456
2014-02-16 08:35:00,0.134,8,6,0.10640000000000001,0.03688902275745456
2014-02-16 08:40:00,0.134,8,6,0.12000000000000002,0.030199337741083
2014-02-16 08:45:00,0.134,8,6,0.12040000000000002,0.03041052449399714
2014-02-16 08:50:00,0.066,8,6,0.1068,0.037245133910351294
2014-02-16 08:55:00,0.134,8,6,0.12040000000000002,0.03041052449399714
2014-02-16 09:00:00,0.134,9,6,0.12040000000000002,0.03041052449399714
2014-02-16 09:05:00,0.132,9,6,0.12000000000000002,0.030199337741083
2014-02-16 09:10:00,0.134,9,6,0.12000000000000002,0.030199337741083
2014-02-16 09:15:00,0.066,9,6,0.12,0.030199337741083
2014-02-16 09:20:00,0.132,9,6,0.11960000000000001,0.029979993328885183
2014-02-16 09:25:00,0.132,9,6,0.11920000000000001,0.029752310834622576
2014-02-16 09:30:00,0.066,9,6,0.10600000000000001,0.036523964735499355
2014-02-16 09:35:00,0.134,9,6,0.10600000000000001,0.036523964735499355
2014-02-16 09:40:00,0.132,9,6,0.11920000000000001,0.029752310834622576
2014-02-16 09:45:00,0.068,9,6,0.10640000000000001,0.035983329473521494
2014-02-16 09:50:00,0.132,9,6,0.10640000000000001,0.035983329473521494
2014-02-16 09:55:00,0.134,9,6,0.12000000000000002,0.029086079144497973
2014-02-16 10:00:00,0.134,10,6,0.12000000000000002,0.029086079144497973
2014-02-16 10:05:00,0.132,10,6,0.12000000000000002,0.029086079144497973
2014-02-16 10:10:00,0.066,10,6,0.1196,0.029979993328885183
2014-02-16 10:15:00,0.134,10,6,0.12000000000000002,0.030199337741083
2014-02-16 10:20:00,0.132,10,6,0.11960000000000001,0.029979993328885183
2014-02-16 10:25:00,0.066,10,6,0.10600000000000001,0.036523964735499355
2014-02-16 10:30:00,0.132,10,6,0.10600000000000001,0.036523964735499355
2014-02-16 10:35:00,0.134,10,6,0.11960000000000001,0.029979993328885186
2014-02-16 10:40:00,0.066,10,6,0.10600000000000001,0.036523964735499355
2014-02-16 10:45:00,0.132,10,6,0.10600000000000001,0.036523964735499355
2014-02-16 10:50:00,0.132,10,6,0.11920000000000001,0.029752310834622583
2014-02-16 10:55:00,0.132,10,6,0.11920000000000001,0.029752310834622583
2014-02-16 11:00:00,0.132,11,6,0.11880000000000002,0.02951609730299723
2014-02-16 11:05:00,0.134,11,6,0.1324,0.0008944271909999135
2014-02-16 11:10:00,0.068,11,6,0.11960000000000001,0.028858274376684413
2014-02-16 11:15:00,0.132,11,6,0.11960000000000001,0.028858274376684413
2014-02-16 11:20:00,0.134,11,6,0.12000000000000002,0.029086079144497977
2014-02-16 11:25:00,0.134,11,6,0.12040000000000002,0.02930528962491243
2014-02-16 11:30:00,0.066,11,6,0.1068,0.03634831495406631
2014-02-16 11:35:00,0.132,11,6,0.11960000000000001,0.029979993328885186
2014-02-16 11:40:00,0.132,11,6,0.11960000000000001,0.029979993328885186
2014-02-16 11:45:00,0.134,11,6,0.11960000000000001,0.029979993328885186
2014-02-16 11:50:00,0.068,11,6,0.10640000000000001,0.035983329473521494
2014-02-16 11:55:00,0.134,11,6,0.12000000000000002,0.029086079144497977
2014-02-16 12:00:00,0.134,12,6,0.12040000000000002,0.029305289624912433
2014-02-16 12:05:00,0.066,12,6,0.1072,0.036704223190254286
2014-02-16 12:10:00,0.132,12,6,0.1068,0.03634831495406631
2014-02-16 12:15:00,0.132,12,6,0.11960000000000001,0.029979993328885186
2014-02-16 12:20:00,0.066,12,6,0.10600000000000001,0.036523964735499355
2014-02-16 12:25:00,0.132,12,6,0.1056,0.03614968879534097
2014-02-16 12:30:00,0.2,12,6,0.13240000000000002,0.04737932038347534
2014-02-16 12:35:00,0.066,12,6,0.11920000000000001,0.055939252765835196
2014-02-16 12:40:00,0.134,12,6,0.11960000000000001,0.056060681408630776
2014-02-16 12:45:00,0.132,12,6,0.13279999999999997,0.047383541446371455
2014-02-16 12:50:00,0.066,12,6,0.11960000000000001,0.05606068140863077
2014-02-16 12:55:00,0.134,12,6,0.10640000000000001,0.03688902275745453
2014-02-16 13:00:00,0.134,13,6,0.12000000000000002,0.030199337741082986
2014-02-16 13:05:00,0.066,13,6,0.10640000000000001,0.03688902275745453
2014-02-16 13:10:00,0.132,13,6,0.10640000000000001,0.03688902275745453
2014-02-16 13:15:00,0.134,13,6,0.12000000000000002,0.030199337741082986
2014-02-16 13:20:00,0.068,13,6,0.1068,0.03634831495406628
2014-02-16 13:25:00,0.134,13,6,0.1068,0.03634831495406628
2014-02-16 13:30:00,0.134,13,6,0.12040000000000002,0.029305289624912415
2014-02-16 13:35:00,0.134,13,6,0.12080000000000002,0.029516097302997212
2014-02-16 13:40:00,0.066,13,6,0.1072,0.03670422319025426
2014-02-16 13:45:00,0.134,13,6,0.12040000000000002,0.03041052449399713
2014-02-16 13:50:00,0.132,13,6,0.12000000000000002,0.030199337741082986
2014-02-16 13:55:00,0.134,13,6,0.12000000000000002,0.030199337741082986
2014-02-16 14:00:00,0.066,14,6,0.10640000000000001,0.03688902275745453
2014-02-16 14:05:00,0.132,14,6,0.11960000000000001,0.02997999332888517
2014-02-16 14:10:00,0.134,14,6,0.11960000000000001,0.029979993328885166
2014-02-16 14:15:00,0.066,14,6,0.10640000000000001,0.03688902275745452
2014-02-16 14:20:00,0.134,14,6,0.10640000000000001,0.03688902275745452
2014-02-16 14:25:00,0.134,14,6,0.12000000000000002,0.030199337741082983
2014-02-16 14:30:00,0.136,14,6,0.12080000000000002,0.03064637009500471
2014-02-16 14:35:00,0.066,14,6,0.1072,0.03761914406256472
2014-02-16 14:40:00,0.134,14,6,0.12080000000000002,0.03064637009500471
2014-02-16 14:45:00,0.132,14,6,0.12040000000000002,0.030443390087176544
2014-02-16 14:50:00,0.066,14,6,0.1068,0.03727197338483701
2014-02-16 14:55:00,0.132,14,6,0.10600000000000001,0.03652396473549932
2014-02-16 15:00:00,0.134,15,6,0.11960000000000001,0.02997999332888516
2014-02-16 15:05:00,0.134,15,6,0.11960000000000001,0.02997999332888516
2014-02-16 15:10:00,0.066,15,6,0.10640000000000001,0.03688902275745452
2014-02-16 15:15:00,0.132,15,6,0.11960000000000001,0.02997999332888516
2014-02-16 15:20:00,0.134,15,6,0.12000000000000002,0.030199337741082976
2014-02-16 15:25:00,0.134,15,6,0.12000000000000002,0.030199337741082976
2014-02-16 15:30:00,0.134,15,6,0.12000000000000002,0.030199337741082976
2014-02-16 15:35:00,0.066,15,6,0.12,0.030199337741082976
2014-02-16 15:40:00,0.134,15,6,0.12040000000000002,0.03041052449399712
2014-02-16 15:45:00,0.134,15,6,0.12040000000000002,0.03041052449399712
2014-02-16 15:50:00,0.134,15,6,0.12040000000000002,0.03041052449399712
2014-02-16 15:55:00,0.132,15,6,0.12000000000000002,0.030199337741082976
2014-02-16 16:00:00,0.134,16,6,0.1336,0.0008944271909998562
2014-02-16 16:05:00,0.132,16,6,0.13320000000000004,0.0010954451150102628
2014-02-16 16:10:00,0.066,16,6,0.1196,0.029979993328885155
2014-02-16 16:15:00,0.132,16,6,0.11920000000000001,0.02975231083462255
2014-02-16 16:20:00,0.134,16,6,0.11960000000000001,0.029979993328885155
2014-02-16 16:25:00,0.066,16,6,0.10600000000000001,0.0365239647354993
2014-02-16 16:30:00,0.134,16,6,0.10640000000000001,0.03688902275745451
2014-02-16 16:35:00,0.132,16,6,0.11960000000000001,0.02997999332888514
2014-02-16 16:40:00,0.068,16,6,0.1068,0.036348314954066256
2014-02-16 16:45:00,0.134,16,6,0.1068,0.036348314954066256
2014-02-16 16:50:00,0.134,16,6,0.12040000000000002,0.029305289624912387
2014-02-16 16:55:00,0.134,16,6,0.12040000000000002,0.029305289624912387
2014-02-16 17:00:00,0.066,17,6,0.1072,0.03670422319025424
2014-02-16 17:05:00,0.132,17,6,0.12000000000000002,0.030199337741082962
2014-02-16 17:10:00,0.134,17,6,0.12000000000000002,0.030199337741082962
2014-02-16 17:15:00,0.068,17,6,0.1068,0.036348314954066256
2014-02-16 17:20:00,0.134,17,6,0.1068,0.036348314954066256
2014-02-16 17:25:00,0.132,17,6,0.12000000000000002,0.029086079144497935
2014-02-16 17:30:00,0.134,17,6,0.12040000000000002,0.029305289624912387
2014-02-16 17:35:00,0.068,17,6,0.1072,0.03579385422108098
2014-02-16 17:40:00,0.134,17,6,0.12040000000000002,0.029305289624912387
2014-02-16 17:45:00,0.134,17,6,0.12040000000000002,0.029305289624912387
2014-02-16 17:50:00,0.066,17,6,0.1072,0.03670422319025424
2014-02-16 17:55:00,0.134,17,6,0.1072,0.03670422319025424
2014-02-16 18:00:00,0.134,18,6,0.12040000000000002,0.0304105244939971
2014-02-16 18:05:00,0.132,18,6,0.12000000000000002,0.030199337741082962
2014-02-16 18:10:00,0.134,18,6,0.12000000000000002,0.030199337741082962
2014-02-16 18:15:00,0.132,18,6,0.13319999999999999,0.001095445115009867
2014-02-16 18:20:00,0.132,18,6,0.13280000000000003,0.0010954451150098474
2014-02-16 18:25:00,0.066,18,6,0.1192,0.029752310834622535
2014-02-16 18:30:00,0.134,18,6,0.11960000000000001,0.02997999332888514
2014-02-16 18:35:00,0.134,18,6,0.11960000000000001,0.02997999332888514
2014-02-16 18:40:00,0.134,18,6,0.12000000000000002,0.03019933774108296
2014-02-16 18:45:00,0.068,18,6,0.1072,0.03670422319025422
2014-02-16 18:50:00,0.134,18,6,0.12080000000000002,0.029516097302997184
2014-02-16 18:55:00,0.136,18,6,0.12120000000000002,0.029752310834622542
2014-02-16 19:00:00,0.134,19,6,0.12120000000000002,0.029752310834622542
2014-02-16 19:05:00,0.132,19,6,0.12080000000000002,0.029549957698785254
2014-02-16 19:10:00,0.134,19,6,0.13399999999999998,0.0014142135623730356
2014-02-16 19:15:00,0.134,19,6,0.13400000000000004,0.0014142135623730356
2014-02-16 19:20:00,0.066,19,6,0.12,0.030199337741082976
2014-02-16 19:25:00,0.134,19,6,0.12000000000000002,0.030199337741082976
2014-02-16 19:30:00,0.136,19,6,0.12080000000000002,0.030646370095004705
2014-02-16 19:35:00,0.134,19,6,0.12080000000000002,0.030646370095004705
2014-02-16 19:40:00,0.066,19,6,0.1072,0.03761914406256471
2014-02-16 19:45:00,0.134,19,6,0.12080000000000002,0.0306463700950047
2014-02-16 19:50:00,0.134,19,6,0.12080000000000002,0.0306463700950047
2014-02-16 19:55:00,0.134,19,6,0.12040000000000002,0.030410524493997115
2014-02-16 20:00:00,0.066,20,6,0.1068,0.03724513391035126
2014-02-16 20:05:00,0.134,20,6,0.12040000000000002,0.030410524493997115
2014-02-16 20:10:00,0.134,20,6,0.12040000000000002,0.030410524493997115
2014-02-16 20:15:00,0.134,20,6,0.12040000000000002,0.030410524493997115
2014-02-16 20:20:00,0.134,20,6,0.12040000000000002,0.030410524493997115
2014-02-16 20:25:00,0.066,20,6,0.1204,0.030410524493997143
2014-02-16 20:30:00,0.132,20,6,0.12000000000000002,0.030199337741083
2014-02-16 20:35:00,0.134,20,6,0.12000000000000002,0.030199337741083
2014-02-16 20:40:00,0.066,20,6,0.10640000000000001,0.03688902275745456
2014-02-16 20:45:00,0.134,20,6,0.10640000000000001,0.03688902275745456
2014-02-16 20:50:00,0.132,20,6,0.11960000000000001,0.029979993328885183
2014-02-16 20:55:00,0.134,20,6,0.12000000000000002,0.030199337741083
2014-02-16 21:00:00,0.132,21,6,0.11960000000000001,0.029979993328885183
2014-02-16 21:05:00,0.136,21,6,0.1336,0.001673320053068097
2014-02-16 21:10:00,0.132,21,6,0.13320000000000004,0.0017888543819997815
2014-02-16 21:15:00,0.134,21,6,0.1336,0.001673320053068097
2014-02-16 21:20:00,0.134,21,6,0.13360000000000002,0.001673320053068097
2014-02-16 21:25:00,0.134,21,6,0.13399999999999998,0.0014142135623730326
2014-02-16 21:30:00,0.066,21,6,0.12000000000000002,0.030199337741082997
2014-02-16 21:35:00,0.2019999999999999,21,6,0.13399999999999998,0.04808326112068519
2014-02-16 21:40:00,0.136,21,6,0.1344,0.048091579304489436
2014-02-16 21:45:00,0.134,21,6,0.1344,0.048091579304489436
2014-02-16 21:50:00,0.068,21,6,0.12119999999999997,0.056543788341426114
2014-02-16 21:55:00,0.132,21,6,0.1344,0.04740042193905025
2014-02-16 22:00:00,0.134,22,6,0.12080000000000002,0.029549957698785292
2014-02-16 22:05:00,0.134,22,6,0.12040000000000002,0.029305289624912433
2014-02-16 22:10:00,0.066,22,6,0.1068,0.03634831495406631
2014-02-16 22:15:00,0.134,22,6,0.12000000000000002,0.030199337741083004
2014-02-16 22:20:00,0.066,22,6,0.1068,0.03724513391035131
2014-02-16 22:25:00,0.132,22,6,0.10640000000000001,0.036889022757454565
2014-02-16 22:30:00,0.132,22,6,0.10600000000000001,0.03652396473549936
2014-02-16 22:35:00,0.134,22,6,0.11960000000000001,0.029979993328885183
2014-02-16 22:40:00,0.068,22,6,0.10640000000000001,0.035983329473521494
2014-02-16 22:45:00,0.134,22,6,0.12000000000000002,0.029086079144497977
2014-02-16 22:50:00,0.066,22,6,0.1068,0.03634831495406631
2014-02-16 22:55:00,0.134,22,6,0.1072,0.036704223190254286
2014-02-16 23:00:00,0.134,23,6,0.1072,0.036704223190254286
2014-02-16 23:05:00,0.134,23,6,0.12040000000000002,0.030410524493997143
2014-02-16 23:10:00,0.134,23,6,0.12040000000000002,0.030410524493997143
2014-02-16 23:15:00,0.134,23,6,0.134,0.0
2014-02-16 23:20:00,0.134,23,6,0.134,0.0
2014-02-16 23:25:00,0.066,23,6,0.1204,0.030410524493997143
2014-02-16 23:30:00,0.134,23,6,0.12040000000000002,0.030410524493997143
2014-02-16 23:35:00,0.2,23,6,0.1336,0.04737932038347533
2014-02-16 23:40:00,0.134,23,6,0.1336,0.04737932038347533
2014-02-16 23:45:00,0.066,23,6,0.12000000000000002,0.05617828762075257
2014-02-16 23:50:00,0.134,23,6,0.1336,0.04737932038347533
2014-02-16 23:55:00,0.132,23,6,0.13320000000000004,0.04738354144637145
2014-02-17 00:00:00,0.136,0,0,0.12040000000000002,0.030443390087176572
2014-02-17 00:05:00,0.068,0,0,0.1072,0.036731457907357844
2014-02-17 00:10:00,0.134,0,0,0.12080000000000002,0.029549957698785302
2014-02-17 00:15:00,0.134,0,0,0.12080000000000002,0.029549957698785302
2014-02-17 00:20:00,0.132,0,0,0.12080000000000002,0.029549957698785302
2014-02-17 00:25:00,0.066,0,0,0.1068,0.03634831495406632
2014-02-17 00:30:00,0.134,0,0,0.12000000000000002,0.03019933774108301
2014-02-17 00:35:00,0.068,0,0,0.1068,0.03634831495406632
2014-02-17 00:40:00,0.132,0,0,0.10640000000000001,0.0359833294735215
2014-02-17 00:45:00,0.066,0,0,0.0932,0.036348314954066326
2014-02-17 00:50:00,0.134,0,0,0.1068,0.03634831495406631
2014-02-17 00:55:00,0.132,0,0,0.10640000000000001,0.0359833294735215
2014-02-17 01:00:00,0.134,1,0,0.11960000000000001,0.029979993328885193
2014-02-17 01:05:00,0.134,1,0,0.12000000000000002,0.03019933774108301
2014-02-17 01:10:00,0.068,1,0,0.1204,0.029305289624912443
2014-02-17 01:15:00,0.132,1,0,0.12000000000000002,0.029086079144497987
2014-02-17 01:20:00,0.132,1,0,0.12000000000000002,0.029086079144497987
2014-02-17 01:25:00,0.068,1,0,0.1068,0.03542880184256873
2014-02-17 01:30:00,0.132,1,0,0.10640000000000001,0.03505424368033066
2014-02-17 01:35:00,0.134,1,0,0.11960000000000001,0.02885827437668444
2014-02-17 01:40:00,0.066,1,0,0.10640000000000001,0.035983329473521515
2014-02-17 01:45:00,0.132,1,0,0.10640000000000001,0.035983329473521515
2014-02-17 01:50:00,0.134,1,0,0.11960000000000001,0.02997999332888521
2014-02-17 01:55:00,0.132,1,0,0.11960000000000001,0.02997999332888521
2014-02-17 02:00:00,0.134,2,0,0.11960000000000001,0.02997999332888521
2014-02-17 02:05:00,0.066,2,0,0.1196,0.02997999332888521
2014-02-17 02:10:00,0.134,2,0,0.12000000000000002,0.030199337741083028
2014-02-17 02:15:00,0.134,2,0,0.12000000000000002,0.030199337741083028
2014-02-17 02:20:00,0.132,2,0,0.12000000000000002,0.030199337741083028
2014-02-17 02:25:00,0.068,2,0,0.1068,0.03634831495406633
2014-02-17 02:30:00,0.132,2,0,0.12000000000000002,0.029086079144498005
2014-02-17 02:35:00,0.134,2,0,0.12000000000000002,0.029086079144498005
2014-02-17 02:40:00,0.066,2,0,0.10640000000000001,0.035983329473521515
2014-02-17 02:45:00,0.134,2,0,0.1068,0.03634831495406633
2014-02-17 02:50:00,0.134,2,0,0.12000000000000002,0.030199337741083014
2014-02-17 02:55:00,0.132,2,0,0.12000000000000002,0.030199337741083014
2014-02-17 03:00:00,0.066,3,0,0.10640000000000001,0.036889022757454586
2014-02-17 03:05:00,0.132,3,0,0.11960000000000001,0.0299799933288852
2014-02-17 03:10:00,0.134,3,0,0.11960000000000001,0.0299799933288852
2014-02-17 03:15:00,1.398,3,0,0.3724,0.5740547012262855
2014-02-17 03:20:00,0.134,3,0,0.37279999999999996,0.5738459723654074
2014-02-17 03:25:00,0.134,3,0,0.38639999999999997,0.5655022546374151
2014-02-17 03:30:00,0.134,3,0,0.3867999999999999,0.5652779847119468
2014-02-17 03:35:00,0.066,3,0,0.3732,0.5736368189019948
2014-02-17 03:40:00,0.134,3,0,0.12040000000000002,0.030410524493998153
2014-02-17 03:45:00,0.066,3,0,0.1068,0.03724513391035216
2014-02-17 03:50:00,0.134,3,0,0.1068,0.03724513391035216
2014-02-17 03:55:00,0.134,3,0,0.1068,0.03724513391035216
2014-02-17 04:00:00,0.134,4,0,0.12040000000000002,0.03041052449399813
2014-02-17 04:05:00,0.134,4,0,0.12040000000000002,0.03041052449399813
2014-02-17 04:10:00,0.066,4,0,0.1204,0.030410524493997143
2014-02-17 04:15:00,0.134,4,0,0.12040000000000002,0.030410524493997143
2014-02-17 04:20:00,0.134,4,0,0.12040000000000002,0.030410524493997143
2014-02-17 04:25:00,0.134,4,0,0.12040000000000002,0.030410524493997143
2014-02-17 04:30:00,0.068,4,0,0.1072,0.03670422319025428
2014-02-17 04:35:00,0.132,4,0,0.12040000000000002,0.029305289624912433
2014-02-17 04:40:00,0.134,4,0,0.12040000000000002,0.029305289624912433
2014-02-17 04:45:00,0.066,4,0,0.1068,0.036348314954066305
2014-02-17 04:50:00,0.134,4,0,0.1068,0.036348314954066305
2014-02-17 04:55:00,0.198,4,0,0.1328,0.04668190227486451
2014-02-17 05:00:00,0.134,5,0,0.1332,0.04668190227486451
2014-02-17 05:05:00,0.134,5,0,0.1332,0.04668190227486451
2014-02-17 05:10:00,0.134,5,0,0.1468,0.028621670111997302
2014-02-17 05:15:00,0.132,5,0,0.14640000000000003,0.028858274376684406
2014-02-17 05:20:00,0.066,5,0,0.12000000000000002,0.03019933774108302
2014-02-17 05:25:00,0.134,5,0,0.12000000000000002,0.03019933774108302
2014-02-17 05:30:00,0.132,5,0,0.11960000000000001,0.029979993328885204
2014-02-17 05:35:00,0.134,5,0,0.11960000000000001,0.029979993328885204
2014-02-17 05:40:00,0.134,5,0,0.12000000000000002,0.03019933774108302
2014-02-17 05:45:00,0.068,5,0,0.1204,0.02930528962491245
2014-02-17 05:50:00,0.132,5,0,0.12000000000000002,0.029086079144497998
2014-02-17 05:55:00,0.134,5,0,0.12040000000000002,0.02930528962491245
2014-02-17 06:00:00,0.134,6,0,0.12040000000000002,0.02930528962491245
2014-02-17 06:05:00,0.134,6,0,0.12040000000000002,0.02930528962491245
2014-02-17 06:10:00,0.066,6,0,0.12,0.03019933774108302
2014-02-17 06:15:00,0.134,6,0,0.12040000000000002,0.03041052449399716
2014-02-17 06:20:00,0.134,6,0,0.12040000000000002,0.03041052449399716
2014-02-17 06:25:00,0.134,6,0,0.12040000000000002,0.03041052449399716
2014-02-17 06:30:00,0.068,6,0,0.1072,0.0367042231902543
2014-02-17 06:35:00,0.134,6,0,0.12080000000000002,0.029516097302997243
2014-02-17 06:40:00,0.134,6,0,0.12080000000000002,0.029516097302997243
2014-02-17 06:45:00,0.136,6,0,0.12120000000000002,0.029752310834622597
2014-02-17 06:50:00,0.134,6,0,0.12120000000000002,0.029752310834622597
2014-02-17 06:55:00,0.134,6,0,0.1344,0.0008944271910003965
2014-02-17 07:00:00,0.134,7,0,0.13440000000000002,0.0008944271910003965
2014-02-17 07:05:00,0.134,7,0,0.1344,0.0008944271910003965
2014-02-17 07:10:00,0.132,7,0,0.13360000000000002,0.0008944271910003965
2014-02-17 07:15:00,0.068,7,0,0.1204,0.029305289624912443
2014-02-17 07:20:00,0.132,7,0,0.12000000000000002,0.02908607914449799
2014-02-17 07:25:00,0.066,7,0,0.10640000000000001,0.035983329473521494
2014-02-17 07:30:00,0.132,7,0,0.10600000000000001,0.03560898762952972
2014-02-17 07:35:00,0.134,7,0,0.10640000000000001,0.035983329473521494
2014-02-17 07:40:00,0.066,7,0,0.10600000000000001,0.03652396473549936
2014-02-17 07:45:00,0.134,7,0,0.10640000000000001,0.036889022757454565
2014-02-17 07:50:00,0.066,7,0,0.10640000000000001,0.036889022757454565
2014-02-17 07:55:00,0.134,7,0,0.1068,0.03724513391035131
2014-02-17 08:00:00,0.134,8,0,0.1068,0.03724513391035131
2014-02-17 08:05:00,0.134,8,0,0.12040000000000002,0.030410524493997153
2014-02-17 08:10:00,0.066,8,0,0.1068,0.03724513391035131
2014-02-17 08:15:00,0.134,8,0,0.12040000000000002,0.030410524493997153
2014-02-17 08:20:00,0.134,8,0,0.12040000000000002,0.030410524493997153
2014-02-17 08:25:00,0.068,8,0,0.1072,0.03670422319025429
2014-02-17 08:30:00,0.134,8,0,0.1072,0.03670422319025429
2014-02-17 08:35:00,0.132,8,0,0.12040000000000002,0.029305289624912446
2014-02-17 08:40:00,0.132,8,0,0.12000000000000002,0.02908607914449799
2014-02-17 08:45:00,0.134,8,0,0.12000000000000002,0.02908607914449799
2014-02-17 08:50:00,0.132,8,0,0.13279999999999997,0.0010954451150107388
2014-02-17 08:55:00,0.134,8,0,0.13280000000000003,0.0010954451150107388
2014-02-17 09:00:00,0.134,9,0,0.13319999999999999,0.0010954451150107388
2014-02-17 09:05:00,0.066,9,0,0.12000000000000002,0.030199337741083014
2014-02-17 09:10:00,0.132,9,0,0.11960000000000001,0.0299799933288852
2014-02-17 09:15:00,0.134,9,0,0.12000000000000002,0.030199337741083014
2014-02-17 09:20:00,0.132,9,0,0.11960000000000001,0.0299799933288852
2014-02-17 09:25:00,0.132,9,0,0.11920000000000001,0.029752310834622594
2014-02-17 09:30:00,0.132,9,0,0.1324,0.0008944271910003359
2014-02-17 09:35:00,0.066,9,0,0.11920000000000001,0.02975231083462259
2014-02-17 09:40:00,0.134,9,0,0.11920000000000001,0.02975231083462259
2014-02-17 09:45:00,0.134,9,0,0.11960000000000001,0.029979993328885193
2014-02-17 09:50:00,0.068,9,0,0.1068,0.036348314954066305
2014-02-17 09:55:00,0.134,9,0,0.1072,0.03670422319025428
2014-02-17 10:00:00,0.132,10,0,0.12040000000000002,0.02930528962491244
2014-02-17 10:05:00,0.134,10,0,0.12040000000000002,0.02930528962491244
2014-02-17 10:10:00,0.066,10,0,0.1068,0.036348314954066305
2014-02-17 10:15:00,0.132,10,0,0.11960000000000001,0.029979993328885193
2014-02-17 10:20:00,0.132,10,0,0.11920000000000001,0.02975231083462259
2014-02-17 10:25:00,0.068,10,0,0.10640000000000001,0.035983329473521494
2014-02-17 10:30:00,0.132,10,0,0.10600000000000001,0.035608987629529715
2014-02-17 10:35:00,0.134,10,0,0.11960000000000001,0.028858274376684423
2014-02-17 10:40:00,0.2,10,0,0.1332,0.046681902274864524
2014-02-17 10:45:00,0.134,10,0,0.1336,0.04667761776269223
2014-02-17 10:50:00,0.068,10,0,0.13360000000000002,0.04667761776269223
2014-02-17 10:55:00,0.134,10,0,0.13399999999999998,0.04666904755831215
2014-02-17 11:00:00,0.132,11,0,0.13360000000000002,0.04667761776269223
2014-02-17 11:05:00,0.136,11,0,0.12080000000000002,0.02954995769878531
2014-02-17 11:10:00,0.068,11,0,0.1076,0.03617734097470405
2014-02-17 11:15:00,0.134,11,0,0.12080000000000002,0.029549957698785306
2014-02-17 11:20:00,0.134,11,0,0.12080000000000002,0.029549957698785306
2014-02-17 11:25:00,0.066,11,0,0.1076,0.037078295537955906
2014-02-17 11:30:00,0.134,11,0,0.1072,0.036704223190254286
2014-02-17 11:35:00,0.066,11,0,0.1068,0.03724513391035131
2014-02-17 11:40:00,0.134,11,0,0.1068,0.03724513391035131
2014-02-17 11:45:00,0.132,11,0,0.10640000000000001,0.036889022757454565
2014-02-17 11:50:00,0.134,11,0,0.12000000000000002,0.03019933774108301
2014-02-17 11:55:00,0.132,11,0,0.11960000000000001,0.029979993328885193
2014-02-17 12:00:00,0.068,12,0,0.12,0.029086079144497984
2014-02-17 12:05:00,0.134,12,0,0.12000000000000002,0.029086079144497984
2014-02-17 12:10:00,0.132,12,0,0.12000000000000002,0.029086079144497984
2014-02-17 12:15:00,0.134,12,0,0.12000000000000002,0.029086079144497984
2014-02-17 12:20:00,0.066,12,0,0.1068,0.03634831495406631
2014-02-17 12:25:00,0.134,12,0,0.12000000000000002,0.030199337741083007
2014-02-17 12:30:00,0.134,12,0,0.12000000000000002,0.030199337741083007
2014-02-17 12:35:00,0.066,12,0,0.1068,0.03724513391035131
2014-02-17 12:40:00,0.132,12,0,0.10640000000000001,0.036889022757454565
2014-02-17 12:45:00,0.134,12,0,0.12000000000000002,0.03019933774108301
2014-02-17 12:50:00,0.134,12,0,0.12000000000000002,0.03019933774108301
2014-02-17 12:55:00,0.134,12,0,0.12000000000000002,0.03019933774108301
2014-02-17 13:00:00,0.068,13,0,0.1204,0.02930528962491244
2014-02-17 13:05:00,0.134,13,0,0.12080000000000002,0.029516097302997236
2014-02-17 13:10:00,0.134,13,0,0.12080000000000002,0.029516097302997236
2014-02-17 13:15:00,0.134,13,0,0.12080000000000002,0.029516097302997236
2014-02-17 13:20:00,0.134,13,0,0.12080000000000002,0.029516097302997236
2014-02-17 13:25:00,0.066,13,0,0.1204,0.030410524493997143
2014-02-17 13:30:00,0.132,13,0,0.12000000000000002,0.030199337741083
2014-02-17 13:35:00,0.068,13,0,0.1068,0.036348314954066305
2014-02-17 13:40:00,0.134,13,0,0.1068,0.036348314954066305
2014-02-17 13:45:00,0.132,13,0,0.10640000000000001,0.03598332947352149
2014-02-17 13:50:00,0.134,13,0,0.12000000000000002,0.029086079144497977
2014-02-17 13:55:00,0.2019999999999999,13,0,0.13399999999999998,0.04739198244429111
2014-02-17 14:00:00,0.066,14,0,0.1336,0.048091579304489436
2014-02-17 14:05:00,0.2,14,0,0.14679999999999999,0.056543788341426135
2014-02-17 14:10:00,0.2,14,0,0.16039999999999996,0.060156462661961764
2014-02-17 14:15:00,0.066,14,0,0.14679999999999999,0.07376449010194538
2014-02-17 14:20:00,0.134,14,0,0.1332,0.06700149252068942
2014-02-17 14:25:00,0.134,14,0,0.1468,0.0559392527658352
2014-02-17 14:30:00,0.132,14,0,0.1332,0.04738354144637145
2014-02-17 14:35:00,0.134,14,0,0.12000000000000002,0.030199337741083
2014-02-17 14:40:00,0.066,14,0,0.12,0.030199337741083
2014-02-17 14:45:00,0.134,14,0,0.12000000000000002,0.030199337741083
2014-02-17 14:50:00,0.2019999999999999,14,0,0.1336,0.04809157930448944
2014-02-17 14:55:00,0.134,14,0,0.13399999999999998,0.0480832611206852
2014-02-17 15:00:00,0.132,15,0,0.1336,0.04809157930448944
2014-02-17 15:05:00,0.134,15,0,0.14719999999999997,0.030646370095004698
2014-02-17 15:10:00,0.134,15,0,0.14719999999999997,0.030646370095004698
2014-02-17 15:15:00,0.066,15,0,0.12000000000000002,0.030199337741082997
2014-02-17 15:20:00,0.134,15,0,0.12000000000000002,0.030199337741082997
2014-02-17 15:25:00,0.132,15,0,0.12000000000000002,0.030199337741082997
2014-02-17 15:30:00,0.066,15,0,0.10640000000000001,0.036889022757454544
2014-02-17 15:35:00,0.132,15,0,0.10600000000000001,0.036523964735499334
2014-02-17 15:40:00,0.132,15,0,0.11920000000000001,0.029752310834622573
2014-02-17 15:45:00,0.134,15,0,0.11920000000000001,0.029752310834622573
2014-02-17 15:50:00,0.2019999999999999,15,0,0.13319999999999999,0.04809573785690367
2014-02-17 15:55:00,0.2,15,0,0.15999999999999998,0.03744329045369812
2014-02-17 16:00:00,0.132,16,0,0.16,0.03744329045369812
2014-02-17 16:05:00,0.134,16,0,0.16039999999999996,0.037078295537955906
2014-02-17 16:10:00,0.066,16,0,0.14679999999999999,0.05654378834142614
2014-02-17 16:15:00,0.134,16,0,0.1332,0.047383541446371434
2014-02-17 16:20:00,0.136,16,0,0.12040000000000002,0.030443390087176524
2014-02-17 16:25:00,0.066,16,0,0.1072,0.03761914406256469
2014-02-17 16:30:00,0.134,16,0,0.1072,0.03761914406256469
2014-02-17 16:35:00,0.132,16,0,0.12040000000000002,0.030443390087176527
2014-02-17 16:40:00,0.132,16,0,0.12000000000000002,0.030232432915661914
2014-02-17 16:45:00,0.066,16,0,0.10600000000000001,0.0365239647354993
2014-02-17 16:50:00,0.134,16,0,0.11960000000000001,0.029979993328885148
2014-02-17 16:55:00,0.132,16,0,0.11920000000000001,0.029752310834622542
2014-02-17 17:00:00,0.134,17,0,0.11960000000000001,0.029979993328885148
2014-02-17 17:05:00,0.134,17,0,0.12000000000000002,0.03019933774108297
2014-02-17 17:10:00,0.132,17,0,0.13319999999999999,0.001095445115010164
2014-02-17 17:15:00,0.134,17,0,0.13320000000000004,0.001095445115010164
2014-02-17 17:20:00,0.134,17,0,0.1336,0.000894427190999735
2014-02-17 17:25:00,0.134,17,0,0.13360000000000002,0.000894427190999735
2014-02-17 17:30:00,0.132,17,0,0.13319999999999999,0.001095445115010164
2014-02-17 17:35:00,0.068,17,0,0.12040000000000002,0.029305289624912398
2014-02-17 17:40:00,0.132,17,0,0.12000000000000002,0.029086079144497942
2014-02-17 17:45:00,0.132,17,0,0.11960000000000001,0.028858274376684378
2014-02-17 17:50:00,0.066,17,0,0.10600000000000001,0.035608987629529666
2014-02-17 17:55:00,0.2,17,0,0.11960000000000001,0.05546891021103622
2014-02-17 18:00:00,0.068,18,0,0.1196,0.05546891021103622
2014-02-17 18:05:00,0.134,18,0,0.12000000000000002,0.05558776843874917
2014-02-17 18:10:00,0.134,18,0,0.12040000000000002,0.05570278269530167
2014-02-17 18:15:00,0.134,18,0,0.13399999999999998,0.04666904755831214
2014-02-17 18:20:00,0.134,18,0,0.12080000000000002,0.029516097302997195
2014-02-17 18:25:00,0.132,18,0,0.1336,0.0008944271909999135
2014-02-17 18:30:00,0.066,18,0,0.12000000000000002,0.030199337741083
2014-02-17 18:35:00,0.136,18,0,0.12040000000000002,0.030443390087176562
2014-02-17 18:40:00,0.134,18,0,0.12040000000000002,0.030443390087176562
2014-02-17 18:45:00,0.134,18,0,0.12040000000000002,0.030443390087176562
2014-02-17 18:50:00,0.132,18,0,0.12040000000000002,0.030443390087176562
2014-02-17 18:55:00,0.134,18,0,0.13399999999999998,0.0014142135623731122
2014-02-17 19:00:00,0.068,19,0,0.12040000000000002,0.029305289624912433
2014-02-17 19:05:00,0.134,19,0,0.12040000000000002,0.029305289624912433
2014-02-17 19:10:00,0.134,19,0,0.12040000000000002,0.029305289624912433
2014-02-17 19:15:00,0.134,19,0,0.12080000000000002,0.02951609730299723
2014-02-17 19:20:00,0.134,19,0,0.12080000000000002,0.02951609730299723
2014-02-17 19:25:00,0.068,19,0,0.12079999999999999,0.029516097302997226
2014-02-17 19:30:00,0.132,19,0,0.12040000000000002,0.029305289624912426
2014-02-17 19:35:00,0.134,19,0,0.12040000000000002,0.029305289624912426
2014-02-17 19:40:00,0.068,19,0,0.1072,0.03579385422108103
2014-02-17 19:45:00,0.134,19,0,0.1072,0.03579385422108103
2014-02-17 19:50:00,0.134,19,0,0.12040000000000002,0.02930528962491243
2014-02-17 19:55:00,0.204,19,0,0.1348,0.04809573785690369
2014-02-17 20:00:00,0.066,20,0,0.1212,0.0571419285638838
2014-02-17 20:05:00,0.134,20,0,0.13440000000000002,0.04879344218232609
2014-02-17 20:10:00,0.136,20,0,0.1348,0.0487975409216489
2014-02-17 20:15:00,0.132,20,0,0.13440000000000002,0.04881393243736873
2014-02-17 20:20:00,0.132,20,0,0.12,0.030232432915661953
2014-02-17 20:25:00,0.134,20,0,0.1336,0.0016733200530679995
2014-02-17 20:30:00,0.066,20,0,0.12000000000000002,0.030232432915661953
2014-02-17 20:35:00,0.132,20,0,0.11920000000000001,0.029752310834622583
2014-02-17 20:40:00,0.134,20,0,0.11960000000000001,0.029979993328885186
2014-02-17 20:45:00,0.134,20,0,0.12000000000000002,0.030199337741083004
2014-02-17 20:50:00,0.132,20,0,0.11960000000000001,0.029979993328885186
2014-02-17 20:55:00,0.134,20,0,0.1332,0.0010954451150103923
2014-02-17 21:00:00,0.132,21,0,0.1332,0.0010954451150103923
2014-02-17 21:05:00,0.134,21,0,0.1332,0.0010954451150103923
2014-02-17 21:10:00,0.134,21,0,0.1332,0.0010954451150103923
2014-02-17 21:15:00,0.134,21,0,0.1336,0.0008944271909999887
2014-02-17 21:20:00,0.066,21,0,0.12,0.030199337741083004
2014-02-17 21:25:00,0.134,21,0,0.1204,0.030410524493997143
2014-02-17 21:30:00,0.134,21,0,0.1204,0.030410524493997143
2014-02-17 21:35:00,0.132,21,0,0.12,0.030199337741083004
2014-02-17 21:40:00,0.132,21,0,0.1196,0.029979993328885186
2014-02-17 21:45:00,0.066,21,0,0.11960000000000001,0.029979993328885186
2014-02-17 21:50:00,0.2,21,0,0.1328,0.047383541446371434
2014-02-17 21:55:00,0.134,21,0,0.1328,0.047383541446371434
2014-02-17 22:00:00,0.066,22,0,0.11960000000000001,0.056060681408630776
2014-02-17 22:05:00,0.2019999999999999,22,0,0.1336,0.06750407395113273
2014-02-17 22:10:00,0.134,22,0,0.14719999999999997,0.056419854661280334
2014-02-17 22:15:00,0.134,22,0,0.13399999999999998,0.048083261120685186
2014-02-17 22:20:00,0.132,22,0,0.1336,0.04809157930448943
2014-02-17 22:25:00,0.134,22,0,0.14719999999999997,0.030646370095004663
2014-02-17 22:30:00,0.134,22,0,0.1336,0.0008944271909994874
2014-02-17 22:35:00,0.132,22,0,0.1332,0.001095445115009983
2014-02-17 22:40:00,0.132,22,0,0.1328,0.001095445115009983
2014-02-17 22:45:00,0.134,22,0,0.1332,0.001095445115009983
2014-02-17 22:50:00,0.132,22,0,0.1328,0.001095445115009983
2014-02-17 22:55:00,0.134,22,0,0.1328,0.001095445115009983
2014-02-17 23:00:00,0.136,23,0,0.1336,0.0016733200530679262
2014-02-17 23:05:00,0.066,23,0,0.12040000000000002,0.03044339008717655
2014-02-17 23:10:00,0.198,23,0,0.1332,0.04670331893987835
2014-02-17 23:15:00,0.068,23,0,0.12040000000000002,0.05512531179050146
2014-02-17 23:20:00,0.134,23,0,0.12040000000000002,0.05512531179050146
2014-02-17 23:25:00,0.134,23,0,0.12000000000000002,0.054990908339470075
2014-02-17 23:30:00,0.066,23,0,0.12,0.054990908339470075
2014-02-17 23:35:00,0.132,23,0,0.1068,0.03634831495406629
2014-02-17 23:40:00,0.134,23,0,0.12,0.030199337741082983
2014-02-17 23:45:00,0.068,23,0,0.1068,0.03634831495406629
2014-02-17 23:50:00,0.132,23,0,0.10640000000000001,0.03598332947352147
2014-02-17 23:55:00,0.14,23,0,0.12120000000000002,0.029919893047937175
2014-02-18 00:00:00,0.132,0,1,0.12120000000000002,0.029919893047937175
2014-02-18 00:05:00,0.068,0,1,0.10800000000000001,0.0366606055596467
2014-02-18 00:10:00,0.134,0,1,0.1212,0.02991989304793717
2014-02-18 00:15:00,0.134,0,1,0.1216,0.030113120064184633
2014-02-18 00:20:00,0.132,0,1,0.12,0.02908607914449796
2014-02-18 00:25:00,0.066,0,1,0.1068,0.036348314954066284
2014-02-18 00:30:00,0.134,0,1,0.12000000000000002,0.030199337741082986
2014-02-18 00:35:00,0.132,0,1,0.11960000000000001,0.02997999332888517
2014-02-18 00:40:00,0.134,0,1,0.11960000000000001,0.02997999332888517
2014-02-18 00:45:00,0.132,0,1,0.11960000000000001,0.02997999332888517
2014-02-18 00:50:00,0.134,0,1,0.1332,0.0010954451150099963
2014-02-18 00:55:00,0.134,0,1,0.1332,0.0010954451150099963
2014-02-18 01:00:00,0.066,1,1,0.12,0.03019933774108299
2014-02-18 01:05:00,0.134,1,1,0.12,0.03019933774108299
2014-02-18 01:10:00,0.134,1,1,0.1204,0.03041052449399713
2014-02-18 01:15:00,0.134,1,1,0.1204,0.03041052449399713
2014-02-18 01:20:00,0.134,1,1,0.1204,0.03041052449399713
2014-02-18 01:25:00,0.066,1,1,0.12040000000000002,0.030410524493997143
2014-02-18 01:30:00,0.132,1,1,0.12000000000000002,0.030199337741083
2014-02-18 01:35:00,0.132,1,1,0.11960000000000001,0.029979993328885183
2014-02-18 01:40:00,0.068,1,1,0.10640000000000001,0.035983329473521494
2014-02-18 01:45:00,0.132,1,1,0.10600000000000001,0.035608987629529715
2014-02-18 01:50:00,0.134,1,1,0.1196,0.028858274376684406
2014-02-18 01:55:00,0.134,1,1,0.12,0.02908607914449797
2014-02-18 02:00:00,0.134,2,1,0.1204,0.029305289624912422
2014-02-18 02:05:00,0.066,2,1,0.12000000000000002,0.030199337741082997
2014-02-18 02:10:00,0.134,2,1,0.12040000000000002,0.03041052449399714
2014-02-18 02:15:00,0.134,2,1,0.12040000000000002,0.03041052449399714
2014-02-18 02:20:00,0.134,2,1,0.12040000000000002,0.03041052449399714
2014-02-18 02:25:00,0.066,2,1,0.1068,0.0372451339103513
2014-02-18 02:30:00,0.2,2,1,0.1336,0.04737932038347532
2014-02-18 02:35:00,0.134,2,1,0.1336,0.04737932038347532
2014-02-18 02:40:00,0.134,2,1,0.1336,0.04737932038347532
2014-02-18 02:45:00,0.134,2,1,0.1336,0.04737932038347532
2014-02-18 02:50:00,0.134,2,1,0.14720000000000003,0.029516097302997205
2014-02-18 02:55:00,0.134,2,1,0.134,0.0
2014-02-18 03:00:00,0.134,3,1,0.134,0.0
2014-02-18 03:05:00,0.134,3,1,0.134,0.0
2014-02-18 03:10:00,0.066,3,1,0.1204,0.030410524493997143
2014-02-18 03:15:00,0.134,3,1,0.1204,0.030410524493997143
2014-02-18 03:20:00,1.534,3,1,0.4004,0.6343853718363941
2014-02-18 03:25:00,0.066,3,1,0.38680000000000003,0.6422049517093433
2014-02-18 03:30:00,0.134,3,1,0.3868,0.6422049517093433
2014-02-18 03:35:00,0.134,3,1,0.4004,0.6343853718363941
2014-02-18 03:40:00,0.068,3,1,0.3872,0.641955761715712
2014-02-18 03:45:00,0.134,3,1,0.1072,0.03670422319025436
2014-02-18 03:50:00,0.132,3,1,0.12040000000000002,0.029305289624912537
2014-02-18 03:55:00,0.134,3,1,0.12040000000000002,0.029305289624912537
2014-02-18 04:00:00,0.134,4,1,0.12040000000000002,0.029305289624912537
2014-02-18 04:05:00,0.068,4,1,0.1204,0.029305289624912533
2014-02-18 04:10:00,0.134,4,1,0.12040000000000002,0.029305289624912533
2014-02-18 04:15:00,0.134,4,1,0.12080000000000002,0.02951609730299733
2014-02-18 04:20:00,0.132,4,1,0.12040000000000002,0.029305289624912533
2014-02-18 04:25:00,0.136,4,1,0.12080000000000002,0.029549957698785396
2014-02-18 04:30:00,0.132,4,1,0.1336,0.0016733200530702668
2014-02-18 04:35:00,0.066,4,1,0.12000000000000002,0.030232432915662067
2014-02-18 04:40:00,0.134,4,1,0.12000000000000002,0.030232432915662067
2014-02-18 04:45:00,0.132,4,1,0.12000000000000002,0.030232432915662067
2014-02-18 04:50:00,0.066,4,1,0.10600000000000001,0.03652396473549945
2014-02-18 04:55:00,0.198,4,1,0.11920000000000001,0.055346183246905184
2014-02-18 05:00:00,0.066,5,1,0.1192,0.055346183246905184
2014-02-18 05:05:00,0.134,5,1,0.11920000000000001,0.055346183246905184
2014-02-18 05:10:00,0.132,5,1,0.11920000000000001,0.055346183246905184
2014-02-18 05:15:00,0.132,5,1,0.1324,0.0466776177626923
2014-02-18 05:20:00,0.134,5,1,0.11960000000000001,0.02997999332888532
2014-02-18 05:25:00,0.066,5,1,0.1196,0.02997999332888532
2014-02-18 05:30:00,0.132,5,1,0.11920000000000001,0.029752310834622715
2014-02-18 05:35:00,0.134,5,1,0.11960000000000001,0.02997999332888532
2014-02-18 05:40:00,0.134,5,1,0.12000000000000002,0.030199337741083136
2014-02-18 05:45:00,0.132,5,1,0.11960000000000001,0.02997999332888532
2014-02-18 05:50:00,0.066,5,1,0.1196,0.02997999332888532
2014-02-18 05:55:00,0.198,5,1,0.1328,0.046681902274864594
2014-02-18 06:00:00,0.132,6,1,0.13240000000000002,0.0466776177626923
2014-02-18 06:05:00,0.068,6,1,0.11920000000000001,0.05474668939762484
2014-02-18 06:10:00,0.134,6,1,0.11960000000000001,0.054870757239170745
2014-02-18 06:15:00,0.134,6,1,0.13319999999999999,0.04596955514250718
2014-02-18 06:20:00,0.134,6,1,0.12040000000000002,0.02930528962491258
2014-02-18 06:25:00,0.134,6,1,0.12080000000000002,0.029516097302997375
2014-02-18 06:30:00,0.132,6,1,0.1336,0.0008944271909999135
2014-02-18 06:35:00,0.134,6,1,0.13360000000000002,0.0008944271909999135
2014-02-18 06:40:00,0.134,6,1,0.1336,0.0008944271909999135
2014-02-18 06:45:00,0.134,6,1,0.13360000000000002,0.0008944271909999135
2014-02-18 06:50:00,0.068,6,1,0.1204,0.02930528962491243
2014-02-18 06:55:00,0.134,6,1,0.12080000000000002,0.029516097302997226
2014-02-18 07:00:00,0.132,7,1,0.12040000000000002,0.02930528962491243
2014-02-18 07:05:00,0.134,7,1,0.12040000000000002,0.02930528962491243
2014-02-18 07:10:00,0.134,7,1,0.12040000000000002,0.02930528962491243
2014-02-18 07:15:00,0.066,7,1,0.12,0.030199337741083
2014-02-18 07:20:00,0.134,7,1,0.12000000000000002,0.030199337741083
2014-02-18 07:25:00,0.134,7,1,0.12040000000000002,0.030410524493997143
2014-02-18 07:30:00,0.134,7,1,0.12040000000000002,0.030410524493997143
2014-02-18 07:35:00,0.066,7,1,0.1068,0.0372451339103513
2014-02-18 07:40:00,0.132,7,1,0.12000000000000002,0.030199337741083004
2014-02-18 07:45:00,0.132,7,1,0.11960000000000001,0.029979993328885186
2014-02-18 07:50:00,0.134,7,1,0.11960000000000001,0.029979993328885186
2014-02-18 07:55:00,0.2,7,1,0.1328,0.047383541446371434
2014-02-18 08:00:00,0.132,8,1,0.14600000000000002,0.030199337741082983
2014-02-18 08:05:00,0.068,8,1,0.13320000000000004,0.0466819022748645
2014-02-18 08:10:00,0.134,8,1,0.1336,0.04667761776269221
2014-02-18 08:15:00,0.066,8,1,0.12000000000000002,0.05558776843874918
2014-02-18 08:20:00,0.134,8,1,0.1068,0.03634831495406629
2014-02-18 08:25:00,0.136,8,1,0.1076,0.037078295537955885
2014-02-18 08:30:00,0.066,8,1,0.1072,0.03761914406256473
2014-02-18 08:35:00,0.136,8,1,0.1076,0.03798420724459047
2014-02-18 08:40:00,0.134,8,1,0.12120000000000002,0.03087393722867234
2014-02-18 08:45:00,0.134,8,1,0.12120000000000002,0.03087393722867234
2014-02-18 08:50:00,0.132,8,1,0.12040000000000002,0.03044339008717656
2014-02-18 08:55:00,0.134,8,1,0.13399999999999998,0.0014142135623733038
2014-02-18 09:00:00,0.134,9,1,0.13360000000000002,0.0008944271910002299
2014-02-18 09:05:00,0.066,9,1,0.12,0.03019933774108301
2014-02-18 09:10:00,0.134,9,1,0.12000000000000002,0.03019933774108301
2014-02-18 09:15:00,0.134,9,1,0.12040000000000002,0.03041052449399715
2014-02-18 09:20:00,0.134,9,1,0.12040000000000002,0.03041052449399715
2014-02-18 09:25:00,0.066,9,1,0.1068,0.03724513391035131
2014-02-18 09:30:00,0.132,9,1,0.12000000000000002,0.03019933774108301
2014-02-18 09:35:00,0.132,9,1,0.11960000000000001,0.029979993328885193
2014-02-18 09:40:00,0.132,9,1,0.11920000000000001,0.02975231083462259
2014-02-18 09:45:00,0.066,9,1,0.1056,0.03614968879534098
2014-02-18 09:50:00,0.132,9,1,0.11880000000000002,0.029516097302997236
2014-02-18 09:55:00,0.132,9,1,0.11880000000000002,0.029516097302997236
2014-02-18 10:00:00,0.132,10,1,0.11880000000000002,0.029516097302997236
2014-02-18 10:05:00,0.266,10,1,0.1456,0.07312181617000497
2014-02-18 10:10:00,0.134,10,1,0.1592,0.05970929575870076
2014-02-18 10:15:00,0.134,10,1,0.15960000000000002,0.059487813878138104
2014-02-18 10:20:00,0.134,10,1,0.16,0.05926212956011622
2014-02-18 10:25:00,0.066,10,1,0.1468,0.07285053191295175
2014-02-18 10:30:00,0.134,10,1,0.12040000000000002,0.030410524493997188
2014-02-18 10:35:00,0.134,10,1,0.12040000000000002,0.030410524493997188
2014-02-18 10:40:00,0.066,10,1,0.1068,0.03724513391035135
2014-02-18 10:45:00,0.136,10,1,0.1072,0.037619144062564794
2014-02-18 10:50:00,0.132,10,1,0.12040000000000002,0.030443390087176614
2014-02-18 10:55:00,0.132,10,1,0.12000000000000002,0.030232432915662
2014-02-18 11:00:00,0.132,11,1,0.11960000000000001,0.030013330371686565
2014-02-18 11:05:00,0.068,11,1,0.12,0.029120439557122128
2014-02-18 11:10:00,0.134,11,1,0.11960000000000001,0.028858274376684468
2014-02-18 11:15:00,0.134,11,1,0.12000000000000002,0.02908607914449803
2014-02-18 11:20:00,0.134,11,1,0.12040000000000002,0.02930528962491248
2014-02-18 11:25:00,0.134,11,1,0.12080000000000002,0.029516097302997278
2014-02-18 11:30:00,0.066,11,1,0.1204,0.030410524493997143
2014-02-18 11:35:00,0.132,11,1,0.12000000000000002,0.030199337741083
2014-02-18 11:40:00,0.132,11,1,0.11960000000000001,0.029979993328885183
2014-02-18 11:45:00,0.066,11,1,0.10600000000000001,0.036523964735499355
2014-02-18 11:50:00,0.132,11,1,0.1056,0.03614968879534097
2014-02-18 11:55:00,0.132,11,1,0.11880000000000002,0.02951609730299724
2014-02-18 12:00:00,0.134,12,1,0.11920000000000001,0.02975231083462259
2014-02-18 12:05:00,0.134,12,1,0.11960000000000001,0.029979993328885197
2014-02-18 12:10:00,0.066,12,1,0.1196,0.0299799933288852
2014-02-18 12:15:00,0.134,12,1,0.12000000000000002,0.030199337741083018
2014-02-18 12:20:00,0.134,12,1,0.12040000000000002,0.030410524493997157
2014-02-18 12:25:00,0.134,12,1,0.12040000000000002,0.030410524493997157
2014-02-18 12:30:00,0.134,12,1,0.12040000000000002,0.030410524493997157
2014-02-18 12:35:00,0.134,12,1,0.134,0.0
2014-02-18 12:40:00,0.066,12,1,0.12040000000000002,0.030410524493997143
2014-02-18 12:45:00,0.134,12,1,0.12040000000000002,0.030410524493997143
2014-02-18 12:50:00,0.132,12,1,0.12000000000000002,0.030199337741083
2014-02-18 12:55:00,0.134,12,1,0.12000000000000002,0.030199337741083
2014-02-18 13:00:00,0.132,13,1,0.11960000000000001,0.029979993328885183
2014-02-18 13:05:00,0.134,13,1,0.13319999999999999,0.0010954451150102934
2014-02-18 13:10:00,0.068,13,1,0.12000000000000002,0.029086079144497977
2014-02-18 13:15:00,0.132,13,1,0.12000000000000002,0.029086079144497977
2014-02-18 13:20:00,0.132,13,1,0.11960000000000001,0.028858274376684413
2014-02-18 13:25:00,0.066,13,1,0.10640000000000001,0.035983329473521494
2014-02-18 13:30:00,0.132,13,1,0.10600000000000001,0.035608987629529715
2014-02-18 13:35:00,0.132,13,1,0.11880000000000002,0.029516097302997223
2014-02-18 13:40:00,0.134,13,1,0.11920000000000001,0.029752310834622573
2014-02-18 13:45:00,0.134,13,1,0.11960000000000001,0.02997999332888518
2014-02-18 13:50:00,0.134,13,1,0.13319999999999999,0.0010954451150098918
2014-02-18 13:55:00,0.134,13,1,0.13360000000000002,0.0008944271909993534
2014-02-18 14:00:00,0.132,14,1,0.1336,0.0008944271909999135
2014-02-18 14:05:00,0.134,14,1,0.13360000000000002,0.0008944271909999135
2014-02-18 14:10:00,0.134,14,1,0.1336,0.0008944271909999135
2014-02-18 14:15:00,0.134,14,1,0.13360000000000002,0.0008944271909999135
2014-02-18 14:20:00,0.2,14,1,0.14679999999999999,0.029752310834622576
2014-02-18 14:25:00,0.066,14,1,0.13360000000000002,0.04737932038347533
2014-02-18 14:30:00,0.132,14,1,0.13319999999999999,0.04738354144637145
2014-02-18 14:35:00,0.2,14,1,0.14640000000000003,0.05606068140863076
2014-02-18 14:40:00,0.134,14,1,0.14640000000000003,0.05606068140863076
2014-02-18 14:45:00,0.134,14,1,0.1332,0.04738354144637145
2014-02-18 14:50:00,0.134,14,1,0.1468,0.029752310834622566
2014-02-18 14:55:00,0.134,14,1,0.14720000000000003,0.029516097302997212
2014-02-18 15:00:00,0.068,15,1,0.12080000000000002,0.029516097302997226
2014-02-18 15:05:00,0.134,15,1,0.12080000000000002,0.029516097302997226
2014-02-18 15:10:00,0.134,15,1,0.12080000000000002,0.029516097302997226
2014-02-18 15:15:00,0.134,15,1,0.12080000000000002,0.029516097302997226
2014-02-18 15:20:00,0.134,15,1,0.12080000000000002,0.029516097302997226
2014-02-18 15:25:00,0.132,15,1,0.1336,0.0008944271909999135
2014-02-18 15:30:00,0.066,15,1,0.12000000000000002,0.030199337741083
2014-02-18 15:35:00,0.134,15,1,0.12000000000000002,0.030199337741083
2014-02-18 15:40:00,0.132,15,1,0.11960000000000001,0.029979993328885183
2014-02-18 15:45:00,0.134,15,1,0.11960000000000001,0.029979993328885183
2014-02-18 15:50:00,0.066,15,1,0.10640000000000001,0.036889022757454565
2014-02-18 15:55:00,0.198,15,1,0.1328,0.046681902274864503
2014-02-18 16:00:00,0.066,16,1,0.11920000000000001,0.055346183246905115
2014-02-18 16:05:00,0.132,16,1,0.11920000000000001,0.055346183246905115
2014-02-18 16:10:00,0.134,16,1,0.11920000000000001,0.055346183246905115
2014-02-18 16:15:00,0.066,16,1,0.1192,0.055346183246905115
2014-02-18 16:20:00,0.134,16,1,0.10640000000000001,0.036889022757454565
2014-02-18 16:25:00,0.134,16,1,0.12000000000000002,0.030199337741083004
2014-02-18 16:30:00,0.066,16,1,0.1068,0.03724513391035131
2014-02-18 16:35:00,0.132,16,1,0.10640000000000001,0.036889022757454565
2014-02-18 16:40:00,0.134,16,1,0.12000000000000002,0.030199337741083004
2014-02-18 16:45:00,0.134,16,1,0.12000000000000002,0.030199337741083004
2014-02-18 16:50:00,0.134,16,1,0.12000000000000002,0.030199337741083004
2014-02-18 16:55:00,0.136,16,1,0.13399999999999998,0.0014142135623728901
2014-02-18 17:00:00,0.066,17,1,0.12080000000000002,0.030646370095004732
2014-02-18 17:05:00,0.134,17,1,0.12080000000000002,0.030646370095004732
2014-02-18 17:10:00,0.134,17,1,0.12080000000000002,0.030646370095004732
2014-02-18 17:15:00,0.134,17,1,0.12080000000000002,0.030646370095004732
2014-02-18 17:20:00,0.134,17,1,0.12040000000000002,0.030410524493997143
2014-02-18 17:25:00,0.066,17,1,0.1204,0.030410524493997143
2014-02-18 17:30:00,0.134,17,1,0.12040000000000002,0.030410524493997143
2014-02-18 17:35:00,0.132,17,1,0.12000000000000002,0.030199337741083
2014-02-18 17:40:00,0.134,17,1,0.12000000000000002,0.030199337741083
2014-02-18 17:45:00,0.134,17,1,0.12000000000000002,0.030199337741083
2014-02-18 17:50:00,0.134,17,1,0.1336,0.0008944271909999117
2014-02-18 17:55:00,0.132,17,1,0.13320000000000004,0.0010954451150103294
2014-02-18 18:00:00,0.134,18,1,0.1336,0.0008944271909999117
2014-02-18 18:05:00,0.132,18,1,0.13320000000000004,0.0010954451150103294
2014-02-18 18:10:00,0.066,18,1,0.1196,0.029979993328885186
2014-02-18 18:15:00,0.2019999999999999,18,1,0.13319999999999999,0.048095737856903666
2014-02-18 18:20:00,0.134,18,1,0.1336,0.048091579304489436
2014-02-18 18:25:00,0.134,18,1,0.1336,0.048091579304489436
2014-02-18 18:30:00,0.066,18,1,0.12039999999999998,0.05689288180431711
2014-02-18 18:35:00,0.136,18,1,0.1344,0.04809157930448944
2014-02-18 18:40:00,0.134,18,1,0.12080000000000002,0.03064637009500476
2014-02-18 18:45:00,0.134,18,1,0.12080000000000002,0.03064637009500476
2014-02-18 18:50:00,0.132,18,1,0.12040000000000002,0.030443390087176593
2014-02-18 18:55:00,0.132,18,1,0.1336,0.0016733200530684633
2014-02-18 19:00:00,0.134,19,1,0.13320000000000004,0.001095445115010815
2014-02-18 19:05:00,0.134,19,1,0.13319999999999999,0.001095445115010815
2014-02-18 19:10:00,0.2,19,1,0.14640000000000003,0.029979993328885176
2014-02-18 19:15:00,0.132,19,1,0.14640000000000003,0.029979993328885176
2014-02-18 19:20:00,0.066,19,1,0.13320000000000004,0.04738354144637146
2014-02-18 19:25:00,0.132,19,1,0.13279999999999997,0.04738354144637146
2014-02-18 19:30:00,0.134,19,1,0.13280000000000003,0.04738354144637146
2014-02-18 19:35:00,0.134,19,1,0.11960000000000001,0.029979993328885252
2014-02-18 19:40:00,0.132,19,1,0.11960000000000001,0.02997999332888525
2014-02-18 19:45:00,0.066,19,1,0.1196,0.029979993328885245
2014-02-18 19:50:00,0.2019999999999999,19,1,0.1336,0.04809157930448945
2014-02-18 19:55:00,0.134,19,1,0.1336,0.04809157930448945
2014-02-18 20:00:00,0.066,20,1,0.11999999999999997,0.05678027826631356
2014-02-18 20:05:00,0.134,20,1,0.12039999999999998,0.05689288180431713
2014-02-18 20:10:00,0.134,20,1,0.13399999999999998,0.048083261120685214
2014-02-18 20:15:00,0.134,20,1,0.12040000000000002,0.03041052449399721
2014-02-18 20:20:00,0.132,20,1,0.12000000000000002,0.030199337741083073
2014-02-18 20:25:00,0.134,20,1,0.1336,0.0008944271910009923
2014-02-18 20:30:00,0.134,20,1,0.13360000000000002,0.0008944271910009923
2014-02-18 20:35:00,0.134,20,1,0.1336,0.0008944271910009923
2014-02-18 20:40:00,0.066,20,1,0.12000000000000002,0.030199337741083073
2014-02-18 20:45:00,0.134,20,1,0.12040000000000002,0.03041052449399721
2014-02-18 20:50:00,0.134,20,1,0.12040000000000002,0.03041052449399721
2014-02-18 20:55:00,0.134,20,1,0.12040000000000002,0.03041052449399721
2014-02-18 21:00:00,0.134,21,1,0.12040000000000002,0.03041052449399721
2014-02-18 21:05:00,0.134,21,1,0.134,0.0
2014-02-18 21:10:00,0.134,21,1,0.134,0.0
2014-02-18 21:15:00,0.134,21,1,0.134,0.0
2014-02-18 21:20:00,0.134,21,1,0.134,0.0
2014-02-18 21:25:00,0.132,21,1,0.1336,0.0008944271909999135
2014-02-18 21:30:00,0.132,21,1,0.13320000000000004,0.0010954451150103311
2014-02-18 21:35:00,0.134,21,1,0.13319999999999999,0.0010954451150103311
2014-02-18 21:40:00,0.136,21,1,0.13360000000000002,0.001673320053068154
2014-02-18 21:45:00,0.134,21,1,0.1336,0.001673320053068154
2014-02-18 21:50:00,0.068,21,1,0.12080000000000002,0.029549957698785292
2014-02-18 21:55:00,0.198,21,1,0.134,0.0459782557302906
2014-02-18 22:00:00,0.066,22,1,0.12040000000000002,0.05512531179050147
2014-02-18 22:05:00,0.134,22,1,0.12000000000000002,0.05499090833947008
2014-02-18 22:10:00,0.134,22,1,0.12000000000000002,0.05499090833947008
2014-02-18 22:15:00,0.134,22,1,0.13319999999999999,0.04668190227486451
2014-02-18 22:20:00,0.134,22,1,0.12040000000000002,0.030410524493997143
2014-02-18 22:25:00,0.068,22,1,0.12079999999999999,0.029516097302997226
2014-02-18 22:30:00,0.134,22,1,0.12080000000000002,0.029516097302997226
2014-02-18 22:35:00,0.132,22,1,0.12040000000000002,0.029305289624912426
2014-02-18 22:40:00,0.068,22,1,0.1072,0.03579385422108103
2014-02-18 22:45:00,0.136,22,1,0.1076,0.03617734097470404
2014-02-18 22:50:00,0.134,22,1,0.12080000000000002,0.0295499576987853
2014-02-18 22:55:00,0.134,22,1,0.12080000000000002,0.0295499576987853
2014-02-18 23:00:00,0.132,23,1,0.12080000000000002,0.0295499576987853
2014-02-18 23:05:00,0.132,23,1,0.1336,0.0016733200530684527
2014-02-18 23:10:00,0.134,23,1,0.13320000000000004,0.0010954451150107871
2014-02-18 23:15:00,0.066,23,1,0.1196,0.029979993328885204
2014-02-18 23:20:00,0.134,23,1,0.11960000000000001,0.029979993328885204
2014-02-18 23:25:00,0.134,23,1,0.12000000000000002,0.03019933774108302
2014-02-18 23:30:00,0.134,23,1,0.12040000000000002,0.03041052449399716
2014-02-18 23:35:00,0.068,23,1,0.1072,0.0367042231902543
2014-02-18 23:40:00,0.134,23,1,0.12080000000000002,0.029516097302997243
2014-02-18 23:45:00,0.132,23,1,0.12040000000000002,0.029305289624912446
2014-02-18 23:50:00,0.066,23,1,0.1068,0.036348314954066326
2014-02-18 23:55:00,0.138,23,1,0.1076,0.03713219627223795
2014-02-19 00:00:00,0.198,0,2,0.1336,0.04674184420837501
2014-02-19 00:05:00,0.134,0,2,0.1336,0.04674184420837501
2014-02-19 00:10:00,0.132,0,2,0.1336,0.04674184420837501
2014-02-19 00:15:00,0.132,0,2,0.1468,0.02872629457483161
2014-02-19 00:20:00,0.134,0,2,0.14600000000000002,0.029086079144497973
2014-02-19 00:25:00,0.134,0,2,0.1332,0.0010954451150103923
2014-02-19 00:30:00,0.134,0,2,0.1332,0.0010954451150103923
2014-02-19 00:35:00,0.068,0,2,0.12040000000000002,0.029305289624912433
2014-02-19 00:40:00,0.134,0,2,0.12080000000000002,0.02951609730299723
2014-02-19 00:45:00,0.134,0,2,0.12080000000000002,0.02951609730299723
2014-02-19 00:50:00,0.066,0,2,0.1072,0.03670422319025428
2014-02-19 00:55:00,0.2,0,2,0.12040000000000002,0.05570278269530168
2014-02-19 01:00:00,0.132,1,2,0.13319999999999999,0.04738354144637144
2014-02-19 01:05:00,0.066,1,2,0.11960000000000001,0.056060681408630776
2014-02-19 01:10:00,0.132,1,2,0.11920000000000001,0.055939252765835196
2014-02-19 01:15:00,0.134,1,2,0.13279999999999997,0.04738354144637144
2014-02-19 01:20:00,0.134,1,2,0.11960000000000001,0.029979993328885176
2014-02-19 01:25:00,0.066,1,2,0.10640000000000001,0.036889022757454544
2014-02-19 01:30:00,0.134,1,2,0.12000000000000002,0.030199337741082993
2014-02-19 01:35:00,0.134,1,2,0.12040000000000002,0.030410524493997133
2014-02-19 01:40:00,0.066,1,2,0.1068,0.03724513391035129
2014-02-19 01:45:00,0.134,1,2,0.1068,0.03724513391035129
2014-02-19 01:50:00,0.134,1,2,0.12040000000000002,0.030410524493997133
2014-02-19 01:55:00,0.134,1,2,0.12040000000000002,0.030410524493997133
2014-02-19 02:00:00,0.134,2,2,0.12040000000000002,0.030410524493997133
2014-02-19 02:05:00,0.068,2,2,0.12079999999999999,0.029516097302997226
2014-02-19 02:10:00,0.132,2,2,0.12040000000000002,0.029305289624912426
2014-02-19 02:15:00,0.134,2,2,0.12040000000000002,0.029305289624912426
2014-02-19 02:20:00,0.134,2,2,0.12040000000000002,0.029305289624912426
2014-02-19 02:25:00,0.132,2,2,0.12000000000000002,0.029086079144497973
2014-02-19 02:30:00,0.066,2,2,0.1196,0.029979993328885183
2014-02-19 02:35:00,0.134,2,2,0.12000000000000002,0.030199337741083
2014-02-19 02:40:00,0.132,2,2,0.11960000000000001,0.029979993328885183
2014-02-19 02:45:00,0.066,2,2,0.10600000000000001,0.036523964735499355
2014-02-19 02:50:00,0.136,2,2,0.1068,0.03727197338483704
2014-02-19 02:55:00,0.132,2,2,0.12000000000000002,0.030232432915661956
2014-02-19 03:00:00,0.134,3,2,0.12000000000000002,0.030232432915661956
2014-02-19 03:05:00,0.066,3,2,0.1068,0.03727197338483704
2014-02-19 03:10:00,0.132,3,2,0.12000000000000002,0.030232432915661956
2014-02-19 03:15:00,0.132,3,2,0.11920000000000001,0.029752310834622587
2014-02-19 03:20:00,0.068,3,2,0.10640000000000001,0.03598332947352149
2014-02-19 03:25:00,0.134,3,2,0.10640000000000001,0.03598332947352149
2014-02-19 03:30:00,0.134,3,2,0.12000000000000002,0.029086079144497984
2014-02-19 03:35:00,1.444,3,2,0.38239999999999996,0.5941269224669086
2014-02-19 03:40:00,0.134,3,2,0.3827999999999999,0.593916829194122
2014-02-19 03:45:00,0.066,3,2,0.38239999999999996,0.5941824635581228
2014-02-19 03:50:00,0.134,3,2,0.38239999999999996,0.5941824635581228
2014-02-19 03:55:00,0.132,3,2,0.382,0.5943921264619847
2014-02-19 04:00:00,0.134,4,2,0.12000000000000002,0.030199337741081356
2014-02-19 04:05:00,0.134,4,2,0.12000000000000002,0.030199337741081356
2014-02-19 04:10:00,0.132,4,2,0.13319999999999999,0.0010954451149657247
2014-02-19 04:15:00,0.132,4,2,0.13280000000000003,0.0010954451149657052
2014-02-19 04:20:00,0.066,4,2,0.1196,0.029979993328883528
2014-02-19 04:25:00,0.134,4,2,0.11960000000000001,0.029979993328883528
2014-02-19 04:30:00,0.134,4,2,0.11960000000000001,0.029979993328883528
2014-02-19 04:35:00,0.066,4,2,0.10640000000000001,0.036889022757453184
2014-02-19 04:40:00,0.2,4,2,0.12000000000000002,0.05617828762075168
2014-02-19 04:45:00,0.132,4,2,0.13319999999999999,0.047383541446370414
2014-02-19 04:50:00,0.132,4,2,0.13280000000000003,0.047383541446370414
2014-02-19 04:55:00,0.134,4,2,0.13279999999999997,0.047383541446370414
2014-02-19 05:00:00,0.066,5,2,0.1328,0.047383541446370414
2014-02-19 05:05:00,0.132,5,2,0.11920000000000001,0.029752310834620918
2014-02-19 05:10:00,0.134,5,2,0.11960000000000001,0.029979993328883535
2014-02-19 05:15:00,0.068,5,2,0.1068,0.03634831495406493
2014-02-19 05:20:00,0.132,5,2,0.10640000000000001,0.0359833294735201
2014-02-19 05:25:00,0.134,5,2,0.12000000000000002,0.029086079144496273
2014-02-19 05:30:00,0.066,5,2,0.1068,0.03634831495406493
2014-02-19 05:35:00,0.132,5,2,0.10640000000000001,0.0359833294735201
2014-02-19 05:40:00,0.134,5,2,0.11960000000000001,0.029979993328883528
2014-02-19 05:45:00,0.132,5,2,0.11960000000000001,0.029979993328883528
2014-02-19 05:50:00,0.132,5,2,0.11920000000000001,0.029752310834620908
2014-02-19 05:55:00,0.134,5,2,0.13279999999999997,0.001095445114965305
2014-02-19 06:00:00,0.132,6,2,0.13280000000000003,0.001095445114965305
2014-02-19 06:05:00,0.066,6,2,0.1192,0.029752310834620894
2014-02-19 06:10:00,0.2019999999999999,6,2,0.13319999999999999,0.048095737856902646
2014-02-19 06:15:00,0.066,6,2,0.11999999999999997,0.056780278266312635
2014-02-19 06:20:00,0.132,6,2,0.11959999999999997,0.05666392150213304
2014-02-19 06:25:00,0.134,6,2,0.11999999999999997,0.056780278266312635
2014-02-19 06:30:00,0.134,6,2,0.1336,0.048091579304488416
2014-02-19 06:35:00,0.134,6,2,0.12000000000000002,0.030199337741081335
2014-02-19 06:40:00,0.066,6,2,0.12,0.03019933774108133
2014-02-19 06:45:00,0.134,6,2,0.12040000000000002,0.030410524493995485
2014-02-19 06:50:00,0.134,6,2,0.12040000000000002,0.030410524493995485
2014-02-19 06:55:00,0.132,6,2,0.12000000000000002,0.03019933774108133
2014-02-19 07:00:00,0.066,7,2,0.10640000000000001,0.03688902275745314
2014-02-19 07:05:00,0.132,7,2,0.11960000000000001,0.0299799933288835
2014-02-19 07:10:00,0.134,7,2,0.11960000000000001,0.0299799933288835
2014-02-19 07:15:00,0.132,7,2,0.11920000000000001,0.029752310834620883
2014-02-19 07:20:00,0.2,7,2,0.1328,0.047383541446370414
2014-02-19 07:25:00,0.134,7,2,0.14640000000000003,0.0299799933288836
2014-02-19 07:30:00,0.066,7,2,0.13320000000000004,0.047383541446370414
2014-02-19 07:35:00,0.134,7,2,0.13319999999999999,0.047383541446370414
2014-02-19 07:40:00,0.134,7,2,0.13360000000000002,0.047379320383474297
2014-02-19 07:45:00,0.132,7,2,0.12000000000000002,0.030199337741081342
2014-02-19 07:50:00,0.132,7,2,0.11960000000000001,0.02997999332888351
2014-02-19 07:55:00,0.134,7,2,0.13319999999999999,0.001095445114966226
2014-02-19 08:00:00,0.066,8,2,0.11960000000000001,0.02997999332888351
2014-02-19 08:05:00,0.134,8,2,0.11960000000000001,0.02997999332888351
2014-02-19 08:10:00,0.132,8,2,0.11960000000000001,0.02997999332888351
2014-02-19 08:15:00,0.066,8,2,0.10640000000000001,0.03688902275745315
2014-02-19 08:20:00,0.134,8,2,0.10640000000000001,0.03688902275745315
2014-02-19 08:25:00,0.066,8,2,0.10640000000000001,0.03688902275745315
2014-02-19 08:30:00,0.134,8,2,0.10640000000000001,0.03688902275745315
2014-02-19 08:35:00,0.132,8,2,0.10640000000000001,0.03688902275745315
2014-02-19 08:40:00,0.134,8,2,0.12000000000000002,0.03019933774108134
2014-02-19 08:45:00,0.066,8,2,0.10640000000000001,0.03688902275745315
2014-02-19 08:50:00,0.134,8,2,0.12000000000000002,0.03019933774108134
2014-02-19 08:55:00,0.2,8,2,0.1332,0.04738354144637042
2014-02-19 09:00:00,0.068,9,2,0.12040000000000002,0.05570278269530078
2014-02-19 09:05:00,0.134,9,2,0.12040000000000002,0.05570278269530078
2014-02-19 09:10:00,0.134,9,2,0.13399999999999998,0.046669047558311104
2014-02-19 09:15:00,0.132,9,2,0.13360000000000002,0.046677617762691186
2014-02-19 09:20:00,0.134,9,2,0.12040000000000002,0.02930528962491071
2014-02-19 09:25:00,0.136,9,2,0.13399999999999998,0.0014142135623390754
2014-02-19 09:30:00,0.066,9,2,0.12040000000000002,0.030443390087174903
2014-02-19 09:35:00,0.134,9,2,0.12040000000000002,0.030443390087174903
2014-02-19 09:40:00,0.134,9,2,0.12080000000000002,0.030646370095003084
2014-02-19 09:45:00,0.066,9,2,0.1072,0.037619144062563344
2014-02-19 09:50:00,0.134,9,2,0.1068,0.03724513391034988
2014-02-19 09:55:00,0.134,9,2,0.12040000000000002,0.03041052449399548
2014-02-19 10:00:00,0.132,10,2,0.12000000000000002,0.030199337741081328
2014-02-19 10:05:00,0.134,10,2,0.12000000000000002,0.030199337741081328
2014-02-19 10:10:00,0.068,10,2,0.1204,0.029305289624910708
2014-02-19 10:15:00,0.134,10,2,0.12040000000000002,0.029305289624910708
2014-02-19 10:20:00,0.068,10,2,0.1072,0.035793854221079544
2014-02-19 10:25:00,0.134,10,2,0.1076,0.0361496887953395
2014-02-19 10:30:00,0.134,10,2,0.1076,0.0361496887953395
2014-02-19 10:35:00,0.066,10,2,0.1072,0.036704223190252835
2014-02-19 10:40:00,0.134,10,2,0.1072,0.036704223190252835
2014-02-19 10:45:00,0.134,10,2,0.12040000000000002,0.030410524493995485
2014-02-19 10:50:00,0.134,10,2,0.12040000000000002,0.030410524493995485
2014-02-19 10:55:00,0.134,10,2,0.12040000000000002,0.030410524493995485
2014-02-19 11:00:00,0.134,11,2,0.134,0.0
2014-02-19 11:05:00,0.134,11,2,0.134,0.0
2014-02-19 11:10:00,0.066,11,2,0.1204,0.030410524493997143
2014-02-19 11:15:00,0.132,11,2,0.12000000000000002,0.030199337741083
2014-02-19 11:20:00,0.134,11,2,0.12000000000000002,0.030199337741083
2014-02-19 11:25:00,0.134,11,2,0.12000000000000002,0.030199337741083
2014-02-19 11:30:00,0.066,11,2,0.10640000000000001,0.03688902275745456
2014-02-19 11:35:00,0.134,11,2,0.12000000000000002,0.030199337741083
2014-02-19 11:40:00,0.134,11,2,0.12040000000000002,0.03041052449399714
2014-02-19 11:45:00,0.134,11,2,0.12040000000000002,0.03041052449399714
2014-02-19 11:50:00,0.134,11,2,0.12040000000000002,0.03041052449399714
2014-02-19 11:55:00,0.134,11,2,0.134,0.0
2014-02-19 12:00:00,0.132,12,2,0.13360000000000002,0.0008944271909999135
2014-02-19 12:05:00,0.068,12,2,0.1204,0.02930528962491243
2014-02-19 12:10:00,0.134,12,2,0.12040000000000002,0.02930528962491243
2014-02-19 12:15:00,0.132,12,2,0.12000000000000002,0.029086079144497977
2014-02-19 12:20:00,0.066,12,2,0.10640000000000001,0.03598332947352149
2014-02-19 12:25:00,0.136,12,2,0.1072,0.03673145790735783
2014-02-19 12:30:00,0.134,12,2,0.12040000000000002,0.03044339008717656
2014-02-19 12:35:00,0.134,12,2,0.12040000000000002,0.03044339008717656
2014-02-19 12:40:00,0.066,12,2,0.1072,0.037619144062564745
2014-02-19 12:45:00,0.134,12,2,0.12080000000000002,0.03064637009500473
2014-02-19 12:50:00,0.134,12,2,0.12040000000000002,0.030410524493997143
2014-02-19 12:55:00,0.134,12,2,0.12040000000000002,0.030410524493997143
2014-02-19 13:00:00,0.132,13,2,0.12000000000000002,0.030199337741083
2014-02-19 13:05:00,0.134,13,2,0.1336,0.0008944271909999117
2014-02-19 13:10:00,0.132,13,2,0.13320000000000004,0.0010954451150103294
2014-02-19 13:15:00,0.134,13,2,0.13319999999999999,0.0010954451150103294
2014-02-19 13:20:00,0.066,13,2,0.11960000000000001,0.029979993328885186
2014-02-19 13:25:00,0.134,13,2,0.12000000000000002,0.030199337741083004
2014-02-19 13:30:00,0.134,13,2,0.12000000000000002,0.030199337741083004
2014-02-19 13:35:00,0.134,13,2,0.12040000000000002,0.030410524493997143
2014-02-19 13:40:00,0.134,13,2,0.12040000000000002,0.030410524493997143
2014-02-19 13:45:00,0.134,13,2,0.134,0.0
2014-02-19 13:50:00,0.132,13,2,0.13360000000000002,0.0008944271909999135
2014-02-19 13:55:00,0.132,13,2,0.13319999999999999,0.0010954451150103311
2014-02-19 14:00:00,0.066,14,2,0.11960000000000001,0.029979993328885186
2014-02-19 14:05:00,0.134,14,2,0.11960000000000001,0.029979993328885186
2014-02-19 14:10:00,0.134,14,2,0.11960000000000001,0.029979993328885186
2014-02-19 14:15:00,0.134,14,2,0.12000000000000002,0.030199337741083004
2014-02-19 14:20:00,0.134,14,2,0.12040000000000002,0.030410524493997143
2014-02-19 14:25:00,0.134,14,2,0.134,0.0
2014-02-19 14:30:00,0.066,14,2,0.12040000000000002,0.030410524493997143
2014-02-19 14:35:00,0.134,14,2,0.12040000000000002,0.030410524493997143
2014-02-19 14:40:00,0.134,14,2,0.12040000000000002,0.030410524493997143
2014-02-19 14:45:00,0.136,14,2,0.12080000000000002,0.03064637009500473
2014-02-19 14:50:00,0.134,14,2,0.12080000000000002,0.03064637009500473
2014-02-19 14:55:00,0.134,14,2,0.1344,0.0008944271909999723
2014-02-19 15:00:00,0.134,15,2,0.13440000000000002,0.0008944271909999723
2014-02-19 15:05:00,0.066,15,2,0.12079999999999999,0.03064637009500473
2014-02-19 15:10:00,0.2,15,2,0.1336,0.04737932038347533
2014-02-19 15:15:00,0.134,15,2,0.1336,0.04737932038347533
2014-02-19 15:20:00,0.134,15,2,0.1336,0.04737932038347533
2014-02-19 15:25:00,0.134,15,2,0.1336,0.04737932038347533
2014-02-19 15:30:00,0.066,15,2,0.13360000000000002,0.04737932038347533
2014-02-19 15:35:00,0.132,15,2,0.12000000000000002,0.030199337741083004
2014-02-19 15:40:00,0.132,15,2,0.11960000000000001,0.029979993328885186
2014-02-19 15:45:00,0.134,15,2,0.11960000000000001,0.029979993328885186
2014-02-19 15:50:00,0.134,15,2,0.11960000000000001,0.029979993328885186
2014-02-19 15:55:00,0.134,15,2,0.13319999999999999,0.0010954451150104914
2014-02-19 16:00:00,0.066,16,2,0.12000000000000002,0.030199337741083007
2014-02-19 16:05:00,0.134,16,2,0.12040000000000002,0.030410524493997147
2014-02-19 16:10:00,0.132,16,2,0.12000000000000002,0.030199337741083007
2014-02-19 16:15:00,0.132,16,2,0.11960000000000001,0.02997999332888519
2014-02-19 16:20:00,0.066,16,2,0.10600000000000001,0.03652396473549936
2014-02-19 16:25:00,0.132,16,2,0.11920000000000001,0.029752310834622587
2014-02-19 16:30:00,0.134,16,2,0.11920000000000001,0.029752310834622587
2014-02-19 16:35:00,0.066,16,2,0.10600000000000001,0.03652396473549936
2014-02-19 16:40:00,0.2,16,2,0.11960000000000001,0.05606068140863078
2014-02-19 16:45:00,0.066,16,2,0.1196,0.05606068140863078
2014-02-19 16:50:00,0.132,16,2,0.11960000000000001,0.05606068140863078
2014-02-19 16:55:00,0.132,16,2,0.11920000000000001,0.0559392527658352
2014-02-19 17:00:00,0.134,17,2,0.13279999999999997,0.04738354144637145
2014-02-19 17:05:00,0.132,17,2,0.11920000000000001,0.029752310834622587
2014-02-19 17:10:00,0.134,17,2,0.13279999999999997,0.0010954451150106265
2014-02-19 17:15:00,0.134,17,2,0.13320000000000004,0.0010954451150106265
2014-02-19 17:20:00,0.2,17,2,0.14679999999999999,0.029752310834622587
2014-02-19 17:25:00,0.066,17,2,0.13320000000000004,0.04738354144637145
2014-02-19 17:30:00,0.2019999999999999,17,2,0.14719999999999997,0.05641985466128035
2014-02-19 17:35:00,0.066,17,2,0.1336,0.06750407395113274
2014-02-19 17:40:00,0.134,17,2,0.1336,0.06750407395113274
2014-02-19 17:45:00,0.132,17,2,0.11999999999999997,0.05678027826631354
2014-02-19 17:50:00,0.134,17,2,0.1336,0.04809157930448944
2014-02-19 17:55:00,0.134,17,2,0.12000000000000002,0.030199337741083018
2014-02-19 18:00:00,0.132,18,2,0.13319999999999999,0.0010954451150104864
2014-02-19 18:05:00,0.134,18,2,0.13320000000000004,0.0010954451150104864
2014-02-19 18:10:00,0.134,18,2,0.1336,0.0008944271910000818
2014-02-19 18:15:00,0.134,18,2,0.13360000000000002,0.0008944271910000818
2014-02-19 18:20:00,0.134,18,2,0.1336,0.0008944271910000818
2014-02-19 18:25:00,0.132,18,2,0.13360000000000002,0.0008944271910000818
2014-02-19 18:30:00,0.134,18,2,0.1336,0.0008944271910000818
2014-02-19 18:35:00,0.134,18,2,0.13360000000000002,0.0008944271910000818
2014-02-19 18:40:00,0.134,18,2,0.1336,0.0008944271910000818
2014-02-19 18:45:00,0.132,18,2,0.13320000000000004,0.0010954451150104864
2014-02-19 18:50:00,0.132,18,2,0.13319999999999999,0.0010954451150104864
2014-02-19 18:55:00,0.132,18,2,0.13280000000000003,0.0010954451150105061
2014-02-19 19:00:00,0.134,19,2,0.13279999999999997,0.0010954451150105061
2014-02-19 19:05:00,0.134,19,2,0.13280000000000003,0.0010954451150105061
2014-02-19 19:10:00,0.2019999999999999,19,2,0.14679999999999999,0.030873937228672273
2014-02-19 19:15:00,0.066,19,2,0.1336,0.04809157930448944
2014-02-19 19:20:00,0.134,19,2,0.13399999999999998,0.0480832611206852
2014-02-19 19:25:00,0.132,19,2,0.1336,0.04809157930448944
2014-02-19 19:30:00,0.066,19,2,0.12,0.056780278266313544
2014-02-19 19:35:00,0.134,19,2,0.10640000000000001,0.03688902275745462
2014-02-19 19:40:00,0.132,19,2,0.11960000000000001,0.02997999332888522
2014-02-19 19:45:00,0.134,19,2,0.11960000000000001,0.02997999332888522
2014-02-19 19:50:00,0.134,19,2,0.12000000000000002,0.03019933774108304
2014-02-19 19:55:00,0.134,19,2,0.1336,0.0008944271909998407
2014-02-19 20:00:00,0.134,20,2,0.13360000000000002,0.0008944271909998407
2014-02-19 20:05:00,0.134,20,2,0.134,0.0
2014-02-19 20:10:00,0.134,20,2,0.134,0.0
2014-02-19 20:15:00,0.066,20,2,0.1204,0.030410524493997143
2014-02-19 20:20:00,0.2,20,2,0.1336,0.04737932038347533
2014-02-19 20:25:00,0.066,20,2,0.12000000000000002,0.05617828762075257
2014-02-19 20:30:00,0.134,20,2,0.12000000000000002,0.05617828762075257
2014-02-19 20:35:00,0.132,20,2,0.11960000000000001,0.056060681408630776
2014-02-19 20:40:00,0.132,20,2,0.13279999999999997,0.04738354144637145
2014-02-19 20:45:00,0.066,20,2,0.10600000000000001,0.03652396473549935
2014-02-19 20:50:00,0.2019999999999999,20,2,0.13319999999999999,0.04809573785690367
2014-02-19 20:55:00,0.134,20,2,0.13319999999999999,0.04809573785690367
2014-02-19 21:00:00,0.132,21,2,0.13319999999999999,0.04809573785690367
2014-02-19 21:05:00,0.132,21,2,0.13319999999999999,0.04809573785690367
2014-02-19 21:10:00,0.134,21,2,0.14679999999999999,0.030873937228672307
2014-02-19 21:15:00,0.134,21,2,0.1332,0.0010954451150106397
2014-02-19 21:20:00,0.134,21,2,0.1332,0.0010954451150106397
2014-02-19 21:25:00,0.134,21,2,0.1336,0.0008944271910002917
2014-02-19 21:30:00,0.066,21,2,0.12040000000000002,0.030410524493997153
2014-02-19 21:35:00,0.134,21,2,0.12040000000000002,0.030410524493997153
2014-02-19 21:40:00,0.134,21,2,0.12040000000000002,0.030410524493997153
2014-02-19 21:45:00,0.134,21,2,0.12040000000000002,0.030410524493997153
2014-02-19 21:50:00,0.134,21,2,0.12040000000000002,0.030410524493997153
2014-02-19 21:55:00,0.132,21,2,0.1336,0.0008944271909999135
2014-02-19 22:00:00,0.134,22,2,0.13360000000000002,0.0008944271909999135
2014-02-19 22:05:00,0.134,22,2,0.1336,0.0008944271909999135
2014-02-19 22:10:00,0.066,22,2,0.12000000000000002,0.030199337741083
2014-02-19 22:15:00,0.134,22,2,0.12000000000000002,0.030199337741083
2014-02-19 22:20:00,0.134,22,2,0.12040000000000002,0.030410524493997143
2014-02-19 22:25:00,0.134,22,2,0.12040000000000002,0.030410524493997143
2014-02-19 22:30:00,0.066,22,2,0.1068,0.0372451339103513
2014-02-19 22:35:00,0.134,22,2,0.12040000000000002,0.030410524493997143
2014-02-19 22:40:00,0.132,22,2,0.12000000000000002,0.030199337741083004
2014-02-19 22:45:00,0.134,22,2,0.12000000000000002,0.030199337741083004
2014-02-19 22:50:00,0.134,22,2,0.12000000000000002,0.030199337741083004
2014-02-19 22:55:00,0.134,22,2,0.1336,0.0008944271909999723
2014-02-19 23:00:00,0.066,23,2,0.12000000000000002,0.030199337741083004
2014-02-19 23:05:00,0.2019999999999999,23,2,0.13399999999999998,0.0480832611206852
2014-02-19 23:10:00,0.134,23,2,0.13399999999999998,0.0480832611206852
2014-02-19 23:15:00,0.066,23,2,0.12039999999999998,0.056892881804317105
2014-02-19 23:20:00,0.134,23,2,0.12039999999999998,0.056892881804317105
2014-02-19 23:25:00,0.134,23,2,0.13399999999999998,0.0480832611206852
2014-02-19 23:30:00,0.136,23,2,0.12080000000000002,0.030646370095004736
2014-02-19 23:35:00,0.066,23,2,0.1072,0.037619144062564745
2014-02-19 23:40:00,0.134,23,2,0.12080000000000002,0.030646370095004736
2014-02-19 23:45:00,0.132,23,2,0.12040000000000002,0.03044339008717657
2014-02-19 23:50:00,0.134,23,2,0.12040000000000002,0.03044339008717657
2014-02-19 23:55:00,0.128,23,2,0.11880000000000002,0.029617562357493236
2014-02-20 00:00:00,0.068,0,3,0.1192,0.028726294574831616
2014-02-20 00:05:00,0.134,0,3,0.11920000000000001,0.028726294574831616
2014-02-20 00:10:00,0.136,0,3,0.12000000000000002,0.029223278392404923
2014-02-20 00:15:00,0.134,0,3,0.12000000000000002,0.029223278392404923
2014-02-20 00:20:00,0.198,0,3,0.134,0.04597825573029061
2014-02-20 00:25:00,0.134,0,3,0.14720000000000003,0.028411265371327658
2014-02-20 00:30:00,0.134,0,3,0.14720000000000003,0.028411265371327658
2014-02-20 00:35:00,0.068,0,3,0.13360000000000002,0.04596520423102677
2014-02-20 00:40:00,0.134,0,3,0.1336,0.04596520423102677
2014-02-20 00:45:00,0.134,0,3,0.12080000000000002,0.029516097302997223
2014-02-20 00:50:00,0.134,0,3,0.12080000000000002,0.029516097302997223
2014-02-20 00:55:00,0.134,0,3,0.12080000000000002,0.029516097302997223
2014-02-20 01:00:00,0.2019999999999999,1,3,0.14759999999999998,0.030410524493997095
2014-02-20 01:05:00,0.066,1,3,0.13399999999999998,0.04808326112068519
2014-02-20 01:10:00,0.134,1,3,0.13399999999999998,0.04808326112068519
2014-02-20 01:15:00,0.132,1,3,0.1336,0.048091579304489436
2014-02-20 01:20:00,0.134,1,3,0.1336,0.048091579304489436
2014-02-20 01:25:00,0.134,1,3,0.12000000000000002,0.030199337741083004
2014-02-20 01:30:00,0.068,1,3,0.1204,0.029305289624912436
2014-02-20 01:35:00,0.136,1,3,0.12080000000000002,0.029549957698785295
2014-02-20 01:40:00,0.132,1,3,0.12080000000000002,0.029549957698785295
2014-02-20 01:45:00,0.134,1,3,0.12080000000000002,0.029549957698785295
2014-02-20 01:50:00,0.066,1,3,0.1072,0.03673145790735785
2014-02-20 01:55:00,0.198,1,3,0.1332,0.04670331893987835
2014-02-20 02:00:00,0.066,2,3,0.11920000000000001,0.05534618324690512
2014-02-20 02:05:00,0.134,2,3,0.11960000000000001,0.05546891021103625
2014-02-20 02:10:00,0.134,2,3,0.11960000000000001,0.05546891021103625
2014-02-20 02:15:00,0.132,2,3,0.13279999999999997,0.0466819022748645
2014-02-20 02:20:00,0.134,2,3,0.12000000000000002,0.03019933774108302
2014-02-20 02:25:00,0.066,2,3,0.12,0.03019933774108302
2014-02-20 02:30:00,0.198,2,3,0.1328,0.0466819022748645
2014-02-20 02:35:00,0.066,2,3,0.11920000000000001,0.05534618324690513
2014-02-20 02:40:00,0.134,2,3,0.11960000000000001,0.055468910211036254
2014-02-20 02:45:00,0.134,2,3,0.11960000000000001,0.055468910211036254
2014-02-20 02:50:00,0.132,2,3,0.13279999999999997,0.046681902274864503
2014-02-20 02:55:00,0.134,2,3,0.12000000000000002,0.030199337741083035
2014-02-20 03:00:00,0.134,3,3,0.1336,0.0008944271909997195
2014-02-20 03:05:00,0.066,3,3,0.12000000000000002,0.030199337741083035
2014-02-20 03:10:00,0.132,3,3,0.11960000000000001,0.029979993328885218
2014-02-20 03:15:00,0.134,3,3,0.12000000000000002,0.030199337741083035
2014-02-20 03:20:00,0.132,3,3,0.11960000000000001,0.029979993328885218
2014-02-20 03:25:00,0.066,3,3,0.10600000000000001,0.03652396473549942
2014-02-20 03:30:00,0.136,3,3,0.12000000000000002,0.030232432915661987
2014-02-20 03:35:00,1.598,3,3,0.41320000000000007,0.6629790343593076
2014-02-20 03:40:00,0.066,3,3,0.39960000000000007,0.6707896838801265
2014-02-20 03:45:00,0.132,3,3,0.3996,0.6707896838801265
2014-02-20 03:50:00,0.134,3,3,0.41319999999999996,0.6629790343593076
2014-02-20 03:55:00,0.134,3,3,0.4128,0.6631886609404597
2014-02-20 04:00:00,0.134,4,3,0.12000000000000002,0.030199337741083174
2014-02-20 04:05:00,0.066,4,3,0.12,0.030199337741083174
2014-02-20 04:10:00,0.2,4,3,0.1336,0.04737932038347541
2014-02-20 04:15:00,0.134,4,3,0.1336,0.04737932038347541
2014-02-20 04:20:00,0.068,4,3,0.12040000000000002,0.055702782695301774
2014-02-20 04:25:00,0.134,4,3,0.12040000000000002,0.055702782695301774
2014-02-20 04:30:00,0.134,4,3,0.13399999999999998,0.04666904755831222
2014-02-20 04:35:00,0.066,4,3,0.1072,0.03670422319025444
2014-02-20 04:40:00,0.132,4,3,0.1068,0.036348314954066464
2014-02-20 04:45:00,0.134,4,3,0.12000000000000002,0.030199337741083156
2014-02-20 04:50:00,0.134,4,3,0.12000000000000002,0.030199337741083156
2014-02-20 04:55:00,0.132,4,3,0.11960000000000001,0.029979993328885342
2014-02-20 05:00:00,0.134,5,3,0.13319999999999999,0.0010954451150137436
2014-02-20 05:05:00,0.132,5,3,0.13320000000000004,0.0010954451150137436
2014-02-20 05:10:00,0.066,5,3,0.1196,0.029979993328885342
2014-02-20 05:15:00,0.132,5,3,0.11920000000000001,0.029752310834622743
2014-02-20 05:20:00,0.134,5,3,0.11960000000000001,0.029979993328885342
2014-02-20 05:25:00,0.066,5,3,0.10600000000000001,0.03652396473549951
2014-02-20 05:30:00,0.134,5,3,0.10640000000000001,0.03688902275745471
2014-02-20 05:35:00,0.134,5,3,0.12000000000000002,0.03019933774108315
2014-02-20 05:40:00,0.066,5,3,0.1068,0.037245133910351454
2014-02-20 05:45:00,0.132,5,3,0.10640000000000001,0.03688902275745471
2014-02-20 05:50:00,0.134,5,3,0.12000000000000002,0.030199337741083142
2014-02-20 05:55:00,0.2019999999999999,5,3,0.1336,0.04809157930448949
2014-02-20 06:00:00,0.132,6,3,0.13319999999999999,0.04809573785690372
2014-02-20 06:05:00,0.134,6,3,0.14679999999999999,0.030873937228672335
2014-02-20 06:10:00,0.068,6,3,0.13399999999999998,0.04739198244429116
2014-02-20 06:15:00,0.132,6,3,0.1336,0.04740042193905031
2014-02-20 06:20:00,0.132,6,3,0.11960000000000001,0.028858274376684537
2014-02-20 06:25:00,0.066,6,3,0.10640000000000001,0.03598332947352161
2014-02-20 06:30:00,0.134,6,3,0.10640000000000001,0.03598332947352161
2014-02-20 06:35:00,0.134,6,3,0.11960000000000001,0.0299799933288853
2014-02-20 06:40:00,0.132,6,3,0.11960000000000001,0.0299799933288853
2014-02-20 06:45:00,0.134,6,3,0.12000000000000002,0.030199337741083118
2014-02-20 06:50:00,0.066,6,3,0.12,0.03019933774108312
2014-02-20 06:55:00,0.132,6,3,0.11960000000000001,0.029979993328885308
2014-02-20 07:00:00,0.132,7,3,0.11920000000000001,0.029752310834622705
2014-02-20 07:05:00,0.132,7,3,0.11920000000000001,0.029752310834622705
2014-02-20 07:10:00,0.134,7,3,0.11920000000000001,0.029752310834622705
2014-02-20 07:15:00,0.066,7,3,0.1192,0.02975231083462271
2014-02-20 07:20:00,0.136,7,3,0.12000000000000002,0.030232432915662074
2014-02-20 07:25:00,0.068,7,3,0.1072,0.036731457907357976
2014-02-20 07:30:00,0.134,7,3,0.1076,0.03707829553795604
2014-02-20 07:35:00,0.132,7,3,0.1072,0.036731457907357976
2014-02-20 07:40:00,0.134,7,3,0.12080000000000002,0.029549957698785413
2014-02-20 07:45:00,0.132,7,3,0.12000000000000002,0.029086079144498102
2014-02-20 07:50:00,0.134,7,3,0.13319999999999999,0.0010954451150122532
2014-02-20 07:55:00,0.134,7,3,0.13320000000000004,0.0010954451150122532
2014-02-20 08:00:00,0.132,8,3,0.13319999999999999,0.0010954451150122532
2014-02-20 08:05:00,0.132,8,3,0.13280000000000003,0.0010954451150122925
2014-02-20 08:10:00,0.066,8,3,0.1196,0.029979993328885304
2014-02-20 08:15:00,0.134,8,3,0.11960000000000001,0.029979993328885304
2014-02-20 08:20:00,0.068,8,3,0.10640000000000001,0.035983329473521626
2014-02-20 08:25:00,0.134,8,3,0.1068,0.036348314954066444
2014-02-20 08:30:00,0.134,8,3,0.1072,0.03670422319025442
2014-02-20 08:35:00,0.132,8,3,0.12040000000000002,0.029305289624912544
2014-02-20 08:40:00,0.068,8,3,0.1072,0.03579385422108117
2014-02-20 08:45:00,0.134,8,3,0.12040000000000002,0.02930528962491254
2014-02-20 08:50:00,0.134,8,3,0.12040000000000002,0.02930528962491254
2014-02-20 08:55:00,0.132,8,3,0.12000000000000002,0.029086079144498088
2014-02-20 09:00:00,0.134,9,3,0.12040000000000002,0.02930528962491254
2014-02-20 09:05:00,0.066,9,3,0.12,0.030199337741083108
2014-02-20 09:10:00,0.134,9,3,0.12000000000000002,0.030199337741083108
2014-02-20 09:15:00,0.134,9,3,0.12000000000000002,0.030199337741083108
2014-02-20 09:20:00,0.066,9,3,0.1068,0.03724513391035142
2014-02-20 09:25:00,0.132,9,3,0.10640000000000001,0.03688902275745468
2014-02-20 09:30:00,0.132,9,3,0.11960000000000001,0.02997999332888529
2014-02-20 09:35:00,0.134,9,3,0.11960000000000001,0.02997999332888529
2014-02-20 09:40:00,0.066,9,3,0.10600000000000001,0.03652396473549948
2014-02-20 09:45:00,0.134,9,3,0.11960000000000001,0.02997999332888529
2014-02-20 09:50:00,0.134,9,3,0.12000000000000002,0.030199337741083104
2014-02-20 09:55:00,0.132,9,3,0.12000000000000002,0.030199337741083104
2014-02-20 10:00:00,0.134,10,3,0.12000000000000002,0.030199337741083104
2014-02-20 10:05:00,0.068,10,3,0.1204,0.029305289624912533
2014-02-20 10:10:00,0.132,10,3,0.12000000000000002,0.029086079144498084
2014-02-20 10:15:00,0.134,10,3,0.12000000000000002,0.029086079144498084
2014-02-20 10:20:00,0.066,10,3,0.1068,0.03634831495406642
2014-02-20 10:25:00,0.132,10,3,0.10640000000000001,0.03598332947352161
2014-02-20 10:30:00,0.134,10,3,0.11960000000000001,0.029979993328885284
2014-02-20 10:35:00,0.066,10,3,0.10640000000000001,0.036889022757454676
2014-02-20 10:40:00,0.2019999999999999,10,3,0.11999999999999997,0.05678027826631357
2014-02-20 10:45:00,0.132,10,3,0.13319999999999999,0.04809573785690369
2014-02-20 10:50:00,0.132,10,3,0.13319999999999999,0.04809573785690369
2014-02-20 10:55:00,0.134,10,3,0.13319999999999999,0.04809573785690369
2014-02-20 11:00:00,0.132,11,3,0.1464,0.031093407661431975
2014-02-20 11:05:00,0.136,11,3,0.13319999999999999,0.0017888543820003449
2014-02-20 11:10:00,0.132,11,3,0.13320000000000004,0.0017888543820003449
2014-02-20 11:15:00,0.066,11,3,0.12,0.03023243291566202
2014-02-20 11:20:00,0.132,11,3,0.11960000000000001,0.030013330371686586
2014-02-20 11:25:00,0.132,11,3,0.11960000000000001,0.030013330371686586
2014-02-20 11:30:00,0.134,11,3,0.11920000000000001,0.02975231083462265
2014-02-20 11:35:00,0.134,11,3,0.11960000000000001,0.029979993328885252
2014-02-20 11:40:00,0.066,11,3,0.1196,0.02997999332888525
2014-02-20 11:45:00,0.134,11,3,0.12000000000000002,0.030199337741083063
2014-02-20 11:50:00,0.134,11,3,0.12040000000000002,0.030410524493997206
2014-02-20 11:55:00,0.132,11,3,0.12000000000000002,0.030199337741083063
2014-02-20 12:00:00,0.134,12,3,0.12000000000000002,0.030199337741083063
2014-02-20 12:05:00,0.068,12,3,0.1204,0.0293052896249125
2014-02-20 12:10:00,0.134,12,3,0.12040000000000002,0.0293052896249125
2014-02-20 12:15:00,0.134,12,3,0.12040000000000002,0.0293052896249125
2014-02-20 12:20:00,0.134,12,3,0.12080000000000002,0.029516097302997292
2014-02-20 12:25:00,0.066,12,3,0.1072,0.03670422319025436
2014-02-20 12:30:00,0.134,12,3,0.12040000000000002,0.03041052449399721
2014-02-20 12:35:00,0.132,12,3,0.12000000000000002,0.030199337741083066
2014-02-20 12:40:00,0.134,12,3,0.12000000000000002,0.030199337741083066
2014-02-20 12:45:00,0.066,12,3,0.10640000000000001,0.03688902275745464
2014-02-20 12:50:00,0.134,12,3,0.12000000000000002,0.030199337741083066
2014-02-20 12:55:00,0.134,12,3,0.12000000000000002,0.030199337741083066
2014-02-20 13:00:00,0.134,13,3,0.12040000000000002,0.030410524493997206
2014-02-20 13:05:00,0.132,13,3,0.12000000000000002,0.030199337741083066
2014-02-20 13:10:00,0.132,13,3,0.13319999999999999,0.0010954451150110927
2014-02-20 13:15:00,0.134,13,3,0.13320000000000004,0.0010954451150110927
2014-02-20 13:20:00,0.132,13,3,0.13279999999999997,0.0010954451150111237
2014-02-20 13:25:00,0.134,13,3,0.13280000000000003,0.0010954451150111237
2014-02-20 13:30:00,0.134,13,3,0.13319999999999999,0.0010954451150110844
2014-02-20 13:35:00,0.066,13,3,0.12000000000000002,0.030199337741083077
2014-02-20 13:40:00,0.132,13,3,0.11960000000000001,0.029979993328885263
2014-02-20 13:45:00,0.134,13,3,0.12000000000000002,0.030199337741083077
2014-02-20 13:50:00,0.068,13,3,0.1068,0.03634831495406641
2014-02-20 13:55:00,0.132,13,3,0.10640000000000001,0.03598332947352159
2014-02-20 14:00:00,0.136,14,3,0.12040000000000002,0.029339393313427675
2014-02-20 14:05:00,0.134,14,3,0.12080000000000002,0.029549957698785365
2014-02-20 14:10:00,0.134,14,3,0.12080000000000002,0.029549957698785365
2014-02-20 14:15:00,0.066,14,3,0.1204,0.030443390087176638
2014-02-20 14:20:00,0.136,14,3,0.12120000000000002,0.03087393722867242
2014-02-20 14:25:00,0.134,14,3,0.12080000000000002,0.030646370095004802
2014-02-20 14:30:00,0.134,14,3,0.12080000000000002,0.030646370095004802
2014-02-20 14:35:00,0.132,14,3,0.12040000000000002,0.030443390087176638
2014-02-20 14:40:00,0.134,14,3,0.13399999999999998,0.0014142135623736872
2014-02-20 14:45:00,0.134,14,3,0.13360000000000002,0.000894427191000898
2014-02-20 14:50:00,0.132,14,3,0.13319999999999999,0.0010954451150111755
2014-02-20 14:55:00,0.134,14,3,0.13320000000000004,0.0010954451150111755
2014-02-20 15:00:00,0.132,15,3,0.13319999999999999,0.0010954451150111755
2014-02-20 15:05:00,0.132,15,3,0.13280000000000003,0.0010954451150112148
2014-02-20 15:10:00,0.134,15,3,0.13279999999999997,0.0010954451150112148
2014-02-20 15:15:00,0.132,15,3,0.13280000000000003,0.0010954451150112148
2014-02-20 15:20:00,0.066,15,3,0.1192,0.029752310834622663
2014-02-20 15:25:00,0.136,15,3,0.12000000000000002,0.03023243291566203
2014-02-20 15:30:00,0.134,15,3,0.12040000000000002,0.030443390087176638
2014-02-20 15:35:00,0.134,15,3,0.12040000000000002,0.030443390087176638
2014-02-20 15:40:00,0.134,15,3,0.12080000000000002,0.030646370095004802
2014-02-20 15:45:00,0.066,15,3,0.12079999999999999,0.03064637009500481
2014-02-20 15:50:00,0.2019999999999999,15,3,0.13399999999999998,0.048083261120685214
2014-02-20 15:55:00,0.134,15,3,0.13399999999999998,0.048083261120685214
2014-02-20 16:00:00,0.066,16,3,0.12039999999999998,0.05689288180431715
2014-02-20 16:05:00,0.132,16,3,0.11999999999999997,0.05678027826631357
2014-02-20 16:10:00,0.066,16,3,0.11999999999999997,0.05678027826631357
2014-02-20 16:15:00,0.134,16,3,0.10640000000000001,0.03688902275745467
2014-02-20 16:20:00,0.132,16,3,0.10600000000000001,0.036523964735499466
2014-02-20 16:25:00,0.068,16,3,0.10640000000000001,0.0359833294735216
2014-02-20 16:30:00,0.132,16,3,0.10640000000000001,0.0359833294735216
2014-02-20 16:35:00,0.132,16,3,0.11960000000000001,0.028858274376684503
2014-02-20 16:40:00,0.134,16,3,0.11960000000000001,0.028858274376684503
2014-02-20 16:45:00,0.134,16,3,0.12000000000000002,0.029086079144498064
2014-02-20 16:50:00,0.132,16,3,0.13279999999999997,0.0010954451150114511
2014-02-20 16:55:00,0.134,16,3,0.13320000000000004,0.0010954451150114119
2014-02-20 17:00:00,0.134,17,3,0.1336,0.0008944271910011874
2014-02-20 17:05:00,0.066,17,3,0.12000000000000002,0.030199337741083087
2014-02-20 17:10:00,0.134,17,3,0.12000000000000002,0.030199337741083087
2014-02-20 17:15:00,0.134,17,3,0.12040000000000002,0.030410524493997226
2014-02-20 17:20:00,0.136,17,3,0.12080000000000002,0.030646370095004812
2014-02-20 17:25:00,0.132,17,3,0.12040000000000002,0.030443390087176645
2014-02-20 17:30:00,0.134,17,3,0.13399999999999998,0.0014142135623738405
2014-02-20 17:35:00,0.134,17,3,0.13400000000000004,0.0014142135623738405
2014-02-20 17:40:00,0.066,17,3,0.1204,0.030443390087176645
2014-02-20 17:45:00,0.132,17,3,0.11960000000000001,0.02997999332888527
2014-02-20 17:50:00,0.134,17,3,0.12000000000000002,0.030199337741083087
2014-02-20 17:55:00,0.132,17,3,0.11960000000000001,0.02997999332888527
2014-02-20 18:00:00,0.134,18,3,0.11960000000000001,0.02997999332888527
2014-02-20 18:05:00,0.134,18,3,0.13319999999999999,0.0010954451150116155
2014-02-20 18:10:00,0.2,18,3,0.1468,0.02975231083462259
2014-02-20 18:15:00,0.134,18,3,0.1468,0.02975231083462259
2014-02-20 18:20:00,0.134,18,3,0.14720000000000003,0.029516097302997233
2014-02-20 18:25:00,0.134,18,3,0.14720000000000003,0.029516097302997233
2014-02-20 18:30:00,0.066,18,3,0.13360000000000002,0.047379320383475344
2014-02-20 18:35:00,0.134,18,3,0.12040000000000002,0.030410524493997206
2014-02-20 18:40:00,0.134,18,3,0.12040000000000002,0.030410524493997206
2014-02-20 18:45:00,0.134,18,3,0.12040000000000002,0.030410524493997206
2014-02-20 18:50:00,0.066,18,3,0.1068,0.03724513391035137
2014-02-20 18:55:00,0.2,18,3,0.1336,0.047379320383475344
2014-02-20 19:00:00,0.066,19,3,0.12000000000000002,0.05617828762075259
2014-02-20 19:05:00,0.134,19,3,0.12000000000000002,0.05617828762075259
2014-02-20 19:10:00,0.134,19,3,0.12000000000000002,0.05617828762075259
2014-02-20 19:15:00,0.134,19,3,0.1336,0.047379320383475344
2014-02-20 19:20:00,0.134,19,3,0.12040000000000002,0.030410524493997206
2014-02-20 19:25:00,0.134,19,3,0.134,0.0
2014-02-20 19:30:00,0.134,19,3,0.134,0.0
2014-02-20 19:35:00,0.132,19,3,0.1336,0.0008944271909999135
2014-02-20 19:40:00,0.132,19,3,0.13320000000000004,0.0010954451150103311
2014-02-20 19:45:00,0.134,19,3,0.13319999999999999,0.0010954451150103311
2014-02-20 19:50:00,0.134,19,3,0.13320000000000004,0.0010954451150103311
2014-02-20 19:55:00,0.136,19,3,0.1336,0.001673320053068154
2014-02-20 20:00:00,0.134,20,3,0.13400000000000004,0.0014142135623731
2014-02-20 20:05:00,0.134,20,3,0.1344,0.0008944271909999234
2014-02-20 20:10:00,0.134,20,3,0.13440000000000002,0.0008944271909999234
2014-02-20 20:15:00,0.134,20,3,0.1344,0.0008944271909999234
2014-02-20 20:20:00,0.132,20,3,0.13360000000000002,0.0008944271909999135
2014-02-20 20:25:00,0.134,20,3,0.1336,0.0008944271909999135
2014-02-20 20:30:00,0.132,20,3,0.13320000000000004,0.0010954451150103311
2014-02-20 20:35:00,0.134,20,3,0.13319999999999999,0.0010954451150103311
2014-02-20 20:40:00,0.066,20,3,0.11960000000000001,0.029979993328885186
2014-02-20 20:45:00,0.134,20,3,0.12000000000000002,0.030199337741083004
2014-02-20 20:50:00,0.134,20,3,0.12000000000000002,0.030199337741083004
2014-02-20 20:55:00,0.134,20,3,0.12040000000000002,0.030410524493997143
2014-02-20 21:00:00,0.132,21,3,0.12000000000000002,0.030199337741083004
2014-02-20 21:05:00,0.132,21,3,0.13319999999999999,0.0010954451150100907
2014-02-20 21:10:00,0.066,21,3,0.11960000000000001,0.0299799933288852
2014-02-20 21:15:00,0.132,21,3,0.11920000000000001,0.029752310834622597
2014-02-20 21:20:00,0.132,21,3,0.11880000000000002,0.029516097302997243
2014-02-20 21:25:00,0.134,21,3,0.11920000000000001,0.029752310834622597
2014-02-20 21:30:00,0.134,21,3,0.11960000000000001,0.0299799933288852
2014-02-20 21:35:00,0.134,21,3,0.13319999999999999,0.0010954451150098341
2014-02-20 21:40:00,0.2,21,3,0.1468,0.029752310834622524
2014-02-20 21:45:00,0.066,21,3,0.13360000000000002,0.0473793203834753
2014-02-20 21:50:00,0.132,21,3,0.13319999999999999,0.04738354144637142
2014-02-20 21:55:00,0.132,21,3,0.13280000000000003,0.04738354144637142
2014-02-20 22:00:00,0.132,22,3,0.1324,0.0473793203834753
2014-02-20 22:05:00,0.132,22,3,0.11880000000000002,0.02951609730299722
2014-02-20 22:10:00,0.132,22,3,0.132,0.0
2014-02-20 22:15:00,0.068,22,3,0.11920000000000001,0.02862167011199731
2014-02-20 22:20:00,0.134,22,3,0.11960000000000001,0.02885827437668441
2014-02-20 22:25:00,0.134,22,3,0.12000000000000002,0.029086079144497973
2014-02-20 22:30:00,0.132,22,3,0.12000000000000002,0.029086079144497973
2014-02-20 22:35:00,0.066,22,3,0.1068,0.0363483149540663
2014-02-20 22:40:00,0.134,22,3,0.12000000000000002,0.030199337741083
2014-02-20 22:45:00,0.134,22,3,0.12000000000000002,0.030199337741083
2014-02-20 22:50:00,0.132,22,3,0.11960000000000001,0.029979993328885183
2014-02-20 22:55:00,0.134,22,3,0.12000000000000002,0.030199337741083
2014-02-20 23:00:00,0.132,23,3,0.13319999999999999,0.001095445115010379
2014-02-20 23:05:00,0.066,23,3,0.11960000000000001,0.029979993328885186
2014-02-20 23:10:00,0.134,23,3,0.11960000000000001,0.029979993328885186
2014-02-20 23:15:00,0.132,23,3,0.11960000000000001,0.029979993328885186
2014-02-20 23:20:00,0.068,23,3,0.10640000000000001,0.035983329473521494
2014-02-20 23:25:00,0.132,23,3,0.10640000000000001,0.035983329473521494
2014-02-20 23:30:00,0.066,23,3,0.10640000000000001,0.035983329473521494
2014-02-20 23:35:00,0.132,23,3,0.10600000000000001,0.03560898762952972
2014-02-20 23:40:00,0.136,23,3,0.1068,0.036375816142046914
2014-02-20 23:45:00,0.134,23,3,0.12000000000000002,0.030232432915661946
2014-02-20 23:50:00,0.134,23,3,0.12040000000000002,0.03044339008717656
2014-02-20 23:55:00,0.13,23,3,0.13319999999999999,0.0022803508501980383
2014-02-21 00:00:00,0.066,0,4,0.12000000000000002,0.03026549190084312
2014-02-21 00:05:00,0.134,0,4,0.11960000000000001,0.03001333037168652
2014-02-21 00:10:00,0.136,0,4,0.12000000000000002,0.03026549190084312
2014-02-21 00:15:00,0.066,0,4,0.10640000000000001,0.036943199644860245
2014-02-21 00:20:00,0.134,0,4,0.1072,0.037619144062564766
2014-02-21 00:25:00,0.132,0,4,0.12040000000000002,0.03044339008717657
2014-02-21 00:30:00,0.132,0,4,0.12000000000000002,0.03023243291566196
2014-02-21 00:35:00,0.134,0,4,0.11960000000000001,0.029979993328885193
2014-02-21 00:40:00,0.068,0,4,0.12,0.029086079144497987
2014-02-21 00:45:00,0.198,0,4,0.1328,0.04596955514250708
2014-02-21 00:50:00,0.132,0,4,0.1328,0.04596955514250708
2014-02-21 00:55:00,0.134,0,4,0.1332,0.04596955514250708
2014-02-21 01:00:00,0.2,1,4,0.1464,0.05487075723917064
2014-02-21 01:05:00,0.134,1,4,0.15960000000000002,0.035983329473521425
2014-02-21 01:10:00,0.066,1,4,0.1332,0.04738354144637142
2014-02-21 01:15:00,0.132,1,4,0.1332,0.04738354144637142
2014-02-21 01:20:00,0.132,1,4,0.1328,0.04738354144637142
2014-02-21 01:25:00,0.068,1,4,0.10640000000000001,0.03598332947352151
2014-02-21 01:30:00,0.134,1,4,0.10640000000000001,0.03598332947352151
2014-02-21 01:35:00,0.134,1,4,0.12000000000000002,0.029086079144497966
2014-02-21 01:40:00,0.068,1,4,0.1072,0.03579385422108105
2014-02-21 01:45:00,0.134,1,4,0.1076,0.03614968879534098
2014-02-21 01:50:00,0.134,1,4,0.12080000000000002,0.02951609730299722
2014-02-21 01:55:00,0.132,1,4,0.12040000000000002,0.029305289624912426
2014-02-21 02:00:00,0.134,2,4,0.12040000000000002,0.029305289624912426
2014-02-21 02:05:00,0.134,2,4,0.1336,0.0008944271909988744
2014-02-21 02:10:00,0.066,2,4,0.12000000000000002,0.030199337741082993
2014-02-21 02:15:00,0.132,2,4,0.11960000000000001,0.02997999332888518
2014-02-21 02:20:00,0.134,2,4,0.12000000000000002,0.030199337741082997
2014-02-21 02:25:00,0.066,2,4,0.10640000000000001,0.03688902275745457
2014-02-21 02:30:00,0.134,2,4,0.10640000000000001,0.03688902275745457
2014-02-21 02:35:00,0.134,2,4,0.12000000000000002,0.030199337741082997
2014-02-21 02:40:00,0.134,2,4,0.12040000000000002,0.030410524493997136
2014-02-21 02:45:00,0.136,2,4,0.12080000000000002,0.030646370095004722
2014-02-21 02:50:00,0.066,2,4,0.12079999999999999,0.030646370095004722
2014-02-21 02:55:00,0.134,2,4,0.12080000000000002,0.030646370095004722
2014-02-21 03:00:00,0.134,3,4,0.12080000000000002,0.030646370095004722
2014-02-21 03:05:00,0.134,3,4,0.12080000000000002,0.030646370095004722
2014-02-21 03:10:00,0.066,3,4,0.1068,0.03724513391035131
2014-02-21 03:15:00,0.132,3,4,0.12000000000000002,0.030199337741082993
2014-02-21 03:20:00,0.068,3,4,0.1068,0.03634831495406631
2014-02-21 03:25:00,1.6,3,4,0.4,0.6716323399003357
2014-02-21 03:30:00,0.134,3,4,0.4,0.6716323399003357
2014-02-21 03:35:00,0.066,3,4,0.4,0.6716323399003357
2014-02-21 03:40:00,0.132,3,4,0.4,0.6716323399003357
2014-02-21 03:45:00,0.132,3,4,0.4128,0.6642930076404538
2014-02-21 03:50:00,0.134,3,4,0.11959999999999997,0.029979993328886127
2014-02-21 03:55:00,0.134,3,4,0.11959999999999997,0.029979993328886127
2014-02-21 04:00:00,0.134,4,4,0.13319999999999993,0.0010954451150355234
2014-02-21 04:05:00,0.066,4,4,0.11999999999999997,0.030199337741083937
2014-02-21 04:10:00,0.2019999999999999,4,4,0.13399999999999995,0.04808326112068577
2014-02-21 04:15:00,0.066,4,4,0.12039999999999992,0.0568928818043176
2014-02-21 04:20:00,0.134,4,4,0.12039999999999992,0.0568928818043176
2014-02-21 04:25:00,0.066,4,4,0.10679999999999994,0.060821048987994716
2014-02-21 04:30:00,0.136,4,4,0.12079999999999994,0.057019294979857936
2014-02-21 04:35:00,0.132,4,4,0.10679999999999996,0.03727197338483782
2014-02-21 04:40:00,0.134,4,4,0.12039999999999998,0.030443390087177485
2014-02-21 04:45:00,0.066,4,4,0.10679999999999996,0.03727197338483782
2014-02-21 04:50:00,0.132,4,4,0.11999999999999997,0.03023243291566288
2014-02-21 04:55:00,0.134,4,4,0.11959999999999997,0.029979993328886123
2014-02-21 05:00:00,0.132,5,4,0.11959999999999997,0.02997999332888612
2014-02-21 05:05:00,0.068,5,4,0.10639999999999997,0.0359833294735223
2014-02-21 05:10:00,0.134,5,4,0.11999999999999997,0.02908607914449894
2014-02-21 05:15:00,0.134,5,4,0.12039999999999998,0.029305289624913387
2014-02-21 05:20:00,0.132,5,4,0.11999999999999997,0.02908607914449894
2014-02-21 05:25:00,0.132,5,4,0.11999999999999997,0.02908607914449894
2014-02-21 05:30:00,0.132,5,4,0.13279999999999995,0.0010954451150349549
2014-02-21 05:35:00,0.066,5,4,0.11919999999999997,0.029752310834623538
2014-02-21 05:40:00,0.132,5,4,0.11879999999999998,0.029516097302998194
2014-02-21 05:45:00,0.066,5,4,0.10559999999999996,0.0361496887953418
2014-02-21 05:50:00,0.134,5,4,0.10599999999999996,0.036523964735500174
2014-02-21 05:55:00,0.132,5,4,0.10599999999999996,0.036523964735500174
2014-02-21 06:00:00,0.134,6,4,0.11959999999999997,0.02997999332888612
2014-02-21 06:05:00,0.132,6,4,0.11959999999999997,0.02997999332888612
2014-02-21 06:10:00,0.132,6,4,0.13279999999999995,0.0010954451150342703
2014-02-21 06:15:00,0.068,6,4,0.11959999999999997,0.028858274376685384
2014-02-21 06:20:00,0.132,6,4,0.11959999999999997,0.028858274376685384
2014-02-21 06:25:00,0.134,6,4,0.11959999999999997,0.028858274376685384
2014-02-21 06:30:00,0.066,6,4,0.10639999999999997,0.03598332947352232
2014-02-21 06:35:00,0.134,6,4,0.10679999999999996,0.03634831495406713
2014-02-21 06:40:00,0.134,6,4,0.11999999999999997,0.030199337741083916
2014-02-21 06:45:00,0.2,6,4,0.13359999999999997,0.04737932038347585
2014-02-21 06:50:00,0.066,6,4,0.11999999999999997,0.056178287620753053
2014-02-21 06:55:00,0.198,6,4,0.14639999999999995,0.05546891021103664
2014-02-21 07:00:00,0.068,7,4,0.13319999999999999,0.06600909028308186
2014-02-21 07:05:00,0.134,7,4,0.13319999999999993,0.06600909028308186
2014-02-21 07:10:00,0.132,7,4,0.11959999999999997,0.054870757239171175
2014-02-21 07:15:00,0.066,7,4,0.11959999999999996,0.054870757239171175
2014-02-21 07:20:00,0.134,7,4,0.10679999999999996,0.036348314954067144
2014-02-21 07:25:00,0.134,7,4,0.11999999999999997,0.030199337741083916
2014-02-21 07:30:00,0.066,7,4,0.10639999999999997,0.03688902275745539
2014-02-21 07:35:00,0.132,7,4,0.10639999999999997,0.03688902275745539
2014-02-21 07:40:00,0.132,7,4,0.11959999999999997,0.02997999332888611
2014-02-21 07:45:00,0.134,7,4,0.11959999999999997,0.02997999332888611
2014-02-21 07:50:00,0.134,7,4,0.11959999999999997,0.02997999332888611
2014-02-21 07:55:00,0.134,7,4,0.13319999999999993,0.00109544511503282
2014-02-21 08:00:00,0.134,8,4,0.1336,0.0008944271910273588
2014-02-21 08:05:00,0.068,8,4,0.12079999999999995,0.029516097302998152
2014-02-21 08:10:00,0.132,8,4,0.12039999999999998,0.029305289624913366
2014-02-21 08:15:00,0.066,8,4,0.10679999999999996,0.036348314954067144
2014-02-21 08:20:00,0.134,8,4,0.10679999999999996,0.036348314954067144
2014-02-21 08:25:00,0.132,8,4,0.10639999999999997,0.03598332947352234
2014-02-21 08:30:00,0.068,8,4,0.10639999999999997,0.03598332947352234
2014-02-21 08:35:00,0.134,8,4,0.10679999999999996,0.036348314954067144
2014-02-21 08:40:00,0.134,8,4,0.12039999999999998,0.029305289624913366
2014-02-21 08:45:00,0.066,8,4,0.10679999999999996,0.036348314954067144
2014-02-21 08:50:00,0.136,8,4,0.10759999999999996,0.03707829553795672
2014-02-21 08:55:00,0.132,8,4,0.12039999999999998,0.030443390087177464
2014-02-21 09:00:00,0.136,9,4,0.12079999999999998,0.030678983033993402
2014-02-21 09:05:00,0.132,9,4,0.12039999999999998,0.03047622023808161
2014-02-21 09:10:00,0.066,9,4,0.12039999999999995,0.03047622023808161
2014-02-21 09:15:00,0.134,9,4,0.11999999999999997,0.03023243291566286
2014-02-21 09:20:00,0.134,9,4,0.12039999999999998,0.030443390087177464
2014-02-21 09:25:00,0.134,9,4,0.11999999999999997,0.030199337741083913
2014-02-21 09:30:00,0.066,9,4,0.10679999999999996,0.03724513391035212
2014-02-21 09:35:00,0.134,9,4,0.12039999999999998,0.03041052449399804
2014-02-21 09:40:00,0.134,9,4,0.12039999999999998,0.03041052449399804
2014-02-21 09:45:00,0.134,9,4,0.12039999999999998,0.03041052449399804
2014-02-21 09:50:00,0.134,9,4,0.12039999999999998,0.03041052449399804
2014-02-21 09:55:00,0.132,9,4,0.13359999999999994,0.0008944271909999135
2014-02-21 10:00:00,0.132,10,4,0.13319999999999999,0.0010954451150103311
2014-02-21 10:05:00,0.066,10,4,0.11959999999999996,0.029979993328885186
2014-02-21 10:10:00,0.134,10,4,0.11959999999999997,0.029979993328885186
2014-02-21 10:15:00,0.132,10,4,0.11919999999999997,0.029752310834622583
2014-02-21 10:20:00,0.134,10,4,0.11959999999999997,0.029979993328885186
2014-02-21 10:25:00,0.066,10,4,0.10639999999999997,0.036889022757454565
2014-02-21 10:30:00,0.134,10,4,0.11999999999999997,0.030199337741083004
2014-02-21 10:35:00,0.132,10,4,0.11959999999999997,0.029979993328885186
2014-02-21 10:40:00,0.066,10,4,0.10639999999999997,0.036889022757454565
2014-02-21 10:45:00,0.134,10,4,0.10639999999999997,0.036889022757454565
2014-02-21 10:50:00,0.134,10,4,0.11999999999999997,0.030199337741083004
2014-02-21 10:55:00,0.132,10,4,0.11959999999999997,0.029979993328885186
2014-02-21 11:00:00,0.134,11,4,0.11999999999999997,0.030199337741083004
2014-02-21 11:05:00,0.136,11,4,0.13399999999999995,0.0014142135623728901
2014-02-21 11:10:00,0.066,11,4,0.12039999999999998,0.030443390087176565
2014-02-21 11:15:00,0.134,11,4,0.12039999999999998,0.030443390087176565
2014-02-21 11:20:00,0.132,11,4,0.12039999999999998,0.030443390087176565
2014-02-21 11:25:00,0.134,11,4,0.12039999999999998,0.030443390087176565
2014-02-21 11:30:00,0.134,11,4,0.11999999999999997,0.030199337741083007
2014-02-21 11:35:00,0.132,11,4,0.13319999999999993,0.0010954451150100907
2014-02-21 11:40:00,0.134,11,4,0.13319999999999999,0.0010954451150100907
2014-02-21 11:45:00,0.066,11,4,0.11999999999999995,0.030199337741083014
2014-02-21 11:50:00,0.134,11,4,0.11999999999999997,0.030199337741083018
2014-02-21 11:55:00,0.134,11,4,0.11999999999999997,0.030199337741083018
2014-02-21 12:00:00,0.134,12,4,0.12039999999999998,0.030410524493997157
2014-02-21 12:05:00,0.134,12,4,0.12039999999999998,0.030410524493997157
2014-02-21 12:10:00,0.068,12,4,0.12079999999999995,0.029516097302997226
2014-02-21 12:15:00,0.134,12,4,0.12079999999999998,0.029516097302997226
2014-02-21 12:20:00,0.066,12,4,0.10719999999999996,0.03670422319025428
2014-02-21 12:25:00,0.136,12,4,0.10759999999999996,0.0370782955379559
2014-02-21 12:30:00,0.134,12,4,0.10759999999999996,0.0370782955379559
2014-02-21 12:35:00,0.066,12,4,0.10719999999999996,0.037619144062564745
2014-02-21 12:40:00,0.134,12,4,0.10719999999999996,0.037619144062564745
2014-02-21 12:45:00,0.134,12,4,0.12079999999999998,0.030646370095004736
2014-02-21 12:50:00,0.136,12,4,0.12079999999999998,0.030646370095004736
2014-02-21 12:55:00,0.134,12,4,0.12079999999999998,0.030646370095004736
2014-02-21 13:00:00,0.134,13,4,0.13439999999999994,0.0008944271910005144
2014-02-21 13:05:00,0.134,13,4,0.1344,0.0008944271910005144
2014-02-21 13:10:00,0.066,13,4,0.12079999999999995,0.030646370095004736
2014-02-21 13:15:00,0.134,13,4,0.12039999999999998,0.03041052449399715
2014-02-21 13:20:00,0.066,13,4,0.10679999999999996,0.0372451339103513
2014-02-21 13:25:00,0.134,13,4,0.10679999999999996,0.0372451339103513
2014-02-21 13:30:00,0.134,13,4,0.10679999999999996,0.0372451339103513
2014-02-21 13:35:00,0.134,13,4,0.12039999999999998,0.03041052449399715
2014-02-21 13:40:00,0.068,13,4,0.10719999999999996,0.03670422319025428
2014-02-21 13:45:00,0.136,13,4,0.12119999999999997,0.029752310834622587
2014-02-21 13:50:00,0.132,13,4,0.12079999999999998,0.0295499576987853
2014-02-21 13:55:00,0.134,13,4,0.12079999999999998,0.0295499576987853
2014-02-21 14:00:00,0.134,14,4,0.12079999999999998,0.0295499576987853
2014-02-21 14:05:00,0.134,14,4,0.13399999999999995,0.0014142135623734955
2014-02-21 14:10:00,0.198,14,4,0.14639999999999997,0.028858274376684447
2014-02-21 14:15:00,0.066,14,4,0.13319999999999999,0.046681902274864524
2014-02-21 14:20:00,0.132,14,4,0.13279999999999995,0.046681902274864524
2014-02-21 14:25:00,0.134,14,4,0.13279999999999997,0.046681902274864524
2014-02-21 14:30:00,0.066,14,4,0.11919999999999994,0.05534618324690511
2014-02-21 14:35:00,0.132,14,4,0.10599999999999996,0.03652396473549932
2014-02-21 14:40:00,0.134,14,4,0.11959999999999997,0.02997999332888518
2014-02-21 14:45:00,0.132,14,4,0.11959999999999997,0.02997999332888518
2014-02-21 14:50:00,0.066,14,4,0.10599999999999996,0.03652396473549932
2014-02-21 14:55:00,0.134,14,4,0.11959999999999997,0.02997999332888518
2014-02-21 15:00:00,0.134,15,4,0.11999999999999997,0.030199337741083
2014-02-21 15:05:00,0.134,15,4,0.11999999999999997,0.030199337741083
2014-02-21 15:10:00,0.066,15,4,0.10679999999999996,0.03724513391035127
2014-02-21 15:15:00,0.134,15,4,0.12039999999999998,0.03041052449399714
2014-02-21 15:20:00,0.066,15,4,0.10679999999999996,0.03724513391035127
2014-02-21 15:25:00,0.132,15,4,0.10639999999999997,0.03688902275745452
2014-02-21 15:30:00,0.134,15,4,0.10639999999999997,0.03688902275745452
2014-02-21 15:35:00,0.066,15,4,0.10639999999999997,0.03688902275745452
2014-02-21 15:40:00,0.134,15,4,0.10639999999999997,0.03688902275745452
2014-02-21 15:45:00,0.134,15,4,0.11999999999999997,0.030199337741082997
2014-02-21 15:50:00,0.066,15,4,0.10679999999999996,0.03724513391035127
2014-02-21 15:55:00,0.2,15,4,0.11999999999999997,0.056178287620752554
2014-02-21 16:00:00,0.066,16,4,0.11999999999999995,0.05617828762075256
2014-02-21 16:05:00,0.134,16,4,0.11999999999999997,0.05617828762075257
2014-02-21 16:10:00,0.132,16,4,0.11959999999999997,0.056060681408630776
2014-02-21 16:15:00,0.066,16,4,0.11959999999999996,0.056060681408630776
2014-02-21 16:20:00,0.134,16,4,0.10639999999999997,0.036889022757454544
2014-02-21 16:25:00,0.134,16,4,0.11999999999999997,0.030199337741083
2014-02-21 16:30:00,0.066,16,4,0.10639999999999997,0.036889022757454544
2014-02-21 16:35:00,0.134,16,4,0.10679999999999996,0.03724513391035129
2014-02-21 16:40:00,0.132,16,4,0.11999999999999997,0.030199337741083007
2014-02-21 16:45:00,0.134,16,4,0.11999999999999997,0.030199337741083007
2014-02-21 16:50:00,0.198,16,4,0.13279999999999997,0.046681902274864524
2014-02-21 16:55:00,0.134,16,4,0.14639999999999997,0.02885827437668446
2014-02-21 17:00:00,0.134,17,4,0.14639999999999997,0.02885827437668446
2014-02-21 17:05:00,0.134,17,4,0.14679999999999999,0.02862167011199736
2014-02-21 17:10:00,0.136,17,4,0.14719999999999997,0.028411265371327675
2014-02-21 17:15:00,0.134,17,4,0.13439999999999996,0.0008944271910008745
2014-02-21 17:20:00,0.134,17,4,0.13439999999999996,0.0008944271910008745
2014-02-21 17:25:00,0.132,17,4,0.13399999999999995,0.001414213562373684
2014-02-21 17:30:00,0.134,17,4,0.13399999999999995,0.001414213562373684
2014-02-21 17:35:00,0.134,17,4,0.13359999999999997,0.0008944271910008167
2014-02-21 17:40:00,0.134,17,4,0.13359999999999997,0.0008944271910008167
2014-02-21 17:45:00,0.068,17,4,0.12039999999999998,0.029305289624912433
2014-02-21 17:50:00,0.134,17,4,0.12079999999999998,0.02951609730299723
2014-02-21 17:55:00,0.134,17,4,0.12079999999999998,0.02951609730299723
2014-02-21 18:00:00,0.134,18,4,0.12079999999999998,0.02951609730299723
2014-02-21 18:05:00,0.132,18,4,0.12039999999999998,0.029305289624912433
2014-02-21 18:10:00,0.066,18,4,0.11999999999999995,0.030199337741083004
2014-02-21 18:15:00,0.134,18,4,0.11999999999999997,0.030199337741083004
2014-02-21 18:20:00,0.134,18,4,0.11999999999999997,0.030199337741083004
2014-02-21 18:25:00,0.068,18,4,0.10679999999999996,0.03634831495406629
2014-02-21 18:30:00,0.134,18,4,0.10719999999999996,0.03670422319025427
2014-02-21 18:35:00,0.134,18,4,0.12079999999999998,0.029516097302997223
2014-02-21 18:40:00,0.066,18,4,0.10719999999999996,0.03670422319025427
2014-02-21 18:45:00,0.136,18,4,0.10759999999999996,0.037078295537955885
2014-02-21 18:50:00,0.132,18,4,0.12039999999999998,0.03044339008717656
2014-02-21 18:55:00,0.134,18,4,0.12039999999999998,0.03044339008717656
2014-02-21 19:00:00,0.066,19,4,0.10679999999999996,0.037271973384837016
2014-02-21 19:05:00,0.132,19,4,0.11999999999999997,0.03023243291566195
2014-02-21 19:10:00,0.134,19,4,0.11959999999999997,0.02997999332888518
2014-02-21 19:15:00,0.134,19,4,0.11999999999999997,0.030199337741083
2014-02-21 19:20:00,0.134,19,4,0.11999999999999997,0.030199337741083
2014-02-21 19:25:00,0.134,19,4,0.13359999999999994,0.0008944271910006441
2014-02-21 19:30:00,0.196,19,4,0.14639999999999997,0.027727242920997437
2014-02-21 19:35:00,0.136,19,4,0.14679999999999999,0.027517267306184357
2014-02-21 19:40:00,0.068,19,4,0.1336,0.04528575935103663
2014-02-21 19:45:00,0.132,19,4,0.13319999999999993,0.045290175535098134
2014-02-21 19:50:00,0.134,19,4,0.13319999999999999,0.045290175535098134
2014-02-21 19:55:00,0.132,19,4,0.12039999999999998,0.02933939331342759
2014-02-21 20:00:00,0.066,20,4,0.10639999999999997,0.03598332947352145
2014-02-21 20:05:00,0.134,20,4,0.11959999999999997,0.029979993328885172
2014-02-21 20:10:00,0.132,20,4,0.11959999999999997,0.029979993328885172
2014-02-21 20:15:00,0.066,20,4,0.10599999999999996,0.03652396473549931
2014-02-21 20:20:00,0.134,20,4,0.10639999999999997,0.03688902275745452
2014-02-21 20:25:00,0.134,20,4,0.11999999999999997,0.030199337741082976
2014-02-21 20:30:00,0.066,20,4,0.10639999999999997,0.03688902275745452
2014-02-21 20:35:00,0.134,20,4,0.10679999999999996,0.037245133910351266
2014-02-21 20:40:00,0.134,20,4,0.12039999999999998,0.030410524493997126
2014-02-21 20:45:00,0.136,20,4,0.12079999999999998,0.03064637009500471
2014-02-21 20:50:00,0.134,20,4,0.12079999999999998,0.03064637009500471
2014-02-21 20:55:00,0.132,20,4,0.13399999999999995,0.001414213562373224
2014-02-21 21:00:00,0.134,21,4,0.13399999999999998,0.001414213562373224
2014-02-21 21:05:00,0.066,21,4,0.12039999999999995,0.030443390087176544
2014-02-21 21:10:00,0.132,21,4,0.11959999999999997,0.029979993328885162
2014-02-21 21:15:00,0.134,21,4,0.11959999999999997,0.029979993328885162
2014-02-21 21:20:00,0.132,21,4,0.11959999999999997,0.029979993328885162
2014-02-21 21:25:00,0.132,21,4,0.11919999999999997,0.02975231083462256
2014-02-21 21:30:00,0.066,21,4,0.11919999999999994,0.02975231083462256
2014-02-21 21:35:00,0.134,21,4,0.11959999999999997,0.029979993328885162
2014-02-21 21:40:00,0.134,21,4,0.11959999999999997,0.029979993328885162
2014-02-21 21:45:00,0.066,21,4,0.10639999999999997,0.036889022757454516
2014-02-21 21:50:00,0.132,21,4,0.10639999999999997,0.036889022757454516
2014-02-21 21:55:00,0.134,21,4,0.11999999999999997,0.030199337741082983
2014-02-21 22:00:00,0.134,22,4,0.11999999999999997,0.030199337741082983
2014-02-21 22:05:00,0.066,22,4,0.10639999999999997,0.036889022757454516
2014-02-21 22:10:00,0.134,22,4,0.11999999999999997,0.030199337741082983
2014-02-21 22:15:00,0.134,22,4,0.12039999999999998,0.030410524493997126
2014-02-21 22:20:00,0.132,22,4,0.11999999999999997,0.030199337741082983
2014-02-21 22:25:00,0.066,22,4,0.10639999999999997,0.036889022757454516
2014-02-21 22:30:00,0.132,22,4,0.11959999999999997,0.029979993328885166
2014-02-21 22:35:00,0.134,22,4,0.11959999999999997,0.029979993328885166
2014-02-21 22:40:00,0.066,22,4,0.10599999999999996,0.03652396473549931
2014-02-21 22:45:00,0.132,22,4,0.10599999999999996,0.03652396473549931
2014-02-21 22:50:00,0.134,22,4,0.11959999999999997,0.029979993328885166
2014-02-21 22:55:00,0.134,22,4,0.11999999999999997,0.030199337741082986
2014-02-21 23:00:00,0.066,23,4,0.10639999999999997,0.036889022757454516
2014-02-21 23:05:00,0.134,23,4,0.11999999999999997,0.030199337741082986
2014-02-21 23:10:00,0.134,23,4,0.12039999999999998,0.03041052449399713
2014-02-21 23:15:00,0.134,23,4,0.12039999999999998,0.03041052449399713
2014-02-21 23:20:00,0.066,23,4,0.10679999999999996,0.03724513391035126
2014-02-21 23:25:00,0.132,23,4,0.11999999999999997,0.030199337741082986
2014-02-21 23:30:00,0.134,23,4,0.11999999999999997,0.03019933774108299
2014-02-21 23:35:00,0.134,23,4,0.11999999999999997,0.03019933774108299
2014-02-21 23:40:00,0.134,23,4,0.11999999999999997,0.03019933774108299
2014-02-21 23:45:00,0.066,23,4,0.11999999999999995,0.030199337741082993
2014-02-21 23:50:00,0.134,23,4,0.12039999999999998,0.030410524493997136
2014-02-21 23:55:00,0.132,23,4,0.11999999999999997,0.030199337741082993
2014-02-22 00:00:00,0.134,0,5,0.11999999999999997,0.030199337741082993
2014-02-22 00:05:00,0.066,0,5,0.10639999999999997,0.03688902275745454
2014-02-22 00:10:00,0.134,0,5,0.11999999999999997,0.030199337741082993
2014-02-22 00:15:00,0.136,0,5,0.12039999999999998,0.030443390087176555
2014-02-22 00:20:00,0.066,0,5,0.10719999999999996,0.037619144062564724
2014-02-22 00:25:00,0.132,0,5,0.10679999999999996,0.03727197338483701
2014-02-22 00:30:00,0.136,0,5,0.12079999999999998,0.0306789830339925
2014-02-22 00:35:00,0.066,0,5,0.10719999999999996,0.03764571688784793
2014-02-22 00:40:00,0.132,0,5,0.10639999999999997,0.03691612113968637
2014-02-22 00:45:00,0.132,0,5,0.11959999999999997,0.030013330371686506
2014-02-22 00:50:00,0.066,0,5,0.10639999999999997,0.03691612113968637
2014-02-22 00:55:00,0.132,0,5,0.10559999999999996,0.036149688795340945
2014-02-22 01:00:00,0.132,1,5,0.11879999999999998,0.029516097302997226
2014-02-22 01:05:00,0.132,1,5,0.11879999999999998,0.029516097302997226
2014-02-22 01:10:00,0.066,1,5,0.10559999999999996,0.036149688795340945
2014-02-22 01:15:00,0.134,1,5,0.11919999999999997,0.029752310834622576
2014-02-22 01:20:00,0.134,1,5,0.11959999999999997,0.029979993328885183
2014-02-22 01:25:00,0.134,1,5,0.11999999999999997,0.030199337741083004
2014-02-22 01:30:00,0.132,1,5,0.11999999999999997,0.030199337741083004
2014-02-22 01:35:00,0.066,1,5,0.11999999999999995,0.030199337741083007
2014-02-22 01:40:00,0.134,1,5,0.11999999999999997,0.030199337741083007
2014-02-22 01:45:00,0.134,1,5,0.11999999999999997,0.030199337741083007
2014-02-22 01:50:00,0.134,1,5,0.11999999999999997,0.030199337741083007
2014-02-22 01:55:00,0.134,1,5,0.12039999999999998,0.03041052449399715
2014-02-22 02:00:00,0.066,2,5,0.12039999999999995,0.030410524493997143
2014-02-22 02:05:00,0.132,2,5,0.11999999999999997,0.030199337741083
2014-02-22 02:10:00,0.134,2,5,0.11999999999999997,0.030199337741083
2014-02-22 02:15:00,0.066,2,5,0.10639999999999997,0.03688902275745456
2014-02-22 02:20:00,0.134,2,5,0.10639999999999997,0.03688902275745456
2014-02-22 02:25:00,0.134,2,5,0.11999999999999997,0.030199337741083
2014-02-22 02:30:00,0.066,2,5,0.10679999999999996,0.037245133910351294
2014-02-22 02:35:00,0.132,2,5,0.10639999999999997,0.03688902275745456
2014-02-22 02:40:00,0.134,2,5,0.11999999999999997,0.030199337741083
2014-02-22 02:45:00,0.066,2,5,0.10639999999999997,0.03688902275745456
2014-02-22 02:50:00,0.134,2,5,0.10639999999999997,0.03688902275745456
2014-02-22 02:55:00,0.132,2,5,0.11959999999999997,0.029979993328885183
2014-02-22 03:00:00,0.134,3,5,0.11999999999999997,0.030199337741083
2014-02-22 03:05:00,0.066,3,5,0.10639999999999997,0.036889022757454565
2014-02-22 03:10:00,0.136,3,5,0.12039999999999998,0.030443390087176562
2014-02-22 03:15:00,0.134,3,5,0.12039999999999998,0.030443390087176562
2014-02-22 03:20:00,0.066,3,5,0.10719999999999996,0.037619144062564745
2014-02-22 03:25:00,0.134,3,5,0.10719999999999996,0.037619144062564745
2014-02-22 03:30:00,1.4680000000000002,3,5,0.3876,0.6046939721875852
2014-02-22 03:35:00,0.068,3,5,0.374,0.6124818364653764
2014-02-22 03:40:00,0.132,3,5,0.3736,0.612678382187588
2014-02-22 03:45:00,0.132,3,5,0.3868,0.6050580137474423
2014-02-22 03:50:00,0.068,3,5,0.3736,0.6126245179553297
2014-02-22 03:55:00,0.132,3,5,0.10639999999999997,0.03505424368032862
2014-02-22 04:00:00,0.198,4,5,0.13239999999999996,0.04596520423102524
2014-02-22 04:05:00,0.134,4,5,0.13279999999999997,0.04596955514250557
2014-02-22 04:10:00,0.068,4,5,0.11999999999999997,0.05438749856354731
2014-02-22 04:15:00,0.132,4,5,0.13279999999999995,0.04596955514250557
2014-02-22 04:20:00,0.132,4,5,0.13279999999999997,0.04596955514250557
2014-02-22 04:25:00,0.134,4,5,0.11999999999999997,0.029086079144495576
2014-02-22 04:30:00,0.132,4,5,0.11959999999999997,0.028858274376681994
2014-02-22 04:35:00,0.066,4,5,0.11919999999999994,0.029752310834620235
2014-02-22 04:40:00,0.132,4,5,0.11919999999999997,0.029752310834620235
2014-02-22 04:45:00,0.136,4,5,0.11999999999999997,0.030232432915659645
2014-02-22 04:50:00,0.066,4,5,0.10639999999999997,0.036916121139684496
2014-02-22 04:55:00,0.134,4,5,0.10679999999999996,0.03727197338483516
2014-02-22 05:00:00,0.134,5,5,0.12039999999999998,0.030443390087174272
2014-02-22 05:05:00,0.134,5,5,0.12079999999999998,0.030646370095002453
2014-02-22 05:10:00,0.066,5,5,0.10679999999999996,0.03724513391034942
2014-02-22 05:15:00,0.134,5,5,0.12039999999999998,0.030410524493994846
2014-02-22 05:20:00,0.066,5,5,0.10679999999999996,0.03724513391034942
2014-02-22 05:25:00,0.132,5,5,0.10639999999999997,0.03688902275745266
2014-02-22 05:30:00,0.134,5,5,0.10639999999999997,0.03688902275745266
2014-02-22 05:35:00,0.066,5,5,0.10639999999999997,0.03688902275745266
2014-02-22 05:40:00,0.134,5,5,0.10639999999999997,0.03688902275745266
2014-02-22 05:45:00,0.134,5,5,0.11999999999999997,0.03019933774108069
2014-02-22 05:50:00,0.132,5,5,0.11999999999999997,0.03019933774108069
2014-02-22 05:55:00,0.066,5,5,0.10639999999999997,0.03688902275745266
2014-02-22 06:00:00,0.132,6,5,0.11959999999999997,0.02997999332888286
2014-02-22 06:05:00,0.132,6,5,0.11919999999999997,0.029752310834620235
2014-02-22 06:10:00,0.066,6,5,0.10559999999999996,0.03614968879533903
2014-02-22 06:15:00,0.134,6,5,0.10599999999999996,0.03652396473549743
2014-02-22 06:20:00,0.134,6,5,0.11959999999999997,0.029979993328882848
2014-02-22 06:25:00,0.068,6,5,0.10679999999999996,0.03634831495406438
2014-02-22 06:30:00,0.134,6,5,0.10719999999999996,0.03670422319025238
2014-02-22 06:35:00,0.134,6,5,0.12079999999999998,0.029516097302994856
2014-02-22 06:40:00,0.134,6,5,0.12079999999999998,0.029516097302994856
2014-02-22 06:45:00,0.068,6,5,0.10759999999999996,0.03614968879533904
2014-02-22 06:50:00,0.134,6,5,0.12079999999999998,0.029516097302994856
2014-02-22 06:55:00,0.134,6,5,0.12079999999999998,0.029516097302994856
2014-02-22 07:00:00,0.132,7,5,0.12039999999999998,0.029305289624910042
2014-02-22 07:05:00,0.136,7,5,0.12079999999999998,0.029549957698782926
2014-02-22 07:10:00,0.132,7,5,0.13359999999999994,0.0016733200530263078
2014-02-22 07:15:00,0.132,7,5,0.13319999999999999,0.0017888543819606913
2014-02-22 07:20:00,0.066,7,5,0.11959999999999996,0.030013330371684185
2014-02-22 07:25:00,0.134,7,5,0.11999999999999997,0.030232432915659635
2014-02-22 07:30:00,0.134,7,5,0.11959999999999997,0.02997999332888285
2014-02-22 07:35:00,0.066,7,5,0.10639999999999997,0.03688902275745267
2014-02-22 07:40:00,0.132,7,5,0.10639999999999997,0.03688902275745267
2014-02-22 07:45:00,0.134,7,5,0.11999999999999997,0.030199337741080686
2014-02-22 07:50:00,0.066,7,5,0.10639999999999997,0.03688902275745267
2014-02-22 07:55:00,0.2019999999999999,7,5,0.11999999999999993,0.05678027826631229
2014-02-22 08:00:00,0.134,8,5,0.13359999999999994,0.04809157930448797
2014-02-22 08:05:00,0.134,8,5,0.13399999999999995,0.048083261120683736
2014-02-22 08:10:00,0.134,8,5,0.13399999999999995,0.048083261120683736
2014-02-22 08:15:00,0.066,8,5,0.13399999999999995,0.048083261120683736
2014-02-22 08:20:00,0.134,8,5,0.12039999999999998,0.03041052449399484
2014-02-22 08:25:00,0.066,8,5,0.10679999999999996,0.037245133910349434
2014-02-22 08:30:00,0.134,8,5,0.10679999999999996,0.037245133910349434
2014-02-22 08:35:00,0.134,8,5,0.10679999999999996,0.037245133910349434
2014-02-22 08:40:00,0.066,8,5,0.10679999999999996,0.037245133910349434
2014-02-22 08:45:00,0.132,8,5,0.10639999999999997,0.03688902275745268
2014-02-22 08:50:00,0.068,8,5,0.10679999999999996,0.0363483149540644
2014-02-22 08:55:00,0.132,8,5,0.10639999999999997,0.03598332947351956
2014-02-22 09:00:00,0.134,9,5,0.10639999999999997,0.03598332947351956
2014-02-22 09:05:00,0.134,9,5,0.11999999999999997,0.02908607914449558
2014-02-22 09:10:00,0.066,9,5,0.10679999999999996,0.0363483149540644
2014-02-22 09:15:00,0.132,9,5,0.11959999999999997,0.029979993328882862
2014-02-22 09:20:00,0.134,9,5,0.11999999999999997,0.030199337741080693
2014-02-22 09:25:00,0.068,9,5,0.10679999999999996,0.0363483149540644
2014-02-22 09:30:00,0.134,9,5,0.10679999999999996,0.0363483149540644
2014-02-22 09:35:00,0.134,9,5,0.12039999999999998,0.029305289624910053
2014-02-22 09:40:00,0.066,9,5,0.10719999999999996,0.03670422319025239
2014-02-22 09:45:00,0.136,9,5,0.10759999999999996,0.03707829553795402
2014-02-22 09:50:00,0.132,9,5,0.12039999999999998,0.03044339008717427
2014-02-22 09:55:00,0.134,9,5,0.12039999999999998,0.03044339008717427
2014-02-22 10:00:00,0.134,10,5,0.12039999999999998,0.03044339008717427
2014-02-22 10:05:00,0.066,10,5,0.12039999999999995,0.030443390087174272
2014-02-22 10:10:00,0.134,10,5,0.11999999999999997,0.030199337741080693
2014-02-22 10:15:00,0.134,10,5,0.12039999999999998,0.030410524493994853
2014-02-22 10:20:00,0.066,10,5,0.10679999999999996,0.03724513391034944
2014-02-22 10:25:00,0.132,10,5,0.10639999999999997,0.036889022757452684
2014-02-22 10:30:00,0.068,10,5,0.10679999999999996,0.036348314954064403
2014-02-22 10:35:00,0.134,10,5,0.10679999999999996,0.036348314954064403
2014-02-22 10:40:00,0.132,10,5,0.10639999999999997,0.03598332947351957
2014-02-22 10:45:00,0.132,10,5,0.11959999999999997,0.02885827437668201
2014-02-22 10:50:00,0.066,10,5,0.10639999999999997,0.03598332947351957
2014-02-22 10:55:00,0.134,10,5,0.11959999999999997,0.029979993328882876
2014-02-22 11:00:00,0.136,11,5,0.11999999999999997,0.03023243291565966
2014-02-22 11:05:00,0.134,11,5,0.12039999999999998,0.030443390087174286
2014-02-22 11:10:00,0.066,11,5,0.10719999999999996,0.037619144062562906
2014-02-22 11:15:00,0.134,11,5,0.12079999999999998,0.03064637009500247
2014-02-22 11:20:00,0.132,11,5,0.12039999999999998,0.03044339008717429
2014-02-22 11:25:00,0.132,11,5,0.11959999999999997,0.029979993328882876
2014-02-22 11:30:00,0.066,11,5,0.10599999999999996,0.03652396473549746
2014-02-22 11:35:00,0.132,11,5,0.11919999999999997,0.029752310834620252
2014-02-22 11:40:00,0.134,11,5,0.11919999999999997,0.029752310834620252
2014-02-22 11:45:00,0.134,11,5,0.11959999999999997,0.029979993328882876
2014-02-22 11:50:00,0.066,11,5,0.10639999999999997,0.036889022757452684
2014-02-22 11:55:00,0.132,11,5,0.11959999999999997,0.029979993328882876
2014-02-22 12:00:00,0.132,12,5,0.11959999999999997,0.029979993328882876
2014-02-22 12:05:00,0.134,12,5,0.11959999999999997,0.029979993328882876
2014-02-22 12:10:00,0.066,12,5,0.10599999999999996,0.03652396473549746
2014-02-22 12:15:00,0.134,12,5,0.11959999999999997,0.029979993328882876
2014-02-22 12:20:00,0.134,12,5,0.11999999999999997,0.03019933774108071
2014-02-22 12:25:00,0.066,12,5,0.10679999999999996,0.03724513391034945
2014-02-22 12:30:00,0.134,12,5,0.10679999999999996,0.03724513391034945
2014-02-22 12:35:00,0.132,12,5,0.11999999999999997,0.03019933774108071
2014-02-22 12:40:00,0.068,12,5,0.10679999999999996,0.036348314954064403
2014-02-22 12:45:00,0.134,12,5,0.10679999999999996,0.036348314954064403
2014-02-22 12:50:00,0.134,12,5,0.12039999999999998,0.029305289624910066
2014-02-22 12:55:00,0.136,12,5,0.12079999999999998,0.02954995769878295
2014-02-22 13:00:00,0.066,13,5,0.10759999999999996,0.03707829553795403
2014-02-22 13:05:00,0.134,13,5,0.12079999999999998,0.03064637009500247
2014-02-22 13:10:00,0.132,13,5,0.12039999999999998,0.030443390087174286
2014-02-22 13:15:00,0.132,13,5,0.11999999999999997,0.03023243291565966
2014-02-22 13:20:00,0.066,13,5,0.10599999999999996,0.03652396473549746
2014-02-22 13:25:00,0.134,13,5,0.11959999999999997,0.029979993328882876
2014-02-22 13:30:00,0.134,13,5,0.11959999999999997,0.029979993328882876
2014-02-22 13:35:00,0.136,13,5,0.12039999999999998,0.03044339008717429
2014-02-22 13:40:00,0.066,13,5,0.10719999999999996,0.037619144062562906
2014-02-22 13:45:00,0.134,13,5,0.12079999999999998,0.03064637009500247
2014-02-22 13:50:00,0.136,13,5,0.12119999999999997,0.030873937228670104
2014-02-22 13:55:00,0.136,13,5,0.12159999999999997,0.031093407661429807
2014-02-22 14:00:00,0.066,14,5,0.10759999999999996,0.03798420724458867
2014-02-22 14:05:00,0.132,14,5,0.12079999999999998,0.03067898303399025
2014-02-22 14:10:00,0.132,14,5,0.12039999999999998,0.030476220238078437
2014-02-22 14:15:00,0.066,14,5,0.10639999999999997,0.03691612113968452
2014-02-22 14:20:00,0.132,14,5,0.10559999999999996,0.03614968879533906
2014-02-22 14:25:00,0.134,14,5,0.11919999999999997,0.029752310834620245
2014-02-22 14:30:00,0.068,14,5,0.10639999999999997,0.035983329473519565
2014-02-22 14:35:00,0.134,14,5,0.10679999999999996,0.0363483149540644
2014-02-22 14:40:00,0.066,14,5,0.10679999999999996,0.0363483149540644
2014-02-22 14:45:00,0.132,14,5,0.10679999999999996,0.0363483149540644
2014-02-22 14:50:00,0.132,14,5,0.10639999999999997,0.035983329473519565
2014-02-22 14:55:00,0.2019999999999999,14,5,0.13319999999999993,0.04809573785690222
2014-02-22 15:00:00,0.134,15,5,0.13319999999999993,0.04809573785690222
2014-02-22 15:05:00,0.134,15,5,0.14679999999999993,0.030873937228670052
2014-02-22 15:10:00,0.134,15,5,0.14719999999999994,0.03064637009500242
2014-02-22 15:15:00,0.134,15,5,0.14759999999999993,0.030410524493994815
2014-02-22 15:20:00,0.066,15,5,0.12039999999999998,0.030410524493997143
2014-02-22 15:25:00,0.134,15,5,0.12039999999999998,0.030410524493997143
2014-02-22 15:30:00,0.134,15,5,0.12039999999999998,0.030410524493997143
2014-02-22 15:35:00,0.066,15,5,0.10679999999999996,0.0372451339103513
2014-02-22 15:40:00,0.132,15,5,0.10639999999999997,0.03688902275745456
2014-02-22 15:45:00,0.134,15,5,0.11999999999999997,0.030199337741083004
2014-02-22 15:50:00,0.068,15,5,0.10679999999999996,0.036348314954066305
2014-02-22 15:55:00,0.134,15,5,0.10679999999999996,0.036348314954066305
2014-02-22 16:00:00,0.134,16,5,0.12039999999999998,0.029305289624912433
2014-02-22 16:05:00,0.134,16,5,0.12079999999999998,0.02951609730299723
2014-02-22 16:10:00,0.068,16,5,0.10759999999999996,0.036149688795340966
2014-02-22 16:15:00,0.134,16,5,0.12079999999999998,0.029516097302997236
2014-02-22 16:20:00,0.132,16,5,0.12039999999999998,0.02930528962491244
2014-02-22 16:25:00,0.134,16,5,0.12039999999999998,0.02930528962491244
2014-02-22 16:30:00,0.066,16,5,0.10679999999999996,0.036348314954066305
2014-02-22 16:35:00,0.132,16,5,0.11959999999999997,0.029979993328885193
2014-02-22 16:40:00,0.066,16,5,0.10599999999999996,0.036523964735499355
2014-02-22 16:45:00,0.134,16,5,0.10639999999999997,0.036889022757454565
2014-02-22 16:50:00,0.132,16,5,0.10599999999999996,0.036523964735499355
2014-02-22 16:55:00,0.134,16,5,0.11959999999999997,0.029979993328885197
2014-02-22 17:00:00,0.134,17,5,0.11999999999999997,0.03019933774108301
2014-02-22 17:05:00,0.136,17,5,0.13399999999999995,0.0014142135623733995
2014-02-22 17:10:00,0.066,17,5,0.12039999999999998,0.030443390087176576
2014-02-22 17:15:00,0.134,17,5,0.12079999999999998,0.030646370095004743
2014-02-22 17:20:00,0.136,17,5,0.12119999999999997,0.03087393722867236
2014-02-22 17:25:00,0.134,17,5,0.12119999999999997,0.03087393722867236
2014-02-22 17:30:00,0.134,17,5,0.12079999999999998,0.030646370095004746
2014-02-22 17:35:00,0.134,17,5,0.13439999999999994,0.0008944271910008174
2014-02-22 17:40:00,0.134,17,5,0.1344,0.0008944271910008174
2014-02-22 17:45:00,0.066,17,5,0.12039999999999995,0.030410524493997153
2014-02-22 17:50:00,0.134,17,5,0.12039999999999998,0.030410524493997153
2014-02-22 17:55:00,0.134,17,5,0.12039999999999998,0.030410524493997153
2014-02-22 18:00:00,0.134,18,5,0.12039999999999998,0.030410524493997153
2014-02-22 18:05:00,0.066,18,5,0.10679999999999996,0.037245133910351294
2014-02-22 18:10:00,0.134,18,5,0.12039999999999998,0.030410524493997153
2014-02-22 18:15:00,0.132,18,5,0.11999999999999997,0.03019933774108301
2014-02-22 18:20:00,0.066,18,5,0.10639999999999997,0.03688902275745455
2014-02-22 18:25:00,0.134,18,5,0.10639999999999997,0.03688902275745455
2014-02-22 18:30:00,0.134,18,5,0.11999999999999997,0.03019933774108301
2014-02-22 18:35:00,0.066,18,5,0.10639999999999997,0.03688902275745455
2014-02-22 18:40:00,0.132,18,5,0.10639999999999997,0.03688902275745455
2014-02-22 18:45:00,0.068,18,5,0.10679999999999996,0.0363483149540663
2014-02-22 18:50:00,0.132,18,5,0.10639999999999997,0.03598332947352148
2014-02-22 18:55:00,0.134,18,5,0.10639999999999997,0.03598332947352148
2014-02-22 19:00:00,0.134,19,5,0.11999999999999997,0.029086079144497984
2014-02-22 19:05:00,0.066,19,5,0.10679999999999996,0.0363483149540663
2014-02-22 19:10:00,0.134,19,5,0.11999999999999997,0.030199337741083014
2014-02-22 19:15:00,0.134,19,5,0.12039999999999998,0.030410524493997157
2014-02-22 19:20:00,0.134,19,5,0.12039999999999998,0.030410524493997157
2014-02-22 19:25:00,0.066,19,5,0.10679999999999996,0.037245133910351294
2014-02-22 19:30:00,0.134,19,5,0.12039999999999998,0.030410524493997157
2014-02-22 19:35:00,0.134,19,5,0.12039999999999998,0.030410524493997157
2014-02-22 19:40:00,0.134,19,5,0.12039999999999998,0.030410524493997157
2014-02-22 19:45:00,0.066,19,5,0.10679999999999996,0.037245133910351294
2014-02-22 19:50:00,0.134,19,5,0.12039999999999998,0.030410524493997157
2014-02-22 19:55:00,0.134,19,5,0.12039999999999998,0.030410524493997157
2014-02-22 20:00:00,0.134,20,5,0.12039999999999998,0.030410524493997157
2014-02-22 20:05:00,0.066,20,5,0.10679999999999996,0.037245133910351294
2014-02-22 20:10:00,0.134,20,5,0.12039999999999998,0.030410524493997157
2014-02-22 20:15:00,0.134,20,5,0.12039999999999998,0.030410524493997157
2014-02-22 20:20:00,0.134,20,5,0.12039999999999998,0.030410524493997157
2014-02-22 20:25:00,0.068,20,5,0.10719999999999996,0.03670422319025428
2014-02-22 20:30:00,0.134,20,5,0.12079999999999998,0.02951609730299724
2014-02-22 20:35:00,0.132,20,5,0.12039999999999998,0.029305289624912443
2014-02-22 20:40:00,0.068,20,5,0.10719999999999996,0.03579385422108103
2014-02-22 20:45:00,0.134,20,5,0.10719999999999996,0.03579385422108103
2014-02-22 20:50:00,0.134,20,5,0.12039999999999998,0.029305289624912443
2014-02-22 20:55:00,0.132,20,5,0.11999999999999997,0.02908607914449799
2014-02-22 21:00:00,0.066,21,5,0.10679999999999996,0.036348314954066305
2014-02-22 21:05:00,0.134,21,5,0.11999999999999997,0.030199337741083018
2014-02-22 21:10:00,0.134,21,5,0.11999999999999997,0.030199337741083018
2014-02-22 21:15:00,0.068,21,5,0.10679999999999996,0.036348314954066305
2014-02-22 21:20:00,0.134,21,5,0.10719999999999996,0.03670422319025428
2014-02-22 21:25:00,0.134,21,5,0.12079999999999998,0.029516097302997233
2014-02-22 21:30:00,0.066,21,5,0.10719999999999996,0.03670422319025428
2014-02-22 21:35:00,0.132,21,5,0.10679999999999996,0.036348314954066305
2014-02-22 21:40:00,0.134,21,5,0.11999999999999997,0.030199337741083018
2014-02-22 21:45:00,0.066,21,5,0.10639999999999997,0.03688902275745456
2014-02-22 21:50:00,0.132,21,5,0.10599999999999996,0.03652396473549935
2014-02-22 21:55:00,0.132,21,5,0.11919999999999997,0.029752310834622608
2014-02-22 22:00:00,0.132,22,5,0.11919999999999997,0.029752310834622608
2014-02-22 22:05:00,0.134,22,5,0.11919999999999997,0.029752310834622608
2014-02-22 22:10:00,0.066,22,5,0.11919999999999994,0.029752310834622608
2014-02-22 22:15:00,0.134,22,5,0.11959999999999997,0.02997999332888521
2014-02-22 22:20:00,0.132,22,5,0.11959999999999997,0.02997999332888521
2014-02-22 22:25:00,0.134,22,5,0.11999999999999997,0.030199337741083028
2014-02-22 22:30:00,0.066,22,5,0.10639999999999997,0.03688902275745455
2014-02-22 22:35:00,0.134,22,5,0.11999999999999997,0.030199337741083028
2014-02-22 22:40:00,0.134,22,5,0.11999999999999997,0.030199337741083028
2014-02-22 22:45:00,0.132,22,5,0.11999999999999997,0.030199337741083028
2014-02-22 22:50:00,0.132,22,5,0.11959999999999997,0.02997999332888521
2014-02-22 22:55:00,0.134,22,5,0.13319999999999993,0.0010954451150117894
2014-02-22 23:00:00,0.068,23,5,0.11999999999999997,0.029086079144498008
2014-02-22 23:05:00,0.134,23,5,0.11999999999999997,0.029086079144498008
2014-02-22 23:10:00,0.132,23,5,0.11999999999999997,0.029086079144498008
2014-02-22 23:15:00,0.066,23,5,0.10679999999999996,0.03634831495406632
2014-02-22 23:20:00,0.134,23,5,0.10679999999999996,0.03634831495406632
2014-02-22 23:25:00,0.132,23,5,0.11959999999999997,0.029979993328885218
2014-02-22 23:30:00,0.132,23,5,0.11919999999999997,0.02975231083462261
2014-02-22 23:35:00,0.066,23,5,0.10599999999999996,0.03652396473549936
2014-02-22 23:40:00,0.132,23,5,0.11919999999999997,0.02975231083462261
2014-02-22 23:45:00,0.134,23,5,0.11919999999999997,0.02975231083462261
2014-02-22 23:50:00,0.134,23,5,0.11959999999999997,0.029979993328885218
2014-02-22 23:55:00,0.132,23,5,0.11959999999999997,0.029979993328885218
2014-02-23 00:00:00,0.066,0,6,0.11959999999999996,0.029979993328885214
2014-02-23 00:05:00,0.132,0,6,0.11959999999999997,0.029979993328885214
2014-02-23 00:10:00,0.066,0,6,0.10599999999999996,0.03652396473549935
2014-02-23 00:15:00,0.2,0,6,0.11919999999999997,0.0559392527658352
2014-02-23 00:20:00,0.132,0,6,0.11919999999999997,0.0559392527658352
2014-02-23 00:25:00,0.134,0,6,0.13279999999999995,0.047383541446371476
2014-02-23 00:30:00,0.132,0,6,0.13279999999999997,0.047383541446371476
2014-02-23 00:35:00,0.066,0,6,0.13279999999999997,0.047383541446371476
2014-02-23 00:40:00,0.134,0,6,0.11959999999999997,0.029979993328885214
2014-02-23 00:45:00,0.066,0,6,0.10639999999999997,0.036889022757454565
2014-02-23 00:50:00,0.132,0,6,0.10599999999999996,0.03652396473549936
2014-02-23 00:55:00,0.134,0,6,0.10639999999999997,0.036889022757454565
2014-02-23 01:00:00,0.134,1,6,0.11999999999999997,0.030199337741083035
2014-02-23 01:05:00,0.134,1,6,0.11999999999999997,0.030199337741083035
2014-02-23 01:10:00,0.068,1,6,0.12039999999999995,0.029305289624912464
2014-02-23 01:15:00,0.2019999999999999,1,6,0.13439999999999994,0.04737932038347532
2014-02-23 01:20:00,0.066,1,6,0.12079999999999994,0.05641985466128035
2014-02-23 01:25:00,0.134,1,6,0.12079999999999994,0.05641985466128035
2014-02-23 01:30:00,0.134,1,6,0.12079999999999994,0.05641985466128035
2014-02-23 01:35:00,0.068,1,6,0.12079999999999994,0.05641985466128035
2014-02-23 01:40:00,0.136,1,6,0.10759999999999996,0.0370782955379559
2014-02-23 01:45:00,0.132,1,6,0.12079999999999998,0.02954995769878532
2014-02-23 01:50:00,0.066,1,6,0.10719999999999996,0.03673145790735784
2014-02-23 01:55:00,0.198,1,6,0.11999999999999997,0.05500909015790028
2014-02-23 02:00:00,0.066,2,6,0.11959999999999996,0.055486935399245124
2014-02-23 02:05:00,0.132,2,6,0.11879999999999998,0.055219561751249
2014-02-23 02:10:00,0.132,2,6,0.11879999999999998,0.055219561751249
2014-02-23 02:15:00,0.136,2,6,0.13279999999999995,0.04670331893987839
2014-02-23 02:20:00,0.134,2,6,0.11999999999999997,0.030232432915661977
2014-02-23 02:25:00,0.068,2,6,0.12039999999999995,0.029339393313427633
2014-02-23 02:30:00,0.134,2,6,0.12079999999999998,0.029549957698785326
2014-02-23 02:35:00,0.066,2,6,0.10759999999999996,0.037078295537955906
2014-02-23 02:40:00,0.134,2,6,0.10719999999999996,0.036704223190254286
2014-02-23 02:45:00,0.134,2,6,0.10719999999999996,0.036704223190254286
2014-02-23 02:50:00,0.066,2,6,0.10679999999999996,0.03724513391035131
2014-02-23 02:55:00,0.132,2,6,0.10639999999999997,0.036889022757454565
2014-02-23 03:00:00,0.134,3,6,0.11999999999999997,0.030199337741083028
2014-02-23 03:05:00,0.134,3,6,0.11999999999999997,0.030199337741083028
2014-02-23 03:10:00,0.066,3,6,0.10639999999999997,0.036889022757454565
2014-02-23 03:15:00,0.134,3,6,0.11999999999999997,0.030199337741083028
2014-02-23 03:20:00,0.136,3,6,0.12079999999999998,0.030646370095004757
2014-02-23 03:25:00,0.068,3,6,0.10759999999999996,0.037078295537955906
2014-02-23 03:30:00,0.134,3,6,0.10759999999999996,0.037078295537955906
2014-02-23 03:35:00,1.444,3,6,0.38319999999999993,0.5937080090414816
2014-02-23 03:40:00,0.066,3,6,0.36959999999999993,0.6015702785211384
2014-02-23 03:45:00,0.134,3,6,0.3691999999999999,0.6017650704386223
2014-02-23 03:50:00,0.136,3,6,0.3827999999999999,0.5939740735082635
2014-02-23 03:55:00,0.134,3,6,0.3827999999999999,0.5939740735082635
2014-02-23 04:00:00,0.068,4,6,0.10759999999999996,0.037078295537957266
2014-02-23 04:05:00,0.132,4,6,0.12079999999999998,0.02954995769878699
2014-02-23 04:10:00,0.066,4,6,0.10719999999999996,0.03673145790735922
2014-02-23 04:15:00,0.134,4,6,0.10679999999999996,0.0363483149540677
2014-02-23 04:20:00,0.134,4,6,0.10679999999999996,0.0363483149540677
2014-02-23 04:25:00,0.066,4,6,0.10639999999999997,0.03688902275745593
2014-02-23 04:30:00,0.134,4,6,0.10679999999999996,0.03724513391035266
2014-02-23 04:35:00,0.068,4,6,0.10719999999999996,0.036704223190255666
2014-02-23 04:40:00,0.134,4,6,0.10719999999999996,0.036704223190255666
2014-02-23 04:45:00,0.132,4,6,0.10679999999999996,0.0363483149540677
2014-02-23 04:50:00,0.066,4,6,0.10679999999999996,0.0363483149540677
2014-02-23 04:55:00,0.134,4,6,0.10679999999999996,0.0363483149540677
2014-02-23 05:00:00,0.134,5,6,0.11999999999999997,0.03019933774108466
2014-02-23 05:05:00,0.134,5,6,0.11999999999999997,0.03019933774108466
2014-02-23 05:10:00,0.066,5,6,0.10679999999999996,0.03724513391035266
2014-02-23 05:15:00,0.134,5,6,0.12039999999999998,0.03041052449399879
2014-02-23 05:20:00,0.066,5,6,0.10679999999999996,0.03724513391035266
2014-02-23 05:25:00,0.134,5,6,0.10679999999999996,0.03724513391035266
2014-02-23 05:30:00,0.066,5,6,0.09319999999999996,0.03724513391035268
2014-02-23 05:35:00,0.134,5,6,0.10679999999999996,0.03724513391035266
2014-02-23 05:40:00,0.134,5,6,0.10679999999999996,0.03724513391035266
2014-02-23 05:45:00,0.066,5,6,0.10679999999999996,0.03724513391035266
2014-02-23 05:50:00,0.134,5,6,0.10679999999999996,0.03724513391035266
2014-02-23 05:55:00,0.132,5,6,0.11999999999999997,0.03019933774108466
2014-02-23 06:00:00,0.066,6,6,0.10639999999999997,0.03688902275745594
2014-02-23 06:05:00,0.134,6,6,0.10639999999999997,0.03688902275745594
2014-02-23 06:10:00,0.134,6,6,0.11999999999999997,0.030199337741084662
2014-02-23 06:15:00,0.066,6,6,0.10639999999999997,0.03688902275745594
2014-02-23 06:20:00,0.134,6,6,0.10679999999999996,0.03724513391035267
2014-02-23 06:25:00,0.134,6,6,0.12039999999999998,0.030410524493998795
2014-02-23 06:30:00,0.068,6,6,0.10719999999999996,0.036704223190255666
2014-02-23 06:35:00,0.134,6,6,0.10719999999999996,0.036704223190255666
2014-02-23 06:40:00,0.134,6,6,0.12079999999999998,0.02951609730299893
2014-02-23 06:45:00,0.068,6,6,0.10759999999999996,0.036149688795342375
2014-02-23 06:50:00,0.134,6,6,0.10759999999999996,0.036149688795342375
2014-02-23 06:55:00,0.198,6,6,0.13359999999999997,0.04596520423102784
2014-02-23 07:00:00,0.066,7,6,0.11999999999999997,0.054990908339471
2014-02-23 07:05:00,0.134,7,6,0.11999999999999997,0.054990908339471
2014-02-23 07:10:00,0.066,7,6,0.11959999999999996,0.05546891021103714
2014-02-23 07:15:00,0.134,7,6,0.11959999999999997,0.05546891021103714
2014-02-23 07:20:00,0.066,7,6,0.09319999999999996,0.03724513391035269
2014-02-23 07:25:00,0.134,7,6,0.10679999999999996,0.03724513391035267
2014-02-23 07:30:00,0.066,7,6,0.09319999999999996,0.03724513391035269
2014-02-23 07:35:00,0.134,7,6,0.10679999999999996,0.03724513391035267
2014-02-23 07:40:00,0.134,7,6,0.10679999999999996,0.03724513391035267
2014-02-23 07:45:00,0.066,7,6,0.10679999999999996,0.03724513391035267
2014-02-23 07:50:00,0.132,7,6,0.10639999999999997,0.03688902275745594
2014-02-23 07:55:00,0.134,7,6,0.11999999999999997,0.030199337741084666
2014-02-23 08:00:00,0.134,8,6,0.11999999999999997,0.030199337741084666
2014-02-23 08:05:00,0.134,8,6,0.11999999999999997,0.030199337741084666
2014-02-23 08:10:00,0.066,8,6,0.11999999999999995,0.030199337741084666
2014-02-23 08:15:00,0.134,8,6,0.12039999999999998,0.030410524493998795
2014-02-23 08:20:00,0.136,8,6,0.12079999999999998,0.030646370095006367
2014-02-23 08:25:00,0.066,8,6,0.10719999999999996,0.03761914406256609
2014-02-23 08:30:00,0.132,8,6,0.10679999999999996,0.0372719733848384
2014-02-23 08:35:00,0.066,8,6,0.10679999999999996,0.0372719733848384
2014-02-23 08:40:00,0.132,8,6,0.10639999999999997,0.036916121139687764
2014-02-23 08:45:00,0.134,8,6,0.10599999999999996,0.03652396473550074
2014-02-23 08:50:00,0.068,8,6,0.10639999999999997,0.0359833294735229
2014-02-23 08:55:00,0.132,8,6,0.10639999999999997,0.0359833294735229
2014-02-23 09:00:00,0.134,9,6,0.11999999999999997,0.029086079144499698
2014-02-23 09:05:00,0.066,9,6,0.10679999999999996,0.0363483149540677
2014-02-23 09:10:00,0.134,9,6,0.10679999999999996,0.0363483149540677
2014-02-23 09:15:00,0.134,9,6,0.11999999999999997,0.03019933774108466
2014-02-23 09:20:00,0.134,9,6,0.12039999999999998,0.030410524493998788
2014-02-23 09:25:00,0.066,9,6,0.10679999999999996,0.03724513391035266
2014-02-23 09:30:00,0.134,9,6,0.12039999999999998,0.03041052449399879
2014-02-23 09:35:00,0.068,9,6,0.10719999999999996,0.036704223190255666
2014-02-23 09:40:00,0.134,9,6,0.10719999999999996,0.036704223190255666
2014-02-23 09:45:00,0.134,9,6,0.10719999999999996,0.036704223190255666
2014-02-23 09:50:00,0.066,9,6,0.10719999999999996,0.036704223190255666
2014-02-23 09:55:00,0.132,9,6,0.10679999999999996,0.0363483149540677
2014-02-23 10:00:00,0.134,10,6,0.11999999999999997,0.03019933774108466
2014-02-23 10:05:00,0.066,10,6,0.10639999999999997,0.03688902275745593
2014-02-23 10:10:00,0.132,10,6,0.10599999999999996,0.03652396473550074
2014-02-23 10:15:00,0.134,10,6,0.11959999999999997,0.029979993328886848
2014-02-23 10:20:00,0.066,10,6,0.10639999999999997,0.03688902275745593
2014-02-23 10:25:00,0.132,10,6,0.10599999999999996,0.03652396473550074
2014-02-23 10:30:00,0.132,10,6,0.11919999999999997,0.02975231083462426
2014-02-23 10:35:00,0.136,10,6,0.11999999999999997,0.0302324329156636
2014-02-23 10:40:00,0.068,10,6,0.10679999999999996,0.0363758161420483
2014-02-23 10:45:00,0.134,10,6,0.12039999999999998,0.029339393313429298
2014-02-23 10:50:00,0.134,10,6,0.12079999999999998,0.029549957698786978
2014-02-23 10:55:00,0.132,10,6,0.12079999999999998,0.029549957698786978
2014-02-23 11:00:00,0.068,11,6,0.10719999999999996,0.035793854221082444
2014-02-23 11:05:00,0.132,11,6,0.11999999999999997,0.02908607914449969
2014-02-23 11:10:00,0.132,11,6,0.11959999999999997,0.02885827437668614
2014-02-23 11:15:00,0.134,11,6,0.11959999999999997,0.02885827437668614
2014-02-23 11:20:00,0.066,11,6,0.10639999999999997,0.035983329473522896
2014-02-23 11:25:00,0.134,11,6,0.11959999999999997,0.029979993328886845
2014-02-23 11:30:00,0.2019999999999999,11,6,0.13359999999999994,0.04809157930449045
2014-02-23 11:35:00,0.066,11,6,0.12039999999999992,0.05689288180431798
2014-02-23 11:40:00,0.134,11,6,0.12039999999999992,0.05689288180431798
2014-02-23 11:45:00,0.068,11,6,0.12079999999999994,0.05641985466128121
2014-02-23 11:50:00,0.134,11,6,0.12079999999999994,0.05641985466128121
2014-02-23 11:55:00,0.134,11,6,0.10719999999999996,0.036704223190255666
2014-02-23 12:00:00,0.134,12,6,0.12079999999999998,0.02951609730299891
2014-02-23 12:05:00,0.066,12,6,0.10719999999999996,0.036704223190255666
2014-02-23 12:10:00,0.134,12,6,0.12039999999999998,0.030410524493998777
2014-02-23 12:15:00,0.136,12,6,0.12079999999999998,0.03064637009500635
2014-02-23 12:20:00,0.068,12,6,0.10759999999999996,0.037078295537957266
2014-02-23 12:25:00,0.2019999999999999,12,6,0.12119999999999993,0.056543788341426995
2014-02-23 12:30:00,0.066,12,6,0.12119999999999993,0.056543788341426995
2014-02-23 12:35:00,0.134,12,6,0.12119999999999993,0.056543788341426995
2014-02-23 12:40:00,0.132,12,6,0.12039999999999992,0.05630985704119746
2014-02-23 12:45:00,0.068,12,6,0.12039999999999992,0.05630985704119746
2014-02-23 12:50:00,0.2,12,6,0.11999999999999997,0.055587768438750074
2014-02-23 12:55:00,0.066,12,6,0.11999999999999995,0.055587768438750074
2014-02-23 13:00:00,0.134,13,6,0.11999999999999997,0.055587768438750074
2014-02-23 13:05:00,0.134,13,6,0.12039999999999998,0.055702782695302565
2014-02-23 13:10:00,0.132,13,6,0.13319999999999993,0.047383541446372454
2014-02-23 13:15:00,0.066,13,6,0.10639999999999997,0.03688902275745593
2014-02-23 13:20:00,0.132,13,6,0.11959999999999997,0.029979993328886827
2014-02-23 13:25:00,0.136,13,6,0.11999999999999997,0.03023243291566358
2014-02-23 13:30:00,0.068,13,6,0.10679999999999996,0.036375816142048295
2014-02-23 13:35:00,0.132,13,6,0.10679999999999996,0.036375816142048295
2014-02-23 13:40:00,0.136,13,6,0.12079999999999998,0.029583779339362622
2014-02-23 13:45:00,0.066,13,6,0.10759999999999996,0.03710525569242316
2014-02-23 13:50:00,0.136,13,6,0.10759999999999996,0.03710525569242316
2014-02-23 13:55:00,0.134,13,6,0.12079999999999998,0.030678983033994116
2014-02-23 14:00:00,0.134,14,6,0.12119999999999997,0.03087393722867394
2014-02-23 14:05:00,0.134,14,6,0.12079999999999998,0.03064637009500634
2014-02-23 14:10:00,0.066,14,6,0.12079999999999995,0.030646370095006346
2014-02-23 14:15:00,0.134,14,6,0.12039999999999998,0.03041052449399877
2014-02-23 14:20:00,0.134,14,6,0.12039999999999998,0.03041052449399877
2014-02-23 14:25:00,0.134,14,6,0.12039999999999998,0.03041052449399877
2014-02-23 14:30:00,0.134,14,6,0.12039999999999998,0.03041052449399877
2014-02-23 14:35:00,0.066,14,6,0.12039999999999995,0.030410524493997143
2014-02-23 14:40:00,0.134,14,6,0.12039999999999998,0.030410524493997143
2014-02-23 14:45:00,0.134,14,6,0.12039999999999998,0.030410524493997143
2014-02-23 14:50:00,0.066,14,6,0.10679999999999996,0.0372451339103513
2014-02-23 14:55:00,0.134,14,6,0.10679999999999996,0.0372451339103513
2014-02-23 15:00:00,0.132,15,6,0.11999999999999997,0.030199337741083004
2014-02-23 15:05:00,0.134,15,6,0.11999999999999997,0.030199337741083004
2014-02-23 15:10:00,0.066,15,6,0.10639999999999997,0.03688902275745456
2014-02-23 15:15:00,0.134,15,6,0.11999999999999997,0.030199337741083004
2014-02-23 15:20:00,0.132,15,6,0.11959999999999997,0.029979993328885186
2014-02-23 15:25:00,0.134,15,6,0.11999999999999997,0.030199337741083004
2014-02-23 15:30:00,0.068,15,6,0.10679999999999996,0.03634831495406631
2014-02-23 15:35:00,0.134,15,6,0.12039999999999998,0.029305289624912433
2014-02-23 15:40:00,0.132,15,6,0.11999999999999997,0.029086079144497977
2014-02-23 15:45:00,0.068,15,6,0.10719999999999996,0.035793854221081035
2014-02-23 15:50:00,0.134,15,6,0.10719999999999996,0.035793854221081035
2014-02-23 15:55:00,0.134,15,6,0.12039999999999998,0.029305289624912433
2014-02-23 16:00:00,0.134,16,6,0.12039999999999998,0.029305289624912433
2014-02-23 16:05:00,0.134,16,6,0.12079999999999998,0.02951609730299723
2014-02-23 16:10:00,0.134,16,6,0.134,0.0
2014-02-23 16:15:00,0.066,16,6,0.12039999999999998,0.030410524493997143
2014-02-23 16:20:00,0.134,16,6,0.12039999999999998,0.030410524493997143
2014-02-23 16:25:00,0.134,16,6,0.12039999999999998,0.030410524493997143
2014-02-23 16:30:00,0.066,16,6,0.10679999999999996,0.0372451339103513
2014-02-23 16:35:00,0.134,16,6,0.10679999999999996,0.0372451339103513
2014-02-23 16:40:00,0.134,16,6,0.12039999999999998,0.030410524493997143
2014-02-23 16:45:00,0.134,16,6,0.12039999999999998,0.030410524493997143
2014-02-23 16:50:00,0.068,16,6,0.10719999999999996,0.03670422319025428
2014-02-23 16:55:00,0.132,16,6,0.12039999999999998,0.029305289624912433
2014-02-23 17:00:00,0.134,17,6,0.12039999999999998,0.029305289624912433
2014-02-23 17:05:00,0.134,17,6,0.12039999999999998,0.029305289624912433
2014-02-23 17:10:00,0.068,17,6,0.10719999999999996,0.03579385422108103
2014-02-23 17:15:00,0.134,17,6,0.12039999999999998,0.02930528962491243
2014-02-23 17:20:00,0.132,17,6,0.12039999999999998,0.02930528962491243
2014-02-23 17:25:00,0.066,17,6,0.10679999999999996,0.036348314954066305
2014-02-23 17:30:00,0.134,17,6,0.10679999999999996,0.036348314954066305
2014-02-23 17:35:00,0.134,17,6,0.11999999999999997,0.030199337741083
2014-02-23 17:40:00,0.066,17,6,0.10639999999999997,0.03688902275745456
2014-02-23 17:45:00,0.134,17,6,0.10679999999999996,0.037245133910351294
2014-02-23 17:50:00,0.134,17,6,0.12039999999999998,0.03041052449399714
2014-02-23 17:55:00,0.134,17,6,0.12039999999999998,0.03041052449399714
2014-02-23 18:00:00,0.134,18,6,0.12039999999999998,0.03041052449399714
2014-02-23 18:05:00,0.134,18,6,0.134,0.0
2014-02-23 18:10:00,0.134,18,6,0.134,0.0
2014-02-23 18:15:00,0.066,18,6,0.12039999999999995,0.030410524493997143
2014-02-23 18:20:00,0.132,18,6,0.11999999999999997,0.030199337741083
2014-02-23 18:25:00,0.134,18,6,0.11999999999999997,0.030199337741083
2014-02-23 18:30:00,0.066,18,6,0.10639999999999997,0.03688902275745456
2014-02-23 18:35:00,0.132,18,6,0.10599999999999996,0.03652396473549935
2014-02-23 18:40:00,0.134,18,6,0.11959999999999997,0.02997999332888518
2014-02-23 18:45:00,0.134,18,6,0.11999999999999997,0.030199337741082997
2014-02-23 18:50:00,0.068,18,6,0.10679999999999996,0.036348314954066305
2014-02-23 18:55:00,0.134,18,6,0.12039999999999998,0.029305289624912422
2014-02-23 19:00:00,0.134,19,6,0.12079999999999998,0.029516097302997223
2014-02-23 19:05:00,0.132,19,6,0.12039999999999998,0.029305289624912422
2014-02-23 19:10:00,0.134,19,6,0.12039999999999998,0.029305289624912422
2014-02-23 19:15:00,0.134,19,6,0.13359999999999994,0.0008944271909994235
2014-02-23 19:20:00,0.134,19,6,0.1336,0.0008944271909994235
2014-02-23 19:25:00,0.134,19,6,0.13359999999999994,0.0008944271909994235
2014-02-23 19:30:00,0.134,19,6,0.134,0.0
2014-02-23 19:35:00,0.066,19,6,0.12039999999999995,0.030410524493997143
2014-02-23 19:40:00,0.132,19,6,0.11999999999999997,0.030199337741083
2014-02-23 19:45:00,0.132,19,6,0.11959999999999997,0.029979993328885183
2014-02-23 19:50:00,0.132,19,6,0.11919999999999997,0.02975231083462258
2014-02-23 19:55:00,0.134,19,6,0.11919999999999997,0.02975231083462258
2014-02-23 20:00:00,0.134,20,6,0.13279999999999995,0.00109544511501028
2014-02-23 20:05:00,0.132,20,6,0.13279999999999997,0.00109544511501028
2014-02-23 20:10:00,0.134,20,6,0.13319999999999993,0.00109544511501028
2014-02-23 20:15:00,0.134,20,6,0.1336,0.0008944271909998511
2014-02-23 20:20:00,0.066,20,6,0.11999999999999995,0.030199337741083
2014-02-23 20:25:00,0.134,20,6,0.11999999999999997,0.030199337741083
2014-02-23 20:30:00,0.134,20,6,0.12039999999999998,0.03041052449399714
2014-02-23 20:35:00,0.066,20,6,0.10679999999999996,0.037245133910351294
2014-02-23 20:40:00,0.134,20,6,0.10679999999999996,0.037245133910351294
2014-02-23 20:45:00,0.134,20,6,0.12039999999999998,0.03041052449399714
2014-02-23 20:50:00,0.066,20,6,0.10679999999999996,0.037245133910351294
2014-02-23 20:55:00,0.2,20,6,0.11999999999999997,0.056178287620752554
2014-02-23 21:00:00,0.066,21,6,0.11999999999999995,0.056178287620752554
2014-02-23 21:05:00,0.134,21,6,0.11999999999999997,0.056178287620752554
2014-02-23 21:10:00,0.2,21,6,0.13319999999999996,0.06700149252068942
2014-02-23 21:15:00,0.066,21,6,0.13319999999999999,0.06700149252068942
2014-02-23 21:20:00,0.132,21,6,0.11959999999999997,0.05606068140863077
2014-02-23 21:25:00,0.132,21,6,0.13279999999999995,0.047383541446371434
2014-02-23 21:30:00,0.134,21,6,0.13279999999999997,0.047383541446371434
2014-02-23 21:35:00,0.066,21,6,0.10599999999999996,0.036523964735499334
2014-02-23 21:40:00,0.134,21,6,0.11959999999999997,0.02997999332888517
2014-02-23 21:45:00,0.132,21,6,0.11959999999999997,0.02997999332888517
2014-02-23 21:50:00,0.134,21,6,0.11999999999999997,0.030199337741082986
2014-02-23 21:55:00,0.132,21,6,0.11959999999999997,0.02997999332888517
2014-02-23 22:00:00,0.066,22,6,0.11959999999999996,0.029979993328885176
2014-02-23 22:05:00,0.136,22,6,0.11999999999999997,0.030232432915661942
2014-02-23 22:10:00,0.066,22,6,0.10679999999999996,0.03727197338483703
2014-02-23 22:15:00,0.134,22,6,0.10679999999999996,0.03727197338483703
2014-02-23 22:20:00,0.134,22,6,0.10719999999999996,0.037619144062564745
2014-02-23 22:25:00,0.066,22,6,0.10719999999999996,0.037619144062564745
2014-02-23 22:30:00,0.134,22,6,0.10679999999999996,0.037245133910351294
2014-02-23 22:35:00,0.132,22,6,0.11999999999999997,0.030199337741082993
2014-02-23 22:40:00,0.132,22,6,0.11959999999999997,0.029979993328885176
2014-02-23 22:45:00,0.132,22,6,0.11919999999999997,0.02975231083462257
2014-02-23 22:50:00,0.066,22,6,0.11919999999999994,0.029752310834622566
2014-02-23 22:55:00,0.134,22,6,0.11919999999999997,0.029752310834622566
2014-02-23 23:00:00,0.134,23,6,0.11959999999999997,0.02997999332888517
2014-02-23 23:05:00,0.134,23,6,0.11999999999999997,0.030199337741082986
2014-02-23 23:10:00,0.066,23,6,0.10679999999999996,0.03724513391035128
2014-02-23 23:15:00,0.132,23,6,0.11999999999999997,0.03019933774108299
2014-02-23 23:20:00,0.134,23,6,0.11999999999999997,0.03019933774108299
2014-02-23 23:25:00,0.134,23,6,0.11999999999999997,0.03019933774108299
2014-02-23 23:30:00,0.066,23,6,0.10639999999999997,0.036889022757454544
2014-02-23 23:35:00,0.132,23,6,0.11959999999999997,0.029979993328885172
2014-02-23 23:40:00,0.066,23,6,0.10639999999999997,0.036889022757454544
2014-02-23 23:45:00,0.134,23,6,0.10639999999999997,0.036889022757454544
2014-02-23 23:50:00,0.134,23,6,0.10639999999999997,0.036889022757454544
2014-02-23 23:55:00,0.132,23,6,0.11959999999999997,0.029979993328885172
2014-02-24 00:00:00,0.132,0,0,0.11959999999999997,0.029979993328885172
2014-02-24 00:05:00,0.134,0,0,0.13319999999999993,0.0010954451150100954
2014-02-24 00:10:00,0.066,0,0,0.11959999999999997,0.029979993328885176
2014-02-24 00:15:00,0.134,0,0,0.11959999999999997,0.029979993328885176
2014-02-24 00:20:00,0.132,0,0,0.11959999999999997,0.029979993328885176
2014-02-24 00:25:00,0.068,0,0,0.10679999999999996,0.036348314954066305
2014-02-24 00:30:00,0.134,0,0,0.10679999999999996,0.036348314954066305
2014-02-24 00:35:00,0.132,0,0,0.11999999999999997,0.02908607914449797
2014-02-24 00:40:00,0.134,0,0,0.11999999999999997,0.02908607914449797
2014-02-24 00:45:00,0.066,0,0,0.10679999999999996,0.036348314954066305
2014-02-24 00:50:00,0.132,0,0,0.11959999999999997,0.02997999332888518
2014-02-24 00:55:00,0.134,0,0,0.11959999999999997,0.02997999332888518
2014-02-24 01:00:00,0.134,1,0,0.11999999999999997,0.030199337741082997
2014-02-24 01:05:00,0.132,1,0,0.11959999999999997,0.02997999332888518
2014-02-24 01:10:00,0.066,1,0,0.11959999999999996,0.02997999332888518
2014-02-24 01:15:00,0.132,1,0,0.11959999999999997,0.02997999332888518
2014-02-24 01:20:00,0.066,1,0,0.10599999999999996,0.03652396473549935
2014-02-24 01:25:00,0.134,1,0,0.10599999999999996,0.03652396473549935
2014-02-24 01:30:00,0.132,1,0,0.10599999999999996,0.03652396473549935
2014-02-24 01:35:00,0.068,1,0,0.10639999999999997,0.03598332947352149
2014-02-24 01:40:00,0.132,1,0,0.10639999999999997,0.03598332947352149
2014-02-24 01:45:00,0.132,1,0,0.11959999999999997,0.028858274376684406
2014-02-24 01:50:00,0.066,1,0,0.10599999999999996,0.035608987629529715
2014-02-24 01:55:00,0.134,1,0,0.10639999999999997,0.03598332947352149
2014-02-24 02:00:00,0.134,2,0,0.11959999999999997,0.02997999332888518
2014-02-24 02:05:00,0.132,2,0,0.11959999999999997,0.02997999332888518
2014-02-24 02:10:00,0.134,2,0,0.11999999999999997,0.030199337741082997
2014-02-24 02:15:00,0.134,2,0,0.13359999999999994,0.0008944271909994235
2014-02-24 02:20:00,0.066,2,0,0.11999999999999997,0.030199337741082997
2014-02-24 02:25:00,0.134,2,0,0.11999999999999997,0.030199337741082997
2014-02-24 02:30:00,0.132,2,0,0.11999999999999997,0.030199337741082997
2014-02-24 02:35:00,0.132,2,0,0.11959999999999997,0.02997999332888518
2014-02-24 02:40:00,0.066,2,0,0.10599999999999996,0.03652396473549935
2014-02-24 02:45:00,0.134,2,0,0.11959999999999997,0.02997999332888518
2014-02-24 02:50:00,0.136,2,0,0.11999999999999997,0.030232432915661946
2014-02-24 02:55:00,0.134,2,0,0.12039999999999998,0.030443390087176555
2014-02-24 03:00:00,0.134,3,0,0.12079999999999998,0.030646370095004725
2014-02-24 03:05:00,0.066,3,0,0.12079999999999995,0.03064637009500472
2014-02-24 03:10:00,0.134,3,0,0.12079999999999998,0.03064637009500472
2014-02-24 03:15:00,0.132,3,0,0.11999999999999997,0.030199337741082993
2014-02-24 03:20:00,0.134,3,0,0.11999999999999997,0.030199337741082993
2014-02-24 03:25:00,0.066,3,0,0.10639999999999997,0.03688902275745455
2014-02-24 03:30:00,1.466,3,0,0.38639999999999997,0.6042191655351559
2014-02-24 03:35:00,0.136,3,0,0.3867999999999999,0.6040109270534765
2014-02-24 03:40:00,0.132,3,0,0.3867999999999999,0.6040109270534765
2014-02-24 03:45:00,0.134,3,0,0.3867999999999999,0.6040109270534764
2014-02-24 03:50:00,0.066,3,0,0.3867999999999999,0.6040109270534764
2014-02-24 03:55:00,0.132,3,0,0.11999999999999997,0.030232432915662095
2014-02-24 04:00:00,0.134,4,0,0.11959999999999997,0.02997999332888533
2014-02-24 04:05:00,0.2019999999999999,4,0,0.13359999999999994,0.048091579304489526
2014-02-24 04:10:00,0.13,4,0,0.13279999999999995,0.04811652522782589
2014-02-24 04:15:00,0.134,4,0,0.14639999999999992,0.03112555220393698
2014-02-24 04:20:00,0.068,4,0,0.13359999999999994,0.04742151410488709
2014-02-24 04:25:00,0.134,4,0,0.13359999999999994,0.04742151410488709
2014-02-24 04:30:00,0.134,4,0,0.11999999999999997,0.029120439557122214
2014-02-24 04:35:00,0.068,4,0,0.10759999999999996,0.03614968879534108
2014-02-24 04:40:00,0.134,4,0,0.10759999999999996,0.03614968879534108
2014-02-24 04:45:00,0.134,4,0,0.12079999999999998,0.02951609730299737
2014-02-24 04:50:00,0.134,4,0,0.12079999999999998,0.02951609730299737
2014-02-24 04:55:00,0.132,4,0,0.12039999999999998,0.02930528962491257
2014-02-24 05:00:00,0.132,5,0,0.13319999999999993,0.001095445115014379
2014-02-24 05:05:00,0.134,5,0,0.13319999999999999,0.001095445115014379
2014-02-24 05:10:00,0.132,5,0,0.13279999999999995,0.0010954451150143674
2014-02-24 05:15:00,0.132,5,0,0.1324,0.0008944271910048352
2014-02-24 05:20:00,0.066,5,0,0.11919999999999994,0.0297523108346227
2014-02-24 05:25:00,0.134,5,0,0.11959999999999997,0.029979993328885304
2014-02-24 05:30:00,0.066,5,0,0.10599999999999996,0.036523964735499424
2014-02-24 05:35:00,0.132,5,0,0.10599999999999996,0.036523964735499424
2014-02-24 05:40:00,0.2,5,0,0.11959999999999997,0.05606068140863084
2014-02-24 05:45:00,0.134,5,0,0.13319999999999993,0.04738354144637153
2014-02-24 05:50:00,0.134,5,0,0.13319999999999999,0.04738354144637153
2014-02-24 05:55:00,0.134,5,0,0.14679999999999996,0.029752310834622753
2014-02-24 06:00:00,0.066,6,0,0.13359999999999997,0.047379320383475414
2014-02-24 06:05:00,0.132,6,0,0.11999999999999997,0.030199337741083104
2014-02-24 06:10:00,0.134,6,0,0.11999999999999997,0.030199337741083104
2014-02-24 06:15:00,0.134,6,0,0.11999999999999997,0.030199337741083104
2014-02-24 06:20:00,0.134,6,0,0.11999999999999997,0.030199337741083104
2014-02-24 06:25:00,0.134,6,0,0.13359999999999994,0.0008944271910046478
2014-02-24 06:30:00,0.068,6,0,0.12079999999999998,0.02951609730299733
2014-02-24 06:35:00,0.134,6,0,0.12079999999999998,0.02951609730299733
2014-02-24 06:40:00,0.134,6,0,0.12079999999999998,0.02951609730299733
2014-02-24 06:45:00,0.132,6,0,0.12039999999999998,0.029305289624912537
2014-02-24 06:50:00,0.132,6,0,0.11999999999999997,0.02908607914449808
2014-02-24 06:55:00,0.134,6,0,0.13319999999999993,0.0010954451150144203
2014-02-24 07:00:00,0.134,7,0,0.13319999999999999,0.0010954451150144203
2014-02-24 07:05:00,0.068,7,0,0.11999999999999995,0.029086079144498077
2014-02-24 07:10:00,0.132,7,0,0.11999999999999997,0.029086079144498077
2014-02-24 07:15:00,0.134,7,0,0.12039999999999998,0.029305289624912533
2014-02-24 07:20:00,0.132,7,0,0.11999999999999997,0.029086079144498077
2014-02-24 07:25:00,0.066,7,0,0.10639999999999997,0.03598332947352152
2014-02-24 07:30:00,0.134,7,0,0.11959999999999997,0.02997999332888528
2014-02-24 07:35:00,0.134,7,0,0.11999999999999997,0.030199337741083097
2014-02-24 07:40:00,0.066,7,0,0.10639999999999997,0.03688902275745459
2014-02-24 07:45:00,0.134,7,0,0.10679999999999996,0.03724513391035133
2014-02-24 07:50:00,0.134,7,0,0.12039999999999998,0.030410524493997226
2014-02-24 07:55:00,0.134,7,0,0.12039999999999998,0.030410524493997226
2014-02-24 08:00:00,0.066,8,0,0.10679999999999996,0.03724513391035133
2014-02-24 08:05:00,0.134,8,0,0.12039999999999998,0.030410524493997226
2014-02-24 08:10:00,0.132,8,0,0.11999999999999997,0.030199337741083087
2014-02-24 08:15:00,0.068,8,0,0.10679999999999996,0.03634831495406634
2014-02-24 08:20:00,0.132,8,0,0.10639999999999997,0.03598332947352152
2014-02-24 08:25:00,0.132,8,0,0.11959999999999997,0.02885827437668451
2014-02-24 08:30:00,0.134,8,0,0.11959999999999997,0.02885827437668451
2014-02-24 08:35:00,0.068,8,0,0.10679999999999996,0.03542880184256875
2014-02-24 08:40:00,0.134,8,0,0.11999999999999997,0.029086079144498077
2014-02-24 08:45:00,0.066,8,0,0.10679999999999996,0.03634831495406634
2014-02-24 08:50:00,0.134,8,0,0.10719999999999996,0.03670422319025432
2014-02-24 08:55:00,0.134,8,0,0.10719999999999996,0.03670422319025432
2014-02-24 09:00:00,0.136,9,0,0.12079999999999998,0.030646370095004833
2014-02-24 09:05:00,0.068,9,0,0.10759999999999996,0.03707829553795594
2014-02-24 09:10:00,0.132,9,0,0.12079999999999998,0.0295499576987854
2014-02-24 09:15:00,0.066,9,0,0.10719999999999996,0.03673145790735787
2014-02-24 09:20:00,0.134,9,0,0.10719999999999996,0.03673145790735787
2014-02-24 09:25:00,0.132,9,0,0.10639999999999997,0.03598332947352153
2014-02-24 09:30:00,0.066,9,0,0.10599999999999996,0.03652396473549938
2014-02-24 09:35:00,0.132,9,0,0.10599999999999996,0.03652396473549938
2014-02-24 09:40:00,0.066,9,0,0.10599999999999996,0.03652396473549938
2014-02-24 09:45:00,0.132,9,0,0.10559999999999996,0.036149688795341
2014-02-24 09:50:00,0.134,9,0,0.10599999999999996,0.03652396473549938
2014-02-24 09:55:00,0.134,9,0,0.11959999999999997,0.029979993328885284
2014-02-24 10:00:00,0.134,10,0,0.11999999999999997,0.0301993377410831
2014-02-24 10:05:00,0.066,10,0,0.11999999999999995,0.0301993377410831
2014-02-24 10:10:00,0.136,10,0,0.12079999999999998,0.030646370095004833
2014-02-24 10:15:00,0.134,10,0,0.12079999999999998,0.030646370095004833
2014-02-24 10:20:00,0.068,10,0,0.10759999999999996,0.03707829553795594
2014-02-24 10:25:00,0.132,10,0,0.10719999999999996,0.03673145790735787
2014-02-24 10:30:00,0.132,10,0,0.12039999999999998,0.029339393313427706
2014-02-24 10:35:00,0.066,10,0,0.10639999999999997,0.03598332947352152
2014-02-24 10:40:00,0.134,10,0,0.10639999999999997,0.03598332947352152
2014-02-24 10:45:00,0.066,10,0,0.10599999999999996,0.03652396473549938
2014-02-24 10:50:00,0.134,10,0,0.10639999999999997,0.03688902275745459
2014-02-24 10:55:00,0.132,10,0,0.10639999999999997,0.03688902275745459
2014-02-24 11:00:00,0.132,11,0,0.11959999999999997,0.02997999332888529
2014-02-24 11:05:00,0.068,11,0,0.10639999999999997,0.03598332947352153
2014-02-24 11:10:00,0.132,11,0,0.11959999999999997,0.028858274376684524
2014-02-24 11:15:00,0.134,11,0,0.11959999999999997,0.028858274376684524
2014-02-24 11:20:00,0.068,11,0,0.10679999999999996,0.03542880184256876
2014-02-24 11:25:00,0.134,11,0,0.10719999999999996,0.03579385422108108
2014-02-24 11:30:00,0.134,11,0,0.12039999999999998,0.029305289624912547
2014-02-24 11:35:00,0.066,11,0,0.10719999999999996,0.03670422319025433
2014-02-24 11:40:00,0.132,11,0,0.10679999999999996,0.03634831495406635
2014-02-24 11:45:00,0.134,11,0,0.11999999999999997,0.030199337741083108
2014-02-24 11:50:00,0.066,11,0,0.10639999999999997,0.0368890227574546
2014-02-24 11:55:00,0.134,11,0,0.10639999999999997,0.0368890227574546
2014-02-24 12:00:00,0.134,12,0,0.11999999999999997,0.030199337741083108
2014-02-24 12:05:00,0.132,12,0,0.11999999999999997,0.030199337741083108
2014-02-24 12:10:00,0.132,12,0,0.11959999999999997,0.02997999332888529
2014-02-24 12:15:00,0.136,12,0,0.13359999999999994,0.0016733200530712243
2014-02-24 12:20:00,0.066,12,0,0.11999999999999997,0.030232432915662046
2014-02-24 12:25:00,0.134,12,0,0.11999999999999997,0.030232432915662046
2014-02-24 12:30:00,0.066,12,0,0.10679999999999996,0.03727197338483705
2014-02-24 12:35:00,0.134,12,0,0.10719999999999996,0.03761914406256476
2014-02-24 12:40:00,0.132,12,0,0.10639999999999997,0.03688902275745457
2014-02-24 12:45:00,0.066,12,0,0.10639999999999997,0.03688902275745457
2014-02-24 12:50:00,0.132,12,0,0.10599999999999996,0.03652396473549936
2014-02-24 12:55:00,0.134,12,0,0.11959999999999997,0.029979993328885273
2014-02-24 13:00:00,0.066,13,0,0.10599999999999996,0.03652396473549936
2014-02-24 13:05:00,0.134,13,0,0.10639999999999997,0.03688902275745457
2014-02-24 13:10:00,0.066,13,0,0.10639999999999997,0.03688902275745457
2014-02-24 13:15:00,0.132,13,0,0.10639999999999997,0.03688902275745457
2014-02-24 13:20:00,0.134,13,0,0.10639999999999997,0.03688902275745457
2014-02-24 13:25:00,0.132,13,0,0.11959999999999997,0.029979993328885277
2014-02-24 13:30:00,0.066,13,0,0.10599999999999996,0.03652396473549936
2014-02-24 13:35:00,0.134,13,0,0.11959999999999997,0.029979993328885273
2014-02-24 13:40:00,0.134,13,0,0.11999999999999997,0.030199337741083094
2014-02-24 13:45:00,0.066,13,0,0.10639999999999997,0.03688902275745457
2014-02-24 13:50:00,0.134,13,0,0.10679999999999996,0.037245133910351315
2014-02-24 13:55:00,0.132,13,0,0.11999999999999997,0.030199337741083097
2014-02-24 14:00:00,0.132,14,0,0.11959999999999997,0.02997999332888528
2014-02-24 14:05:00,0.134,14,0,0.11959999999999997,0.02997999332888528
2014-02-24 14:10:00,0.134,14,0,0.13319999999999993,0.0010954451150152788
2014-02-24 14:15:00,0.132,14,0,0.13279999999999997,0.0010954451150152085
2014-02-24 14:20:00,0.134,14,0,0.13319999999999993,0.0010954451150152705
2014-02-24 14:25:00,0.066,14,0,0.11999999999999997,0.030199337741083108
2014-02-24 14:30:00,0.134,14,0,0.11999999999999997,0.030199337741083108
2014-02-24 14:35:00,0.132,14,0,0.11959999999999997,0.02997999332888529
2014-02-24 14:40:00,0.134,14,0,0.11999999999999997,0.030199337741083108
2014-02-24 14:45:00,0.066,14,0,0.10639999999999997,0.036889022757454586
2014-02-24 14:50:00,0.132,14,0,0.11959999999999997,0.02997999332888529
2014-02-24 14:55:00,0.2,14,0,0.13279999999999997,0.04738354144637155
2014-02-24 15:00:00,0.132,15,0,0.13279999999999997,0.04738354144637155
2014-02-24 15:05:00,0.068,15,0,0.11959999999999997,0.055468910211036296
2014-02-24 15:10:00,0.134,15,0,0.13319999999999993,0.04668190227486462
2014-02-24 15:15:00,0.134,15,0,0.1336,0.04667761776269234
2014-02-24 15:20:00,0.132,15,0,0.11999999999999997,0.02908607914449809
2014-02-24 15:25:00,0.132,15,0,0.11999999999999997,0.02908607914449809
2014-02-24 15:30:00,0.066,15,0,0.11959999999999996,0.02997999332888529
2014-02-24 15:35:00,0.132,15,0,0.11919999999999997,0.029752310834622684
2014-02-24 15:40:00,0.132,15,0,0.11879999999999998,0.02951609730299733
2014-02-24 15:45:00,0.132,15,0,0.11879999999999998,0.02951609730299733
2014-02-24 15:50:00,0.134,15,0,0.11919999999999997,0.029752310834622684
2014-02-24 15:55:00,0.134,15,0,0.13279999999999995,0.0010954451150149698
2014-02-24 16:00:00,0.134,16,0,0.13319999999999999,0.0010954451150150203
2014-02-24 16:05:00,0.132,16,0,0.13319999999999993,0.0010954451150150203
2014-02-24 16:10:00,0.134,16,0,0.1336,0.000894427191005719
2014-02-24 16:15:00,0.134,16,0,0.13359999999999994,0.000894427191005719
2014-02-24 16:20:00,0.066,16,0,0.11999999999999997,0.030199337741083097
2014-02-24 16:25:00,0.134,16,0,0.11999999999999997,0.030199337741083097
2014-02-24 16:30:00,0.132,16,0,0.11999999999999997,0.030199337741083097
2014-02-24 16:35:00,0.132,16,0,0.11959999999999997,0.02997999332888528
2014-02-24 16:40:00,0.132,16,0,0.11919999999999997,0.02975231083462267
2014-02-24 16:45:00,0.066,16,0,0.11919999999999994,0.02975231083462267
2014-02-24 16:50:00,0.134,16,0,0.11919999999999997,0.02975231083462267
2014-02-24 16:55:00,0.134,16,0,0.11959999999999997,0.02997999332888528
2014-02-24 17:00:00,0.134,17,0,0.11999999999999997,0.030199337741083097
2014-02-24 17:05:00,0.134,17,0,0.12039999999999998,0.03041052449399724
2014-02-24 17:10:00,0.134,17,0,0.134,0.0
2014-02-24 17:15:00,0.134,17,0,0.134,0.0
2014-02-24 17:20:00,0.132,17,0,0.13359999999999994,0.0008944271909999135
2014-02-24 17:25:00,0.136,17,0,0.13399999999999998,0.0014142135623730937
2014-02-24 17:30:00,0.132,17,0,0.13359999999999994,0.0016733200530681487
2014-02-24 17:35:00,0.134,17,0,0.1336,0.0016733200530681487
2014-02-24 17:40:00,0.066,17,0,0.11999999999999995,0.030232432915661953
2014-02-24 17:45:00,0.134,17,0,0.12039999999999998,0.030443390087176562
2014-02-24 17:50:00,0.134,17,0,0.11999999999999997,0.030199337741083
2014-02-24 17:55:00,0.134,17,0,0.12039999999999998,0.030410524493997143
2014-02-24 18:00:00,0.2,18,0,0.13359999999999997,0.04737932038347533
2014-02-24 18:05:00,0.134,18,0,0.14719999999999997,0.02951609730299724
2014-02-24 18:10:00,0.068,18,0,0.13399999999999998,0.04666904755831215
2014-02-24 18:15:00,0.134,18,0,0.13399999999999995,0.04666904755831215
2014-02-24 18:20:00,0.198,18,0,0.14679999999999999,0.054746689397624775
2014-02-24 18:25:00,0.066,18,0,0.11999999999999997,0.05499090833947009
2014-02-24 18:30:00,0.134,18,0,0.11999999999999997,0.05499090833947009
2014-02-24 18:35:00,0.134,18,0,0.13319999999999993,0.04668190227486452
2014-02-24 18:40:00,0.066,18,0,0.11959999999999997,0.05546891021103625
2014-02-24 18:45:00,0.132,18,0,0.10639999999999997,0.036889022757454565
2014-02-24 18:50:00,0.134,18,0,0.11999999999999997,0.030199337741083014
2014-02-24 18:55:00,0.132,18,0,0.11959999999999997,0.029979993328885197
2014-02-24 19:00:00,0.136,19,0,0.11999999999999997,0.030232432915661963
2014-02-24 19:05:00,0.066,19,0,0.11999999999999995,0.030232432915661963
2014-02-24 19:10:00,0.134,19,0,0.12039999999999998,0.030443390087176572
2014-02-24 19:15:00,0.134,19,0,0.12039999999999998,0.030443390087176572
2014-02-24 19:20:00,0.132,19,0,0.12039999999999998,0.030443390087176572
2014-02-24 19:25:00,0.132,19,0,0.11959999999999997,0.029979993328885197
2014-02-24 19:30:00,0.134,19,0,0.13319999999999993,0.0010954451150105903
2014-02-24 19:35:00,0.136,19,0,0.1336,0.0016733200530683239
2014-02-24 19:40:00,0.134,19,0,0.13359999999999994,0.0016733200530683239
2014-02-24 19:45:00,0.066,19,0,0.12039999999999998,0.030443390087176572
2014-02-24 19:50:00,0.132,19,0,0.12039999999999998,0.030443390087176572
2014-02-24 19:55:00,0.198,19,0,0.13319999999999996,0.04670331893987836
2014-02-24 20:00:00,0.134,20,0,0.13279999999999997,0.04668190227486451
2014-02-24 20:05:00,0.134,20,0,0.13279999999999997,0.04668190227486451
2014-02-24 20:10:00,0.134,20,0,0.14639999999999997,0.02885827437668442
2014-02-24 20:15:00,0.134,20,0,0.14679999999999999,0.028621670111997316
2014-02-24 20:20:00,0.134,20,0,0.134,0.0
2014-02-24 20:25:00,0.066,20,0,0.12039999999999998,0.030410524493997143
2014-02-24 20:30:00,0.132,20,0,0.11999999999999997,0.030199337741083
2014-02-24 20:35:00,0.134,20,0,0.11999999999999997,0.030199337741083
2014-02-24 20:40:00,0.134,20,0,0.11999999999999997,0.030199337741083
2014-02-24 20:45:00,0.132,20,0,0.11959999999999997,0.029979993328885183
2014-02-24 20:50:00,0.132,20,0,0.13279999999999995,0.0010954451150102934
2014-02-24 20:55:00,0.2019999999999999,20,0,0.14679999999999996,0.030873937228672294
2014-02-24 21:00:00,0.132,21,0,0.14639999999999992,0.03109340766143198
2014-02-24 21:05:00,0.066,21,0,0.13279999999999995,0.04809573785690366
2014-02-24 21:10:00,0.132,21,0,0.13279999999999995,0.04809573785690366
2014-02-24 21:15:00,0.134,21,0,0.13319999999999993,0.04809573785690366
2014-02-24 21:20:00,0.132,21,0,0.11919999999999997,0.02975231083462255
2014-02-24 21:25:00,0.132,21,0,0.11919999999999997,0.02975231083462255
2014-02-24 21:30:00,0.134,21,0,0.13279999999999995,0.0010954451150100943
2014-02-24 21:35:00,0.134,21,0,0.13319999999999999,0.001095445115010114
2014-02-24 21:40:00,0.066,21,0,0.11959999999999996,0.029979993328885148
2014-02-24 21:45:00,0.132,21,0,0.11959999999999997,0.029979993328885148
2014-02-24 21:50:00,0.134,21,0,0.11999999999999997,0.03019933774108297
2014-02-24 21:55:00,0.132,21,0,0.11959999999999997,0.029979993328885148
2014-02-24 22:00:00,0.134,22,0,0.11959999999999997,0.029979993328885148
2014-02-24 22:05:00,0.132,22,0,0.13279999999999995,0.0010954451150100872
2014-02-24 22:10:00,0.134,22,0,0.13319999999999999,0.0010954451150101067
2014-02-24 22:15:00,0.132,22,0,0.13279999999999995,0.0010954451150100872
2014-02-24 22:20:00,0.132,22,0,0.13279999999999997,0.0010954451150100872
2014-02-24 22:25:00,0.134,22,0,0.13279999999999995,0.0010954451150100872
2014-02-24 22:30:00,0.134,22,0,0.13319999999999999,0.0010954451150101067
2014-02-24 22:35:00,0.134,22,0,0.13319999999999993,0.0010954451150101067
2014-02-24 22:40:00,0.066,22,0,0.11999999999999997,0.030199337741082972
2014-02-24 22:45:00,0.134,22,0,0.12039999999999998,0.030410524493997115
2014-02-24 22:50:00,0.134,22,0,0.12039999999999998,0.030410524493997115
2014-02-24 22:55:00,0.136,22,0,0.12079999999999998,0.0306463700950047
2014-02-24 23:00:00,0.134,23,0,0.12079999999999998,0.0306463700950047
2014-02-24 23:05:00,0.066,23,0,0.12079999999999995,0.030646370095004708
2014-02-24 23:10:00,0.134,23,0,0.12079999999999998,0.030646370095004708
2014-02-24 23:15:00,0.132,23,0,0.12039999999999998,0.03044339008717654
2014-02-24 23:20:00,0.2,23,0,0.13319999999999996,0.047383541446371434
2014-02-24 23:25:00,0.066,23,0,0.11959999999999997,0.05606068140863076
2014-02-24 23:30:00,0.134,23,0,0.13319999999999993,0.047383541446371434
2014-02-24 23:35:00,0.136,23,0,0.1336,0.04740042193905028
2014-02-24 23:40:00,0.134,23,0,0.13399999999999995,0.04739198244429114
2014-02-24 23:45:00,0.134,23,0,0.12079999999999998,0.030646370095004715
2014-02-24 23:50:00,0.132,23,0,0.13399999999999995,0.0014142135623728244
2014-02-24 23:55:00,0.196,23,0,0.14639999999999997,0.027763285108214394
2014-02-25 00:00:00,0.068,0,1,0.13279999999999997,0.04526809030652827
2014-02-25 00:05:00,0.136,0,1,0.13319999999999993,0.04529017553509811
2014-02-25 00:10:00,0.134,0,1,0.13319999999999999,0.04529017553509811
2014-02-25 00:15:00,0.134,0,1,0.13359999999999994,0.045285759351036604
2014-02-25 00:20:00,0.066,0,1,0.10759999999999996,0.03707829553795588
2014-02-25 00:25:00,0.134,0,1,0.12079999999999998,0.03064637009500471
2014-02-25 00:30:00,0.132,0,1,0.11999999999999997,0.030199337741082983
2014-02-25 00:35:00,0.134,0,1,0.11999999999999997,0.030199337741082983
2014-02-25 00:40:00,0.132,0,1,0.11959999999999997,0.029979993328885166
2014-02-25 00:45:00,0.066,0,1,0.11959999999999996,0.029979993328885172
2014-02-25 00:50:00,0.134,0,1,0.11959999999999997,0.029979993328885172
2014-02-25 00:55:00,0.134,0,1,0.11999999999999997,0.03019933774108299
2014-02-25 01:00:00,0.132,1,1,0.11959999999999997,0.029979993328885172
2014-02-25 01:05:00,0.066,1,1,0.10639999999999997,0.03688902275745455
2014-02-25 01:10:00,0.134,1,1,0.11999999999999997,0.03019933774108299
2014-02-25 01:15:00,0.132,1,1,0.11959999999999997,0.029979993328885172
2014-02-25 01:20:00,0.134,1,1,0.11959999999999997,0.029979993328885172
2014-02-25 01:25:00,0.066,1,1,0.10639999999999997,0.03688902275745455
2014-02-25 01:30:00,0.132,1,1,0.11959999999999997,0.029979993328885172
2014-02-25 01:35:00,0.068,1,1,0.10639999999999997,0.03598332947352148
2014-02-25 01:40:00,0.134,1,1,0.10679999999999996,0.0363483149540663
2014-02-25 01:45:00,0.132,1,1,0.10639999999999997,0.03598332947352148
2014-02-25 01:50:00,0.134,1,1,0.11999999999999997,0.029086079144497963
2014-02-25 01:55:00,0.134,1,1,0.12039999999999998,0.029305289624912415
2014-02-25 02:00:00,0.132,2,1,0.13319999999999993,0.0010954451150097441
2014-02-25 02:05:00,0.068,2,1,0.11999999999999997,0.029086079144497977
2014-02-25 02:10:00,0.134,2,1,0.12039999999999998,0.029305289624912433
2014-02-25 02:15:00,0.134,2,1,0.12039999999999998,0.029305289624912433
2014-02-25 02:20:00,0.066,2,1,0.10679999999999996,0.036348314954066326
2014-02-25 02:25:00,0.134,2,1,0.10719999999999996,0.0367042231902543
2014-02-25 02:30:00,0.134,2,1,0.12039999999999998,0.030410524493997147
2014-02-25 02:35:00,0.136,2,1,0.12079999999999998,0.030646370095004732
2014-02-25 02:40:00,0.066,2,1,0.10719999999999996,0.03761914406256476
2014-02-25 02:45:00,0.134,2,1,0.12079999999999998,0.03064637009500473
2014-02-25 02:50:00,0.132,2,1,0.12039999999999998,0.030443390087176562
2014-02-25 02:55:00,0.132,2,1,0.11999999999999997,0.030232432915661953
2014-02-25 03:00:00,0.134,3,1,0.11959999999999997,0.029979993328885186
2014-02-25 03:05:00,0.134,3,1,0.13319999999999993,0.0010954451150097903
2014-02-25 03:10:00,1.49,3,1,0.4044,0.6068696729941281
2014-02-25 03:15:00,0.134,3,1,0.40479999999999994,0.6066458604490761
2014-02-25 03:20:00,0.134,3,1,0.40519999999999995,0.6064216354979429
2014-02-25 03:25:00,0.134,3,1,0.40519999999999995,0.6064216354979429
2014-02-25 03:30:00,0.134,3,1,0.40519999999999995,0.6064216354979429
2014-02-25 03:35:00,0.132,3,1,0.13359999999999997,0.0008944271909999135
2014-02-25 03:40:00,0.066,3,1,0.11999999999999997,0.030199337741083
2014-02-25 03:45:00,0.132,3,1,0.11959999999999997,0.029979993328885183
2014-02-25 03:50:00,0.134,3,1,0.11959999999999997,0.029979993328885183
2014-02-25 03:55:00,0.2019999999999999,3,1,0.13319999999999993,0.048095737856903666
2014-02-25 04:00:00,0.068,4,1,0.12039999999999992,0.05630985704119658
2014-02-25 04:05:00,0.134,4,1,0.13399999999999995,0.0473919824442911
2014-02-25 04:10:00,0.134,4,1,0.13439999999999994,0.04737932038347528
2014-02-25 04:15:00,0.132,4,1,0.13399999999999995,0.0473919824442911
2014-02-25 04:20:00,0.066,4,1,0.10679999999999996,0.03634831495406629
2014-02-25 04:25:00,0.132,4,1,0.11959999999999997,0.029979993328885176
2014-02-25 04:30:00,0.132,4,1,0.11919999999999997,0.02975231083462257
2014-02-25 04:35:00,0.066,4,1,0.10559999999999996,0.03614968879534096
2014-02-25 04:40:00,0.134,4,1,0.10599999999999996,0.03652396473549934
2014-02-25 04:45:00,0.134,4,1,0.11959999999999997,0.02997999332888517
2014-02-25 04:50:00,0.066,4,1,0.10639999999999997,0.03688902275745455
2014-02-25 04:55:00,0.198,4,1,0.11959999999999997,0.055468910211036226
2014-02-25 05:00:00,0.066,5,1,0.11959999999999996,0.055468910211036226
2014-02-25 05:05:00,0.2,5,1,0.13279999999999997,0.06650714247357195
2014-02-25 05:10:00,0.132,5,1,0.13239999999999996,0.06650413520977473
2014-02-25 05:15:00,0.136,5,1,0.14639999999999997,0.05548693539924509
2014-02-25 05:20:00,0.134,5,1,0.13359999999999997,0.04740042193905028
2014-02-25 05:25:00,0.066,5,1,0.1336,0.04740042193905028
2014-02-25 05:30:00,0.132,5,1,0.11999999999999997,0.030232432915661935
2014-02-25 05:35:00,0.066,5,1,0.10679999999999996,0.03727197338483703
2014-02-25 05:40:00,0.134,5,1,0.10639999999999997,0.03688902275745455
2014-02-25 05:45:00,0.134,5,1,0.10639999999999997,0.03688902275745455
2014-02-25 05:50:00,0.132,5,1,0.11959999999999997,0.02997999332888517
2014-02-25 05:55:00,0.134,5,1,0.11999999999999997,0.030199337741082986
2014-02-25 06:00:00,0.134,6,1,0.13359999999999994,0.0008944271909989991
2014-02-25 06:05:00,0.066,6,1,0.11999999999999997,0.030199337741082986
2014-02-25 06:10:00,0.134,6,1,0.11999999999999997,0.030199337741082986
2014-02-25 06:15:00,0.134,6,1,0.12039999999999998,0.030410524493997126
2014-02-25 06:20:00,0.066,6,1,0.10679999999999996,0.037245133910351294
2014-02-25 06:25:00,0.132,6,1,0.10639999999999997,0.03688902275745455
2014-02-25 06:30:00,0.134,6,1,0.11999999999999997,0.030199337741082986
2014-02-25 06:35:00,0.066,6,1,0.10639999999999997,0.03688902275745455
2014-02-25 06:40:00,0.132,6,1,0.10599999999999996,0.03652396473549934
2014-02-25 06:45:00,0.066,6,1,0.10599999999999996,0.03652396473549934
2014-02-25 06:50:00,0.134,6,1,0.10639999999999997,0.03688902275745455
2014-02-25 06:55:00,0.132,6,1,0.10599999999999996,0.03652396473549934
2014-02-25 07:00:00,0.132,7,1,0.11919999999999997,0.02975231083462256
2014-02-25 07:05:00,0.134,7,1,0.11959999999999997,0.029979993328885166
2014-02-25 07:10:00,0.134,7,1,0.13319999999999993,0.0010954451150094959
2014-02-25 07:15:00,0.066,7,1,0.11959999999999997,0.02997999332888518
2014-02-25 07:20:00,0.134,7,1,0.11999999999999997,0.030199337741082997
2014-02-25 07:25:00,0.066,7,1,0.10679999999999996,0.037245133910351315
2014-02-25 07:30:00,0.134,7,1,0.10679999999999996,0.037245133910351315
2014-02-25 07:35:00,0.134,7,1,0.10679999999999996,0.037245133910351315
2014-02-25 07:40:00,0.066,7,1,0.10679999999999996,0.037245133910351315
2014-02-25 07:45:00,0.132,7,1,0.10639999999999997,0.03688902275745457
2014-02-25 07:50:00,0.132,7,1,0.11959999999999997,0.029979993328885176
2014-02-25 07:55:00,0.134,7,1,0.11959999999999997,0.029979993328885176
2014-02-25 08:00:00,0.066,8,1,0.10599999999999996,0.03652396473549937
2014-02-25 08:05:00,0.134,8,1,0.11959999999999997,0.02997999332888518
2014-02-25 08:10:00,0.134,8,1,0.11999999999999997,0.030199337741082997
2014-02-25 08:15:00,0.066,8,1,0.10679999999999996,0.037245133910351315
2014-02-25 08:20:00,0.134,8,1,0.10679999999999996,0.037245133910351315
2014-02-25 08:25:00,0.134,8,1,0.12039999999999998,0.030410524493997136
2014-02-25 08:30:00,0.066,8,1,0.10679999999999996,0.037245133910351315
2014-02-25 08:35:00,0.134,8,1,0.10679999999999996,0.037245133910351315
2014-02-25 08:40:00,0.132,8,1,0.11999999999999997,0.030199337741082993
2014-02-25 08:45:00,0.134,8,1,0.11999999999999997,0.030199337741082997
2014-02-25 08:50:00,0.134,8,1,0.11999999999999997,0.030199337741082997
2014-02-25 08:55:00,0.132,8,1,0.13319999999999993,0.00109544511500955
2014-02-25 09:00:00,0.066,9,1,0.11959999999999997,0.02997999332888518
2014-02-25 09:05:00,0.134,9,1,0.11999999999999997,0.030199337741082997
2014-02-25 09:10:00,0.066,9,1,0.10639999999999997,0.03688902275745457
2014-02-25 09:15:00,0.134,9,1,0.10639999999999997,0.03688902275745457
2014-02-25 09:20:00,0.132,9,1,0.10639999999999997,0.03688902275745457
2014-02-25 09:25:00,0.066,9,1,0.10639999999999997,0.03688902275745457
2014-02-25 09:30:00,0.134,9,1,0.10639999999999997,0.03688902275745457
2014-02-25 09:35:00,0.066,9,1,0.10639999999999997,0.03688902275745457
2014-02-25 09:40:00,0.134,9,1,0.10639999999999997,0.03688902275745457
2014-02-25 09:45:00,0.134,9,1,0.10679999999999996,0.037245133910351315
2014-02-25 09:50:00,0.066,9,1,0.10679999999999996,0.037245133910351315
2014-02-25 09:55:00,0.132,9,1,0.10639999999999997,0.03688902275745457
2014-02-25 10:00:00,0.134,10,1,0.11999999999999997,0.030199337741082997
2014-02-25 10:05:00,0.134,10,1,0.11999999999999997,0.030199337741082997
2014-02-25 10:10:00,0.066,10,1,0.10639999999999997,0.03688902275745457
2014-02-25 10:15:00,0.134,10,1,0.11999999999999997,0.030199337741082997
2014-02-25 10:20:00,0.132,10,1,0.11999999999999997,0.030199337741082997
2014-02-25 10:25:00,0.068,10,1,0.10679999999999996,0.03634831495406632
2014-02-25 10:30:00,0.134,10,1,0.10679999999999996,0.03634831495406632
2014-02-25 10:35:00,0.134,10,1,0.12039999999999998,0.029305289624912422
2014-02-25 10:40:00,0.066,10,1,0.10679999999999996,0.03634831495406632
2014-02-25 10:45:00,0.134,10,1,0.10719999999999996,0.03670422319025429
2014-02-25 10:50:00,0.134,10,1,0.12039999999999998,0.03041052449399714
2014-02-25 10:55:00,0.134,10,1,0.12039999999999998,0.03041052449399714
2014-02-25 11:00:00,0.066,11,1,0.10679999999999996,0.03724513391035131
2014-02-25 11:05:00,0.134,11,1,0.12039999999999998,0.03041052449399714
2014-02-25 11:10:00,0.132,11,1,0.11999999999999997,0.030199337741082997
2014-02-25 11:15:00,0.066,11,1,0.10639999999999997,0.036889022757454565
2014-02-25 11:20:00,0.134,11,1,0.10639999999999997,0.036889022757454565
2014-02-25 11:25:00,0.134,11,1,0.11999999999999997,0.030199337741082997
2014-02-25 11:30:00,0.066,11,1,0.10639999999999997,0.036889022757454565
2014-02-25 11:35:00,0.134,11,1,0.10679999999999996,0.03724513391035131
2014-02-25 11:40:00,0.066,11,1,0.10679999999999996,0.03724513391035131
2014-02-25 11:45:00,0.132,11,1,0.10639999999999997,0.03688902275745457
2014-02-25 11:50:00,0.132,11,1,0.10599999999999996,0.03652396473549936
2014-02-25 11:55:00,0.134,11,1,0.11959999999999997,0.02997999332888519
2014-02-25 12:00:00,0.134,12,1,0.11959999999999997,0.02997999332888519
2014-02-25 12:05:00,0.134,12,1,0.13319999999999993,0.0010954451150101887
2014-02-25 12:10:00,0.068,12,1,0.12039999999999998,0.029305289624912446
2014-02-25 12:15:00,0.134,12,1,0.12079999999999998,0.029516097302997243
2014-02-25 12:20:00,0.134,12,1,0.12079999999999998,0.029516097302997243
2014-02-25 12:25:00,0.132,12,1,0.12039999999999998,0.029305289624912446
2014-02-25 12:30:00,0.066,12,1,0.10679999999999996,0.03634831495406633
2014-02-25 12:35:00,0.132,12,1,0.11959999999999997,0.029979993328885204
2014-02-25 12:40:00,0.068,12,1,0.10639999999999997,0.035983329473521515
2014-02-25 12:45:00,0.132,12,1,0.10599999999999996,0.03560898762952974
2014-02-25 12:50:00,0.134,12,1,0.10639999999999997,0.035983329473521515
2014-02-25 12:55:00,0.2,12,1,0.13319999999999996,0.04668190227486451
2014-02-25 13:00:00,0.066,13,1,0.11999999999999997,0.0555877684387492
2014-02-25 13:05:00,0.134,13,1,0.13319999999999993,0.04738354144637144
2014-02-25 13:10:00,0.134,13,1,0.1336,0.047379320383475323
2014-02-25 13:15:00,0.132,13,1,0.13319999999999993,0.04738354144637144
2014-02-25 13:20:00,0.134,13,1,0.11999999999999997,0.030199337741083018
2014-02-25 13:25:00,0.066,13,1,0.11999999999999995,0.030199337741083014
2014-02-25 13:30:00,0.134,13,1,0.11999999999999997,0.030199337741083014
2014-02-25 13:35:00,0.132,13,1,0.11959999999999997,0.029979993328885197
2014-02-25 13:40:00,0.134,13,1,0.11999999999999997,0.030199337741083014
2014-02-25 13:45:00,0.066,13,1,0.10639999999999997,0.03688902275745457
2014-02-25 13:50:00,0.132,13,1,0.11959999999999997,0.029979993328885197
2014-02-25 13:55:00,0.134,13,1,0.11959999999999997,0.029979993328885197
2014-02-25 14:00:00,0.134,14,1,0.11999999999999997,0.030199337741083014
2014-02-25 14:05:00,0.066,14,1,0.10639999999999997,0.03688902275745457
2014-02-25 14:10:00,0.136,14,1,0.12039999999999998,0.030443390087176576
2014-02-25 14:15:00,0.066,14,1,0.10719999999999996,0.03761914406256476
2014-02-25 14:20:00,0.198,14,1,0.11999999999999997,0.05560575509783138
2014-02-25 14:25:00,0.066,14,1,0.10639999999999997,0.059504621669245174
2014-02-25 14:30:00,0.132,14,1,0.11959999999999997,0.055486935399245124
2014-02-25 14:35:00,0.132,14,1,0.11879999999999998,0.055219561751248994
2014-02-25 14:40:00,0.134,14,1,0.13239999999999993,0.046677617762692226
2014-02-25 14:45:00,0.132,14,1,0.11919999999999997,0.029752310834622594
2014-02-25 14:50:00,0.066,14,1,0.11919999999999994,0.029752310834622587
2014-02-25 14:55:00,0.2,14,1,0.13279999999999997,0.04738354144637145
2014-02-25 15:00:00,0.066,15,1,0.11959999999999997,0.05606068140863078
2014-02-25 15:05:00,0.134,15,1,0.11959999999999997,0.05606068140863078
2014-02-25 15:10:00,0.132,15,1,0.11959999999999997,0.05606068140863078
2014-02-25 15:15:00,0.066,15,1,0.11959999999999996,0.05606068140863078
2014-02-25 15:20:00,0.2019999999999999,15,1,0.11999999999999993,0.05678027826631353
2014-02-25 15:25:00,0.136,15,1,0.13399999999999995,0.048104053883222746
2014-02-25 15:30:00,0.134,15,1,0.13399999999999995,0.048104053883222746
2014-02-25 15:35:00,0.134,15,1,0.13439999999999994,0.04809157930448945
2014-02-25 15:40:00,0.066,15,1,0.13439999999999994,0.04809157930448945
2014-02-25 15:45:00,0.266,15,1,0.14719999999999994,0.0727681248899544
2014-02-25 15:50:00,0.134,15,1,0.14679999999999996,0.07285053191295175
2014-02-25 15:55:00,0.134,15,1,0.14679999999999996,0.07285053191295175
2014-02-25 16:00:00,0.066,16,1,0.13319999999999996,0.08165292401377922
2014-02-25 16:05:00,0.134,16,1,0.14679999999999999,0.07285053191295175
2014-02-25 16:10:00,0.134,16,1,0.12039999999999998,0.03041052449399716
2014-02-25 16:15:00,0.066,16,1,0.10679999999999996,0.03724513391035132
2014-02-25 16:20:00,0.134,16,1,0.10679999999999996,0.03724513391035132
2014-02-25 16:25:00,0.134,16,1,0.12039999999999998,0.03041052449399716
2014-02-25 16:30:00,0.066,16,1,0.10679999999999996,0.03724513391035132
2014-02-25 16:35:00,0.132,16,1,0.10639999999999997,0.03688902275745458
2014-02-25 16:40:00,0.134,16,1,0.11999999999999997,0.03019933774108302
2014-02-25 16:45:00,0.134,16,1,0.11999999999999997,0.03019933774108302
2014-02-25 16:50:00,0.066,16,1,0.10639999999999997,0.03688902275745458
2014-02-25 16:55:00,0.134,16,1,0.11999999999999997,0.03019933774108302
2014-02-25 17:00:00,0.134,17,1,0.12039999999999998,0.03041052449399716
2014-02-25 17:05:00,0.134,17,1,0.12039999999999998,0.03041052449399716
2014-02-25 17:10:00,0.132,17,1,0.11999999999999997,0.03019933774108302
2014-02-25 17:15:00,0.068,17,1,0.12039999999999995,0.029305289624912453
2014-02-25 17:20:00,0.134,17,1,0.12039999999999998,0.029305289624912453
2014-02-25 17:25:00,0.134,17,1,0.12039999999999998,0.029305289624912453
2014-02-25 17:30:00,0.066,17,1,0.10679999999999996,0.03634831495406633
2014-02-25 17:35:00,0.134,17,1,0.10719999999999996,0.03670422319025431
2014-02-25 17:40:00,0.134,17,1,0.12039999999999998,0.030410524493997164
2014-02-25 17:45:00,0.132,17,1,0.11999999999999997,0.030199337741083025
2014-02-25 17:50:00,0.134,17,1,0.11999999999999997,0.030199337741083025
2014-02-25 17:55:00,0.134,17,1,0.13359999999999994,0.0008944271910002114
2014-02-25 18:00:00,0.134,18,1,0.1336,0.0008944271910002114
2014-02-25 18:05:00,0.134,18,1,0.13359999999999994,0.0008944271910002114
2014-02-25 18:10:00,0.132,18,1,0.1336,0.0008944271910002114
2014-02-25 18:15:00,0.134,18,1,0.13359999999999994,0.0008944271910002114
2014-02-25 18:20:00,0.134,18,1,0.1336,0.0008944271910002114
2014-02-25 18:25:00,0.134,18,1,0.13359999999999994,0.0008944271910002114
2014-02-25 18:30:00,0.134,18,1,0.1336,0.0008944271910002114
2014-02-25 18:35:00,0.066,18,1,0.12039999999999995,0.030410524493997164
2014-02-25 18:40:00,0.134,18,1,0.12039999999999998,0.030410524493997164
2014-02-25 18:45:00,0.132,18,1,0.11999999999999997,0.030199337741083025
2014-02-25 18:50:00,0.132,18,1,0.11959999999999997,0.02997999332888521
2014-02-25 18:55:00,0.134,18,1,0.11959999999999997,0.02997999332888521
2014-02-25 19:00:00,0.068,19,1,0.11999999999999995,0.029086079144498005
2014-02-25 19:05:00,0.134,19,1,0.11999999999999997,0.029086079144498005
2014-02-25 19:10:00,0.134,19,1,0.12039999999999998,0.029305289624912457
2014-02-25 19:15:00,0.136,19,1,0.12119999999999997,0.029752310834622604
2014-02-25 19:20:00,0.134,19,1,0.12119999999999997,0.029752310834622604
2014-02-25 19:25:00,0.132,19,1,0.13399999999999995,0.0014142135623730764
2014-02-25 19:30:00,0.132,19,1,0.1336,0.0016733200530681491
2014-02-25 19:35:00,0.066,19,1,0.11999999999999995,0.030232432915661973
2014-02-25 19:40:00,0.134,19,1,0.11959999999999997,0.02997999332888521
2014-02-25 19:45:00,0.134,19,1,0.11959999999999997,0.02997999332888521
2014-02-25 19:50:00,0.134,19,1,0.11999999999999997,0.030199337741083025
2014-02-25 19:55:00,0.198,19,1,0.13319999999999996,0.04668190227486451
2014-02-25 20:00:00,0.134,20,1,0.14679999999999999,0.028621670111997295
2014-02-25 20:05:00,0.132,20,1,0.14639999999999997,0.028858274376684395
2014-02-25 20:10:00,0.134,20,1,0.14639999999999997,0.028858274376684395
2014-02-25 20:15:00,0.066,20,1,0.13279999999999997,0.04668190227486451
2014-02-25 20:20:00,0.134,20,1,0.11999999999999997,0.03019933774108301
2014-02-25 20:25:00,0.134,20,1,0.11999999999999997,0.03019933774108301
2014-02-25 20:30:00,0.132,20,1,0.11999999999999997,0.03019933774108301
2014-02-25 20:35:00,0.066,20,1,0.10639999999999997,0.03688902275745457
2014-02-25 20:40:00,0.134,20,1,0.11999999999999997,0.03019933774108301
2014-02-25 20:45:00,0.134,20,1,0.11999999999999997,0.03019933774108301
2014-02-25 20:50:00,0.134,20,1,0.11999999999999997,0.03019933774108301
2014-02-25 20:55:00,0.198,20,1,0.13319999999999996,0.04668190227486451
2014-02-25 21:00:00,0.132,21,1,0.14639999999999997,0.028858274376684413
2014-02-25 21:05:00,0.134,21,1,0.14639999999999997,0.028858274376684413
2014-02-25 21:10:00,0.134,21,1,0.14639999999999997,0.028858274376684413
2014-02-25 21:15:00,0.134,21,1,0.14639999999999997,0.028858274376684413
2014-02-25 21:20:00,0.134,21,1,0.13359999999999997,0.0008944271910003932
2014-02-25 21:25:00,0.068,21,1,0.12079999999999998,0.029516097302997254
2014-02-25 21:30:00,0.132,21,1,0.12039999999999998,0.02930528962491246
2014-02-25 21:35:00,0.134,21,1,0.12039999999999998,0.02930528962491246
2014-02-25 21:40:00,0.134,21,1,0.12039999999999998,0.02930528962491246
2014-02-25 21:45:00,0.132,21,1,0.11999999999999997,0.029086079144498005
2014-02-25 21:50:00,0.136,21,1,0.13359999999999994,0.0016733200530684098
2014-02-25 21:55:00,0.134,21,1,0.13399999999999998,0.0014142135623733938
2014-02-25 22:00:00,0.134,22,1,0.13399999999999995,0.0014142135623733938
2014-02-25 22:05:00,0.136,22,1,0.1344,0.0016733200530683991
2014-02-25 22:10:00,0.132,22,1,0.13439999999999994,0.0016733200530683991
2014-02-25 22:15:00,0.066,22,1,0.12039999999999998,0.030443390087176576
2014-02-25 22:20:00,0.134,22,1,0.12039999999999998,0.030443390087176576
2014-02-25 22:25:00,0.132,22,1,0.11999999999999997,0.030232432915661963
2014-02-25 22:30:00,0.066,22,1,0.10599999999999996,0.03652396473549936
2014-02-25 22:35:00,0.134,22,1,0.10639999999999997,0.036889022757454565
2014-02-25 22:40:00,0.134,22,1,0.11999999999999997,0.030199337741083014
2014-02-25 22:45:00,0.134,22,1,0.11999999999999997,0.030199337741083014
2014-02-25 22:50:00,0.134,22,1,0.12039999999999998,0.030410524493997153
2014-02-25 22:55:00,0.134,22,1,0.134,0.0
2014-02-25 23:00:00,0.134,23,1,0.134,0.0
2014-02-25 23:05:00,0.134,23,1,0.134,0.0
2014-02-25 23:10:00,0.066,23,1,0.12039999999999998,0.030410524493997143
2014-02-25 23:15:00,0.132,23,1,0.11999999999999997,0.030199337741083
2014-02-25 23:20:00,0.2019999999999999,23,1,0.13359999999999994,0.048091579304489436
2014-02-25 23:25:00,0.134,23,1,0.13359999999999994,0.048091579304489436
2014-02-25 23:30:00,0.132,23,1,0.13319999999999993,0.048095737856903666
2014-02-25 23:35:00,0.134,23,1,0.14679999999999993,0.030873937228672273
2014-02-25 23:40:00,0.066,23,1,0.13359999999999994,0.048091579304489436
2014-02-25 23:45:00,0.134,23,1,0.11999999999999997,0.030199337741083018
2014-02-25 23:50:00,0.134,23,1,0.11999999999999997,0.030199337741083018
2014-02-25 23:55:00,0.2019999999999999,23,1,0.13399999999999995,0.0480832611206852
2014-02-26 00:00:00,0.066,0,2,0.12039999999999992,0.05689288180431711
2014-02-26 00:05:00,0.2,0,2,0.14719999999999994,0.05641985466128035
2014-02-26 00:10:00,0.134,0,2,0.14719999999999994,0.05641985466128035
2014-02-26 00:15:00,0.066,0,2,0.13359999999999994,0.06750407395113274
2014-02-26 00:20:00,0.132,0,2,0.11959999999999997,0.05606068140863079
2014-02-26 00:25:00,0.134,0,2,0.13319999999999993,0.04738354144637146
2014-02-26 00:30:00,0.134,0,2,0.11999999999999997,0.03019933774108303
2014-02-26 00:35:00,0.136,0,2,0.12039999999999998,0.030443390087176593
2014-02-26 00:40:00,0.134,0,2,0.13399999999999995,0.001414213562373534
2014-02-26 00:45:00,0.132,0,2,0.13399999999999998,0.001414213562373534
2014-02-26 00:50:00,0.068,0,2,0.12079999999999995,0.029549957698785326
2014-02-26 00:55:00,0.134,0,2,0.12079999999999998,0.029549957698785326
2014-02-26 01:00:00,0.134,1,2,0.12039999999999998,0.029305289624912464
2014-02-26 01:05:00,0.134,1,2,0.12039999999999998,0.029305289624912464
2014-02-26 01:10:00,0.134,1,2,0.12079999999999998,0.02951609730299726
2014-02-26 01:15:00,0.066,1,2,0.12039999999999995,0.030410524493997143
2014-02-26 01:20:00,0.134,1,2,0.12039999999999998,0.030410524493997143
2014-02-26 01:25:00,0.134,1,2,0.12039999999999998,0.030410524493997143
2014-02-26 01:30:00,0.134,1,2,0.12039999999999998,0.030410524493997143
2014-02-26 01:35:00,0.134,1,2,0.12039999999999998,0.030410524493997143
2014-02-26 01:40:00,0.132,1,2,0.13359999999999994,0.0008944271909999135
2014-02-26 01:45:00,0.066,1,2,0.11999999999999997,0.030199337741083
2014-02-26 01:50:00,0.132,1,2,0.11959999999999997,0.029979993328885183
2014-02-26 01:55:00,0.132,1,2,0.11919999999999997,0.02975231083462258
2014-02-26 02:00:00,0.134,2,2,0.11919999999999997,0.02975231083462258
2014-02-26 02:05:00,0.066,2,2,0.10599999999999996,0.036523964735499355
2014-02-26 02:10:00,0.134,2,2,0.11959999999999997,0.029979993328885186
2014-02-26 02:15:00,0.134,2,2,0.11999999999999997,0.030199337741083004
2014-02-26 02:20:00,0.134,2,2,0.12039999999999998,0.030410524493997143
2014-02-26 02:25:00,0.066,2,2,0.10679999999999996,0.03724513391035131
2014-02-26 02:30:00,0.2,2,2,0.13359999999999997,0.04737932038347532
2014-02-26 02:35:00,0.066,2,2,0.11999999999999997,0.05617828762075257
2014-02-26 02:40:00,0.134,2,2,0.11999999999999997,0.05617828762075257
2014-02-26 02:45:00,0.134,2,2,0.11999999999999997,0.05617828762075257
2014-02-26 02:50:00,0.132,2,2,0.13319999999999993,0.04738354144637144
2014-02-26 02:55:00,0.134,2,2,0.11999999999999997,0.030199337741083018
2014-02-26 03:00:00,0.134,3,2,0.13359999999999994,0.0008944271909999689
2014-02-26 03:05:00,0.198,3,2,0.14639999999999997,0.028858274376684402
2014-02-26 03:10:00,0.066,3,2,0.13279999999999997,0.04668190227486451
2014-02-26 03:15:00,1.534,3,2,0.41319999999999996,0.6282827389002502
2014-02-26 03:20:00,0.066,3,2,0.3996,0.6365192848610323
2014-02-26 03:25:00,0.134,3,2,0.39959999999999996,0.6365192848610323
2014-02-26 03:30:00,0.132,3,2,0.38639999999999997,0.6424023661226661
2014-02-26 03:35:00,0.132,3,2,0.39959999999999996,0.6348061121318855
2014-02-26 03:40:00,0.134,3,2,0.11959999999999997,0.02997999332888336
2014-02-26 03:45:00,0.132,3,2,0.13279999999999995,0.0010954451149611942
2014-02-26 03:50:00,0.132,3,2,0.1324,0.0008944271909397114
2014-02-26 03:55:00,0.134,3,2,0.13279999999999995,0.0010954451149611942
2014-02-26 04:00:00,0.134,4,2,0.13319999999999999,0.0010954451149612137
2014-02-26 04:05:00,0.136,4,2,0.13359999999999994,0.0016733200530360082
2014-02-26 04:10:00,0.134,4,2,0.13399999999999998,0.001414213562335077
2014-02-26 04:15:00,0.136,4,2,0.13479999999999995,0.0010954451149612925
2014-02-26 04:20:00,0.066,4,2,0.12119999999999997,0.03087393722867058
2014-02-26 04:25:00,0.2,4,2,0.13439999999999996,0.047400421939049156
2014-02-26 04:30:00,0.066,4,2,0.12039999999999998,0.05630985704119565
2014-02-26 04:35:00,0.132,4,2,0.11999999999999997,0.0561960852729075
2014-02-26 04:40:00,0.136,4,2,0.11999999999999997,0.0561960852729075
2014-02-26 04:45:00,0.132,4,2,0.13319999999999993,0.047404641122994404
2014-02-26 04:50:00,0.132,4,2,0.11959999999999997,0.030013330371684688
2014-02-26 04:55:00,0.132,4,2,0.13279999999999995,0.0017888543819696333
2014-02-26 05:00:00,0.132,5,2,0.13279999999999997,0.0017888543819696333
2014-02-26 05:05:00,0.134,5,2,0.13239999999999993,0.0008944271909999135
2014-02-26 05:10:00,0.134,5,2,0.13279999999999997,0.0010954451150103311
2014-02-26 05:15:00,0.134,5,2,0.13319999999999993,0.0010954451150103311
2014-02-26 05:20:00,0.134,5,2,0.1336,0.0008944271909999136
2014-02-26 05:25:00,0.132,5,2,0.13359999999999994,0.0008944271909999135
2014-02-26 05:30:00,0.134,5,2,0.1336,0.0008944271909999135
2014-02-26 05:35:00,0.132,5,2,0.13319999999999993,0.0010954451150103311
2014-02-26 05:40:00,0.132,5,2,0.13279999999999997,0.0010954451150103311
2014-02-26 05:45:00,0.2019999999999999,5,2,0.14639999999999992,0.031093407661431986
2014-02-26 05:50:00,0.134,5,2,0.14679999999999993,0.0308739372286723
2014-02-26 05:55:00,0.132,5,2,0.14639999999999992,0.031093407661431986
2014-02-26 06:00:00,0.132,6,2,0.14639999999999992,0.031093407661431986
2014-02-26 06:05:00,0.134,6,2,0.14679999999999993,0.0308739372286723
2014-02-26 06:10:00,0.134,6,2,0.13319999999999996,0.0010954451150104417
2014-02-26 06:15:00,0.134,6,2,0.13319999999999996,0.0010954451150104417
2014-02-26 06:20:00,0.2,6,2,0.14679999999999996,0.02975231083462258
2014-02-26 06:25:00,0.066,6,2,0.13359999999999997,0.04737932038347533
2014-02-26 06:30:00,0.134,6,2,0.13359999999999997,0.04737932038347533
2014-02-26 06:35:00,0.132,6,2,0.13319999999999996,0.04738354144637145
2014-02-26 06:40:00,0.066,6,2,0.11959999999999997,0.05606068140863079
2014-02-26 06:45:00,0.134,6,2,0.10639999999999997,0.0368890227574546
2014-02-26 06:50:00,0.134,6,2,0.11999999999999997,0.030199337741083025
2014-02-26 06:55:00,0.2019999999999999,6,2,0.13359999999999994,0.048091579304489436
2014-02-26 07:00:00,0.132,7,2,0.13359999999999994,0.048091579304489436
2014-02-26 07:05:00,0.134,7,2,0.14719999999999994,0.030646370095004663
2014-02-26 07:10:00,0.134,7,2,0.14719999999999994,0.030646370095004663
2014-02-26 07:15:00,0.134,7,2,0.14719999999999994,0.030646370095004663
2014-02-26 07:20:00,0.134,7,2,0.13359999999999997,0.0008944271910002078
2014-02-26 07:25:00,0.134,7,2,0.134,6.901812470012047e-10
2014-02-26 07:30:00,0.068,7,2,0.12079999999999998,0.029516097302997257
2014-02-26 07:35:00,0.132,7,2,0.12039999999999998,0.02930528962491246
2014-02-26 07:40:00,0.132,7,2,0.11999999999999997,0.029086079144498008
2014-02-26 07:45:00,0.132,7,2,0.11959999999999997,0.028858274376684447
2014-02-26 07:50:00,0.2019999999999999,7,2,0.13319999999999993,0.047404641122995514
2014-02-26 07:55:00,0.132,7,2,0.14599999999999994,0.03130495168499701
2014-02-26 08:00:00,0.134,8,2,0.14639999999999992,0.031093407661431982
2014-02-26 08:05:00,0.134,8,2,0.14679999999999993,0.030873937228672294
2014-02-26 08:10:00,0.132,8,2,0.14679999999999993,0.030873937228672294
2014-02-26 08:15:00,0.132,8,2,0.13279999999999997,0.001095445115010695
2014-02-26 08:20:00,0.132,8,2,0.13279999999999997,0.001095445115010695
2014-02-26 08:25:00,0.132,8,2,0.13239999999999996,0.0008944271910003714
2014-02-26 08:30:00,0.134,8,2,0.13239999999999996,0.0008944271910003714
2014-02-26 08:35:00,0.134,8,2,0.13279999999999997,0.0010954451150107047
2014-02-26 08:40:00,0.134,8,2,0.13319999999999996,0.0010954451150107047
2014-02-26 08:45:00,0.134,8,2,0.13359999999999997,0.0008944271910003714
2014-02-26 08:50:00,0.132,8,2,0.13359999999999997,0.0008944271910003714
2014-02-26 08:55:00,0.2019999999999999,8,2,0.14719999999999994,0.03064637009500469
2014-02-26 09:00:00,0.132,9,2,0.14679999999999996,0.030873937228672304
2014-02-26 09:05:00,0.134,9,2,0.14679999999999996,0.030873937228672304
2014-02-26 09:10:00,0.134,9,2,0.14679999999999996,0.030873937228672304
2014-02-26 09:15:00,0.132,9,2,0.14679999999999996,0.030873937228672304
2014-02-26 09:20:00,0.068,9,2,0.11999999999999995,0.029086079144497984
2014-02-26 09:25:00,0.134,9,2,0.12039999999999998,0.02930528962491244
2014-02-26 09:30:00,0.132,9,2,0.11999999999999997,0.029086079144497984
2014-02-26 09:35:00,0.198,9,2,0.13279999999999997,0.0459695551425071
2014-02-26 09:40:00,0.134,9,2,0.13319999999999996,0.0459695551425071
2014-02-26 09:45:00,0.134,9,2,0.14639999999999997,0.02885827437668442
2014-02-26 09:50:00,0.134,9,2,0.14639999999999997,0.02885827437668442
2014-02-26 09:55:00,0.132,9,2,0.14639999999999997,0.02885827437668442
2014-02-26 10:00:00,0.198,10,2,0.14639999999999995,0.02885827437668442
2014-02-26 10:05:00,0.132,10,2,0.14599999999999996,0.029086079144497984
2014-02-26 10:10:00,0.066,10,2,0.13239999999999996,0.046677617762692226
2014-02-26 10:15:00,0.132,10,2,0.13199999999999995,0.04666904755831215
2014-02-26 10:20:00,0.134,10,2,0.13239999999999996,0.046677617762692226
2014-02-26 10:25:00,0.132,10,2,0.11919999999999997,0.0297523108346226
2014-02-26 10:30:00,0.066,10,2,0.10599999999999996,0.03652396473549937
2014-02-26 10:35:00,0.132,10,2,0.11919999999999997,0.0297523108346226
2014-02-26 10:40:00,0.132,10,2,0.11919999999999997,0.0297523108346226
2014-02-26 10:45:00,0.132,10,2,0.11879999999999998,0.029516097302997247
2014-02-26 10:50:00,0.134,10,2,0.11919999999999997,0.0297523108346226
2014-02-26 10:55:00,0.132,10,2,0.13239999999999993,0.0008944271910005177
2014-02-26 11:00:00,0.2019999999999999,11,2,0.14639999999999995,0.031093407661432003
2014-02-26 11:05:00,0.066,11,2,0.13319999999999993,0.04809573785690368
2014-02-26 11:10:00,0.134,11,2,0.13359999999999994,0.04809157930448945
2014-02-26 11:15:00,0.134,11,2,0.13359999999999994,0.04809157930448945
2014-02-26 11:20:00,0.066,11,2,0.12039999999999995,0.05689288180431712
2014-02-26 11:25:00,0.132,11,2,0.10639999999999997,0.0368890227574546
2014-02-26 11:30:00,0.134,11,2,0.11999999999999997,0.030199337741083042
2014-02-26 11:35:00,0.134,11,2,0.11999999999999997,0.030199337741083042
2014-02-26 11:40:00,0.066,11,2,0.10639999999999997,0.0368890227574546
2014-02-26 11:45:00,0.198,11,2,0.13279999999999997,0.04668190227486453
2014-02-26 11:50:00,0.134,11,2,0.13319999999999996,0.04668190227486453
2014-02-26 11:55:00,0.134,11,2,0.13319999999999996,0.04668190227486453
2014-02-26 12:00:00,0.2,12,2,0.14639999999999995,0.05546891021103624
2014-02-26 12:05:00,0.066,12,2,0.14639999999999995,0.05546891021103624
2014-02-26 12:10:00,0.132,12,2,0.13319999999999996,0.04738354144637146
2014-02-26 12:15:00,0.134,12,2,0.13319999999999996,0.04738354144637146
2014-02-26 12:20:00,0.066,12,2,0.11959999999999997,0.056060681408630804
2014-02-26 12:25:00,0.134,12,2,0.10639999999999997,0.03688902275745461
2014-02-26 12:30:00,0.132,12,2,0.11959999999999997,0.02997999332888523
2014-02-26 12:35:00,0.134,12,2,0.11999999999999997,0.030199337741083045
2014-02-26 12:40:00,0.134,12,2,0.11999999999999997,0.030199337741083045
2014-02-26 12:45:00,0.132,12,2,0.13319999999999993,0.0010954451150109357
2014-02-26 12:50:00,0.136,12,2,0.1336,0.001673320053068533
2014-02-26 12:55:00,0.134,12,2,0.13399999999999995,0.0014142135623735307
2014-02-26 13:00:00,0.134,13,2,0.13399999999999998,0.0014142135623735307
2014-02-26 13:05:00,0.134,13,2,0.13399999999999995,0.0014142135623735307
2014-02-26 13:10:00,0.134,13,2,0.1344,0.0008944271910005742
2014-02-26 13:15:00,0.132,13,2,0.13359999999999994,0.0008944271910006224
2014-02-26 13:20:00,0.132,13,2,0.13319999999999999,0.0010954451150109279
2014-02-26 13:25:00,0.132,13,2,0.13279999999999995,0.0010954451150109474
2014-02-26 13:30:00,0.066,13,2,0.11919999999999997,0.02975231083462263
2014-02-26 13:35:00,0.132,13,2,0.11879999999999998,0.029516097302997278
2014-02-26 13:40:00,0.132,13,2,0.11879999999999998,0.029516097302997278
2014-02-26 13:45:00,0.066,13,2,0.10559999999999996,0.036149688795341035
2014-02-26 13:50:00,0.134,13,2,0.10599999999999996,0.03652396473549942
2014-02-26 13:55:00,0.134,13,2,0.11959999999999997,0.02997999332888524
2014-02-26 14:00:00,0.132,14,2,0.11959999999999997,0.02997999332888524
2014-02-26 14:05:00,0.134,14,2,0.11999999999999997,0.030199337741083052
2014-02-26 14:10:00,0.066,14,2,0.11999999999999995,0.030199337741083052
2014-02-26 14:15:00,0.134,14,2,0.11999999999999997,0.030199337741083052
2014-02-26 14:20:00,0.132,14,2,0.11959999999999997,0.02997999332888524
2014-02-26 14:25:00,0.2019999999999999,14,2,0.13359999999999994,0.04809157930448946
2014-02-26 14:30:00,0.134,14,2,0.13359999999999994,0.04809157930448946
2014-02-26 14:35:00,0.132,14,2,0.14679999999999993,0.030873937228672307
2014-02-26 14:40:00,0.066,14,2,0.13319999999999993,0.048095737856903686
2014-02-26 14:45:00,0.2019999999999999,14,2,0.14719999999999994,0.057019294979857436
2014-02-26 14:50:00,0.066,14,2,0.11999999999999993,0.056780278266313544
2014-02-26 14:55:00,0.2,14,2,0.13319999999999993,0.06750703667026126
2014-02-26 15:00:00,0.132,15,2,0.13319999999999993,0.06750703667026126
2014-02-26 15:05:00,0.068,15,2,0.13359999999999994,0.06701343148951558
2014-02-26 15:10:00,0.136,15,2,0.12039999999999998,0.05572073222778037
2014-02-26 15:15:00,0.134,15,2,0.13399999999999995,0.04669047011971502
2014-02-26 15:20:00,0.132,15,2,0.12039999999999998,0.029339393313427633
2014-02-26 15:25:00,0.134,15,2,0.12079999999999998,0.029549957698785326
2014-02-26 15:30:00,0.132,15,2,0.13359999999999994,0.0016733200530683738
2014-02-26 15:35:00,0.134,15,2,0.13319999999999999,0.0010954451150106924
2014-02-26 15:40:00,0.134,15,2,0.13319999999999993,0.0010954451150106924
2014-02-26 15:45:00,0.066,15,2,0.11999999999999997,0.03019933774108304
2014-02-26 15:50:00,0.134,15,2,0.11999999999999997,0.03019933774108304
2014-02-26 15:55:00,0.2,15,2,0.13359999999999997,0.04737932038347533
2014-02-26 16:00:00,0.134,16,2,0.13359999999999997,0.04737932038347533
2014-02-26 16:05:00,0.132,16,2,0.13319999999999996,0.04738354144637145
2014-02-26 16:10:00,0.066,16,2,0.13319999999999999,0.04738354144637145
2014-02-26 16:15:00,0.134,16,2,0.13319999999999993,0.04738354144637145
2014-02-26 16:20:00,0.134,16,2,0.11999999999999997,0.030199337741083025
2014-02-26 16:25:00,0.132,16,2,0.11959999999999997,0.02997999332888521
2014-02-26 16:30:00,0.134,16,2,0.11999999999999997,0.030199337741083025
2014-02-26 16:35:00,0.132,16,2,0.13319999999999993,0.0010954451150105855
2014-02-26 16:40:00,0.134,16,2,0.13319999999999999,0.0010954451150105855
2014-02-26 16:45:00,0.134,16,2,0.13319999999999993,0.0010954451150105855
2014-02-26 16:50:00,0.132,16,2,0.13319999999999999,0.0010954451150105855
2014-02-26 16:55:00,0.134,16,2,0.13319999999999993,0.0010954451150105855
2014-02-26 17:00:00,0.066,17,2,0.11999999999999997,0.030199337741083035
2014-02-26 17:05:00,0.132,17,2,0.11959999999999997,0.029979993328885218
2014-02-26 17:10:00,0.134,17,2,0.11959999999999997,0.029979993328885218
2014-02-26 17:15:00,0.134,17,2,0.11999999999999997,0.030199337741083035
2014-02-26 17:20:00,0.066,17,2,0.10639999999999997,0.0368890227574546
2014-02-26 17:25:00,0.134,17,2,0.11999999999999997,0.03019933774108303
2014-02-26 17:30:00,0.132,17,2,0.11999999999999997,0.03019933774108303
2014-02-26 17:35:00,0.066,17,2,0.10639999999999997,0.0368890227574546
2014-02-26 17:40:00,0.132,17,2,0.10599999999999996,0.0365239647354994
2014-02-26 17:45:00,0.134,17,2,0.11959999999999997,0.029979993328885214
2014-02-26 17:50:00,0.134,17,2,0.11959999999999997,0.029979993328885214
2014-02-26 17:55:00,0.134,17,2,0.11999999999999997,0.03019933774108303
2014-02-26 18:00:00,0.134,18,2,0.13359999999999994,0.0008944271910001472
2014-02-26 18:05:00,0.068,18,2,0.12079999999999998,0.029516097302997254
2014-02-26 18:10:00,0.132,18,2,0.12039999999999998,0.02930528962491246
2014-02-26 18:15:00,0.132,18,2,0.11999999999999997,0.029086079144498005
2014-02-26 18:20:00,0.066,18,2,0.10639999999999997,0.03598332947352152
2014-02-26 18:25:00,0.132,18,2,0.10599999999999996,0.03560898762952975
2014-02-26 18:30:00,0.132,18,2,0.11879999999999998,0.029516097302997254
2014-02-26 18:35:00,0.068,18,2,0.10599999999999996,0.03560898762952975
2014-02-26 18:40:00,0.134,18,2,0.10639999999999997,0.03598332947352152
2014-02-26 18:45:00,0.134,18,2,0.11999999999999997,0.029086079144498005
2014-02-26 18:50:00,0.134,18,2,0.12039999999999998,0.029305289624912457
2014-02-26 18:55:00,0.134,18,2,0.12079999999999998,0.029516097302997254
2014-02-26 19:00:00,0.066,19,2,0.12039999999999995,0.030410524493997143
2014-02-26 19:05:00,0.132,19,2,0.11999999999999997,0.030199337741083
2014-02-26 19:10:00,0.134,19,2,0.11999999999999997,0.030199337741083
2014-02-26 19:15:00,0.134,19,2,0.11999999999999997,0.030199337741083
2014-02-26 19:20:00,0.134,19,2,0.11999999999999997,0.030199337741083
2014-02-26 19:25:00,0.132,19,2,0.13319999999999993,0.0010954451150103294
2014-02-26 19:30:00,0.132,19,2,0.13319999999999999,0.0010954451150103294
2014-02-26 19:35:00,0.066,19,2,0.11959999999999996,0.029979993328885186
2014-02-26 19:40:00,0.134,19,2,0.11959999999999997,0.029979993328885186
2014-02-26 19:45:00,0.134,19,2,0.11959999999999997,0.029979993328885186
2014-02-26 19:50:00,0.134,19,2,0.11999999999999997,0.030199337741083004
2014-02-26 19:55:00,0.134,19,2,0.12039999999999998,0.030410524493997143
2014-02-26 20:00:00,0.134,20,2,0.134,0.0
2014-02-26 20:05:00,0.134,20,2,0.134,0.0
2014-02-26 20:10:00,0.066,20,2,0.12039999999999995,0.030410524493997143
2014-02-26 20:15:00,0.134,20,2,0.12039999999999998,0.030410524493997143
2014-02-26 20:20:00,0.136,20,2,0.12079999999999998,0.03064637009500473
2014-02-26 20:25:00,0.136,20,2,0.12119999999999997,0.030873937228672346
2014-02-26 20:30:00,0.134,20,2,0.12119999999999997,0.030873937228672346
2014-02-26 20:35:00,0.068,20,2,0.12159999999999996,0.029979993328885186
2014-02-26 20:40:00,0.134,20,2,0.12159999999999997,0.029979993328885186
2014-02-26 20:45:00,0.136,20,2,0.12159999999999997,0.029979993328885186
2014-02-26 20:50:00,0.134,20,2,0.12119999999999997,0.029752310834622583
2014-02-26 20:55:00,0.134,20,2,0.12119999999999997,0.029752310834622583
2014-02-26 21:00:00,0.266,21,2,0.16079999999999997,0.05881496408228097
2014-02-26 21:05:00,0.198,21,2,0.17359999999999998,0.05848760552458958
2014-02-26 21:10:00,0.264,21,2,0.19919999999999996,0.06550725150698969
2014-02-26 21:15:00,0.2,21,2,0.21239999999999998,0.0548707572391707
2014-02-26 21:20:00,0.134,21,2,0.21239999999999998,0.0548707572391707
2014-02-26 21:25:00,0.066,21,2,0.17239999999999994,0.07517180322434736
2014-02-26 21:30:00,0.134,21,2,0.15959999999999996,0.07517180322434734
2014-02-26 21:35:00,0.132,21,2,0.13319999999999996,0.047383541446371386
2014-02-26 21:40:00,0.134,21,2,0.11999999999999997,0.030199337741082886
2014-02-26 21:45:00,0.066,21,2,0.10639999999999997,0.03688902275745443
2014-02-26 21:50:00,0.134,21,2,0.11999999999999997,0.030199337741082886
2014-02-26 21:55:00,0.132,21,2,0.11959999999999997,0.029979993328885065
2014-02-26 22:00:00,0.132,22,2,0.11959999999999997,0.029979993328885065
2014-02-26 22:05:00,2.344,22,2,0.5616,0.996810312948256
2014-02-26 22:10:00,0.134,22,2,0.5751999999999999,0.9887897653192007
2014-02-26 22:15:00,0.066,22,2,0.5616,0.996810312948256
2014-02-26 22:20:00,0.134,22,2,0.562,0.9965952036810131
2014-02-26 22:25:00,0.066,22,2,0.5488,1.0041231000230997
2014-02-26 22:30:00,0.132,22,2,0.10640000000000001,0.0368890227574567
2014-02-26 22:35:00,0.134,22,2,0.10640000000000001,0.0368890227574567
2014-02-26 22:40:00,0.132,22,2,0.11960000000000001,0.02997999332888789
2014-02-26 22:45:00,0.132,22,2,0.11920000000000001,0.029752310834625303
2014-02-26 22:50:00,0.134,22,2,0.13279999999999997,0.0010954451150859339
2014-02-26 22:55:00,0.134,22,2,0.13320000000000004,0.0010954451150859846
2014-02-26 23:00:00,0.132,23,2,0.13279999999999997,0.0010954451150859339
2014-02-26 23:05:00,0.134,23,2,0.13320000000000004,0.0010954451150859846
2014-02-26 23:10:00,0.066,23,2,0.12,0.030199337741085686
2014-02-26 23:15:00,0.3279999999999999,23,2,0.1588,0.09898080622019687
2014-02-26 23:20:00,0.132,23,2,0.15839999999999999,0.0991100398546997
2014-02-26 23:25:00,0.066,23,2,0.1452,0.10754161985017781
2014-02-26 23:30:00,0.134,23,2,0.1452,0.10754161985017781
2014-02-26 23:35:00,0.134,23,2,0.15879999999999997,0.09898080622019685
2014-02-26 23:40:00,0.132,23,2,0.11960000000000001,0.02997999332888784
2014-02-26 23:45:00,0.066,23,2,0.10640000000000001,0.036889022757456674
2014-02-26 23:50:00,0.134,23,2,0.12000000000000002,0.03019933774108564
2014-02-26 23:55:00,0.136,23,2,0.12040000000000002,0.03044339008717918
2014-02-27 00:00:00,0.132,0,3,0.12000000000000002,0.030232432915664586
2014-02-27 00:05:00,0.134,0,3,0.12040000000000002,0.03044339008717918
2014-02-27 00:10:00,0.066,0,3,0.1204,0.030443390087179185
2014-02-27 00:15:00,0.132,0,3,0.12000000000000002,0.03023243291566459
2014-02-27 00:20:00,0.066,0,3,0.10600000000000001,0.0365239647355015
2014-02-27 00:25:00,0.134,0,3,0.10640000000000001,0.03688902275745668
2014-02-27 00:30:00,0.132,0,3,0.10600000000000001,0.0365239647355015
2014-02-27 00:35:00,0.066,0,3,0.10600000000000001,0.0365239647355015
2014-02-27 00:40:00,0.132,0,3,0.10600000000000001,0.0365239647355015
2014-02-27 00:45:00,0.134,0,3,0.11960000000000001,0.029979993328887847
2014-02-27 00:50:00,0.066,0,3,0.10600000000000001,0.0365239647355015
2014-02-27 00:55:00,0.134,0,3,0.10640000000000001,0.03688902275745668
2014-02-27 01:00:00,0.132,1,3,0.11960000000000001,0.029979993328887844
2014-02-27 01:05:00,0.134,1,3,0.12000000000000002,0.03019933774108564
2014-02-27 01:10:00,0.066,1,3,0.10640000000000001,0.03688902275745668
2014-02-27 01:15:00,0.134,1,3,0.12000000000000002,0.03019933774108564
2014-02-27 01:20:00,0.134,1,3,0.12000000000000002,0.03019933774108564
2014-02-27 01:25:00,0.134,1,3,0.12040000000000002,0.030410524493999766
2014-02-27 01:30:00,0.068,1,3,0.1072,0.03670422319025642
2014-02-27 01:35:00,0.134,1,3,0.12080000000000002,0.02951609730299993
2014-02-27 01:40:00,0.134,1,3,0.12080000000000002,0.02951609730299993
2014-02-27 01:45:00,0.066,1,3,0.1072,0.03670422319025642
2014-02-27 01:50:00,0.134,1,3,0.1072,0.03670422319025642
2014-02-27 01:55:00,0.134,1,3,0.12040000000000002,0.030410524493999766
2014-02-27 02:00:00,0.134,2,3,0.12040000000000002,0.030410524493999766
2014-02-27 02:05:00,0.068,2,3,0.1072,0.03670422319025642
2014-02-27 02:10:00,0.134,2,3,0.12080000000000002,0.02951609730299993
2014-02-27 02:15:00,0.198,2,3,0.1336,0.04596520423102852
2014-02-27 02:20:00,0.066,2,3,0.12000000000000002,0.05499090833947153
2014-02-27 02:25:00,0.134,2,3,0.12000000000000002,0.05499090833947153
2014-02-27 02:30:00,0.066,2,3,0.1196,0.05546891021103768
2014-02-27 02:35:00,0.134,2,3,0.11960000000000001,0.05546891021103768
2014-02-27 02:40:00,0.134,2,3,0.1068,0.03724513391035341
2014-02-27 02:45:00,0.066,2,3,0.1068,0.03724513391035341
2014-02-27 02:50:00,0.132,2,3,0.10640000000000001,0.03688902275745669
2014-02-27 02:55:00,0.132,2,3,0.11960000000000001,0.029979993328887847
2014-02-27 03:00:00,0.134,3,3,0.11960000000000001,0.029979993328887847
2014-02-27 03:05:00,0.136,3,3,0.12000000000000002,0.030232432915664593
2014-02-27 03:10:00,0.134,3,3,0.1336,0.0016733200531165687
2014-02-27 03:15:00,0.068,3,3,0.12080000000000002,0.029549957698787994
2014-02-27 03:20:00,0.134,3,3,0.12120000000000002,0.029752310834625265
2014-02-27 03:25:00,0.132,3,3,0.12080000000000002,0.029549957698787994
2014-02-27 03:30:00,0.068,3,3,0.1072,0.03579385422108322
2014-02-27 03:35:00,0.134,3,3,0.1072,0.03579385422108322
2014-02-27 03:40:00,1.5319999999999998,3,3,0.39999999999999997,0.6334398156099758
2014-02-27 03:45:00,0.132,3,3,0.39959999999999996,0.6336503767851795
2014-02-27 03:50:00,0.066,3,3,0.38639999999999997,0.6412603215543591
2014-02-27 03:55:00,0.136,3,3,0.39999999999999997,0.6334934885221789
2014-02-27 04:00:00,0.134,4,3,0.39999999999999997,0.6334934885221789
2014-02-27 04:05:00,0.134,4,3,0.12040000000000002,0.030443390087179438
2014-02-27 04:10:00,0.068,4,3,0.1076,0.03707829553795825
2014-02-27 04:15:00,0.134,4,3,0.12120000000000002,0.029752310834625522
2014-02-27 04:20:00,0.132,4,3,0.12040000000000002,0.029305289624915416
2014-02-27 04:25:00,0.068,4,3,0.1072,0.035793854221083464
2014-02-27 04:30:00,0.134,4,3,0.1072,0.035793854221083464
2014-02-27 04:35:00,0.066,4,3,0.1068,0.036348314954068706
2014-02-27 04:40:00,0.134,4,3,0.1068,0.036348314954068706
2014-02-27 04:45:00,0.132,4,3,0.1068,0.036348314954068706
2014-02-27 04:50:00,0.134,4,3,0.12000000000000002,0.0301993377410859
2014-02-27 04:55:00,0.134,4,3,0.12000000000000002,0.0301993377410859
2014-02-27 05:00:00,0.066,5,3,0.12,0.030199337741085904
2014-02-27 05:05:00,0.134,5,3,0.12000000000000002,0.030199337741085904
2014-02-27 05:10:00,0.136,5,3,0.12080000000000002,0.030646370095007588
2014-02-27 05:15:00,0.134,5,3,0.12080000000000002,0.030646370095007588
2014-02-27 05:20:00,0.068,5,3,0.1076,0.03707829553795826
2014-02-27 05:25:00,0.134,5,3,0.12120000000000002,0.02975231083462553
2014-02-27 05:30:00,0.066,5,3,0.1076,0.03707829553795826
2014-02-27 05:35:00,0.134,5,3,0.1072,0.036704223190256666
2014-02-27 05:40:00,0.134,5,3,0.1072,0.036704223190256666
2014-02-27 05:45:00,0.136,5,3,0.12080000000000002,0.030646370095007588
2014-02-27 05:50:00,0.066,5,3,0.1072,0.03761914406256707
2014-02-27 05:55:00,0.134,5,3,0.12080000000000002,0.030646370095007588
2014-02-27 06:00:00,0.134,6,3,0.12080000000000002,0.030646370095007588
2014-02-27 06:05:00,0.134,6,3,0.12080000000000002,0.030646370095007588
2014-02-27 06:10:00,0.066,6,3,0.1068,0.03724513391035365
2014-02-27 06:15:00,0.132,6,3,0.12000000000000002,0.030199337741085904
2014-02-27 06:20:00,0.132,6,3,0.11960000000000001,0.029979993328888108
2014-02-27 06:25:00,0.066,6,3,0.10600000000000001,0.036523964735501756
2014-02-27 06:30:00,0.2,6,3,0.11920000000000001,0.055939252765836764
2014-02-27 06:35:00,0.066,6,3,0.1192,0.05593925276583677
2014-02-27 06:40:00,0.134,6,3,0.11960000000000001,0.05606068140863235
2014-02-27 06:45:00,0.134,6,3,0.12000000000000002,0.05617828762075413
2014-02-27 06:50:00,0.066,6,3,0.12,0.056178287620754136
2014-02-27 06:55:00,0.2019999999999999,6,3,0.12039999999999998,0.05689288180431866
2014-02-27 07:00:00,0.134,7,3,0.13399999999999998,0.048083261120687046
2014-02-27 07:05:00,0.066,7,3,0.1204,0.05689288180431866
2014-02-27 07:10:00,0.134,7,3,0.12039999999999998,0.05689288180431866
2014-02-27 07:15:00,0.132,7,3,0.1336,0.04809157930449128
2014-02-27 07:20:00,0.132,7,3,0.11960000000000001,0.029979993328888153
2014-02-27 07:25:00,0.134,7,3,0.11960000000000001,0.029979993328888153
2014-02-27 07:30:00,0.066,7,3,0.1196,0.029979993328888153
2014-02-27 07:35:00,0.132,7,3,0.11920000000000001,0.02975231083462557
2014-02-27 07:40:00,0.134,7,3,0.11960000000000001,0.029979993328888153
2014-02-27 07:45:00,0.134,7,3,0.12000000000000002,0.030199337741085946
2014-02-27 07:50:00,0.134,7,3,0.12000000000000002,0.030199337741085946
2014-02-27 07:55:00,0.132,7,3,0.13319999999999999,0.001095445115091249
2014-02-27 08:00:00,0.132,8,3,0.13320000000000004,0.001095445115091249
2014-02-27 08:05:00,0.134,8,3,0.13319999999999999,0.001095445115091249
2014-02-27 08:10:00,0.066,8,3,0.11960000000000001,0.029979993328888167
2014-02-27 08:15:00,0.134,8,3,0.11960000000000001,0.029979993328888167
2014-02-27 08:20:00,0.068,8,3,0.1068,0.03634831495406878
2014-02-27 08:25:00,0.198,8,3,0.12000000000000002,0.054990908339471706
2014-02-27 08:30:00,0.066,8,3,0.10640000000000001,0.058930467501965234
2014-02-27 08:35:00,0.134,8,3,0.12000000000000002,0.054990908339471706
2014-02-27 08:40:00,0.066,8,3,0.10640000000000001,0.058930467501965234
2014-02-27 08:45:00,0.132,8,3,0.11920000000000001,0.055346183246906724
2014-02-27 08:50:00,0.066,8,3,0.09280000000000001,0.03670422319025675
2014-02-27 08:55:00,0.2019999999999999,8,3,0.11999999999999997,0.0567802782663151
2014-02-27 09:00:00,0.134,9,3,0.11999999999999997,0.0567802782663151
2014-02-27 09:05:00,0.068,9,3,0.12039999999999998,0.05630985704119817
2014-02-27 09:10:00,0.134,9,3,0.12079999999999998,0.05641985466128192
2014-02-27 09:15:00,0.132,9,3,0.13399999999999998,0.04739198244429297
2014-02-27 09:20:00,0.132,9,3,0.12000000000000002,0.02908607914450106
2014-02-27 09:25:00,0.134,9,3,0.12000000000000002,0.02908607914450106
2014-02-27 09:30:00,0.134,9,3,0.13319999999999999,0.0010954451150911905
2014-02-27 09:35:00,0.2,9,3,0.14640000000000003,0.029979993328888097
2014-02-27 09:40:00,0.134,9,3,0.1468,0.029752310834625515
2014-02-27 09:45:00,0.136,9,3,0.1476,0.029305289624915406
2014-02-27 09:50:00,0.134,9,3,0.1476,0.029305289624915406
2014-02-27 09:55:00,0.134,9,3,0.1476,0.029305289624915406
2014-02-27 10:00:00,0.136,10,3,0.1348,0.0010954451150916478
2014-02-27 10:05:00,0.134,10,3,0.1348,0.0010954451150916478
2014-02-27 10:10:00,0.134,10,3,0.13440000000000002,0.0008944271910995681
2014-02-27 10:15:00,0.066,10,3,0.12080000000000002,0.030646370095007713
2014-02-27 10:20:00,0.134,10,3,0.12080000000000002,0.030646370095007713
2014-02-27 10:25:00,0.132,10,3,0.12000000000000002,0.030199337741086033
2014-02-27 10:30:00,0.066,10,3,0.10640000000000001,0.0368890227574571
2014-02-27 10:35:00,0.134,10,3,0.10640000000000001,0.0368890227574571
2014-02-27 10:40:00,0.066,10,3,0.10640000000000001,0.0368890227574571
2014-02-27 10:45:00,0.132,10,3,0.10600000000000001,0.036523964735501915
2014-02-27 10:50:00,0.134,10,3,0.10640000000000001,0.0368890227574571
2014-02-27 10:55:00,0.132,10,3,0.11960000000000001,0.02997999332888824
2014-02-27 11:00:00,0.136,11,3,0.12000000000000002,0.030232432915664978
2014-02-27 11:05:00,0.066,11,3,0.12,0.030232432915664978
2014-02-27 11:10:00,0.134,11,3,0.12040000000000002,0.030443390087179566
2014-02-27 11:15:00,0.134,11,3,0.12040000000000002,0.030443390087179566
2014-02-27 11:20:00,0.068,11,3,0.1076,0.03707829553795842
2014-02-27 11:25:00,0.136,11,3,0.1076,0.03707829553795842
2014-02-27 11:30:00,0.134,11,3,0.12120000000000002,0.02975231083462565
2014-02-27 11:35:00,0.134,11,3,0.12120000000000002,0.02975231083462565
2014-02-27 11:40:00,0.068,11,3,0.10800000000000001,0.03652396473550191
2014-02-27 11:45:00,0.134,11,3,0.12120000000000002,0.029752310834625654
2014-02-27 11:50:00,0.066,11,3,0.1072,0.03670422319025683
2014-02-27 11:55:00,0.134,11,3,0.1072,0.03670422319025683
2014-02-27 12:00:00,0.198,12,3,0.12000000000000002,0.05499090833947175
2014-02-27 12:05:00,0.066,12,3,0.1196,0.05546891021103789
2014-02-27 12:10:00,0.132,12,3,0.11920000000000001,0.05534618324690677
2014-02-27 12:15:00,0.132,12,3,0.1324,0.04667761776269414
2014-02-27 12:20:00,0.066,12,3,0.11880000000000002,0.05521956175125065
2014-02-27 12:25:00,0.134,12,3,0.10600000000000001,0.03652396473550193
2014-02-27 12:30:00,0.134,12,3,0.11960000000000001,0.029979993328888246
2014-02-27 12:35:00,0.066,12,3,0.10640000000000001,0.036889022757457104
2014-02-27 12:40:00,0.134,12,3,0.1068,0.03724513391035382
2014-02-27 12:45:00,0.132,12,3,0.12000000000000002,0.030199337741086036
2014-02-27 12:50:00,0.066,12,3,0.10640000000000001,0.036889022757457104
2014-02-27 12:55:00,0.198,12,3,0.11920000000000001,0.05534618324690677
2014-02-27 13:00:00,0.066,13,3,0.1192,0.05534618324690677
2014-02-27 13:05:00,0.132,13,3,0.11880000000000002,0.05521956175125065
2014-02-27 13:10:00,0.134,13,3,0.11920000000000001,0.05534618324690677
2014-02-27 13:15:00,0.134,13,3,0.13279999999999997,0.04668190227486642
2014-02-27 13:20:00,0.134,13,3,0.12000000000000002,0.030199337741086043
2014-02-27 13:25:00,0.068,13,3,0.1204,0.029305289624915565
2014-02-27 13:30:00,0.134,13,3,0.12080000000000002,0.029516097303000335
2014-02-27 13:35:00,0.134,13,3,0.12080000000000002,0.029516097303000335
2014-02-27 13:40:00,0.132,13,3,0.12040000000000002,0.029305289624915565
2014-02-27 13:45:00,0.2019999999999999,13,3,0.13399999999999998,0.047391982444292984
2014-02-27 13:50:00,0.134,13,3,0.14719999999999997,0.030646370095007473
2014-02-27 13:55:00,0.132,13,3,0.14679999999999999,0.030873937228675073
2014-02-27 14:00:00,0.132,14,3,0.14639999999999997,0.03109340766143474
2014-02-27 14:05:00,0.066,14,3,0.13319999999999999,0.04809573785690551
2014-02-27 14:10:00,0.134,14,3,0.11960000000000001,0.029979993328888236
2014-02-27 14:15:00,0.134,14,3,0.11960000000000001,0.029979993328888236
2014-02-27 14:20:00,0.134,14,3,0.12000000000000002,0.03019933774108603
2014-02-27 14:25:00,0.066,14,3,0.1068,0.03724513391035383
2014-02-27 14:30:00,0.134,14,3,0.12040000000000002,0.030410524494000148
2014-02-27 14:35:00,0.132,14,3,0.12000000000000002,0.03019933774108603
2014-02-27 14:40:00,0.134,14,3,0.12000000000000002,0.03019933774108603
2014-02-27 14:45:00,0.198,14,3,0.1328,0.04668190227486641
2014-02-27 14:50:00,0.132,14,3,0.14600000000000002,0.02908607914450094
2014-02-27 14:55:00,0.2,14,3,0.1592,0.03634831495406859
2014-02-27 15:00:00,0.132,15,3,0.1592,0.03634831495406859
2014-02-27 15:05:00,0.134,15,3,0.1592,0.03634831495406859
2014-02-27 15:10:00,0.066,15,3,0.1328,0.04738354144637333
2014-02-27 15:15:00,0.132,15,3,0.1328,0.04738354144637333
2014-02-27 15:20:00,0.134,15,3,0.11960000000000001,0.029979993328888267
2014-02-27 15:25:00,0.066,15,3,0.10640000000000001,0.03688902275745714
2014-02-27 15:30:00,0.134,15,3,0.10640000000000001,0.03688902275745714
2014-02-27 15:35:00,0.134,15,3,0.12000000000000002,0.030199337741086053
2014-02-27 15:40:00,0.134,15,3,0.12040000000000002,0.030410524494000172
2014-02-27 15:45:00,0.136,15,3,0.12080000000000002,0.03064637009500773
2014-02-27 15:50:00,0.134,15,3,0.1344,0.0008944271910990345
2014-02-27 15:55:00,0.132,15,3,0.13400000000000004,0.0014142135624358532
2014-02-27 16:00:00,0.134,16,3,0.13399999999999998,0.0014142135624358532
2014-02-27 16:05:00,0.134,16,3,0.13400000000000004,0.0014142135624358532
2014-02-27 16:10:00,0.134,16,3,0.1336,0.0008944271910992529
2014-02-27 16:15:00,0.134,16,3,0.13360000000000002,0.0008944271910992529
2014-02-27 16:20:00,0.132,16,3,0.1336,0.0008944271910992529
2014-02-27 16:25:00,0.066,16,3,0.12000000000000002,0.03019933774108607
2014-02-27 16:30:00,0.134,16,3,0.12000000000000002,0.03019933774108607
2014-02-27 16:35:00,0.134,16,3,0.12000000000000002,0.03019933774108607
2014-02-27 16:40:00,0.134,16,3,0.12000000000000002,0.03019933774108607
2014-02-27 16:45:00,0.136,16,3,0.12080000000000002,0.030646370095007747
2014-02-27 16:50:00,0.134,16,3,0.1344,0.0008944271910991593
2014-02-27 16:55:00,0.132,16,3,0.13400000000000004,0.0014142135624359408
2014-02-27 17:00:00,0.134,17,3,0.13399999999999998,0.0014142135624359408
2014-02-27 17:05:00,0.134,17,3,0.13400000000000004,0.0014142135624359408
2014-02-27 17:10:00,0.134,17,3,0.1336,0.0008944271910994076
2014-02-27 17:15:00,0.602,17,3,0.2272,0.20952135929303276
2014-02-27 17:20:00,0.332,17,3,0.2672,0.20586208975913972
2014-02-27 17:25:00,0.134,17,3,0.2672,0.20586208975913972
2014-02-27 17:30:00,0.134,17,3,0.2672,0.20586208975913972
2014-02-27 17:35:00,0.134,17,3,0.2672,0.20586208975913972
2014-02-27 17:40:00,0.134,17,3,0.17360000000000003,0.08854829190899255
2014-02-27 17:45:00,0.132,17,3,0.1336,0.0008944271909999135
2014-02-27 17:50:00,0.132,17,3,0.13320000000000004,0.0010954451150103311
2014-02-27 17:55:00,0.134,17,3,0.13319999999999999,0.0010954451150103311
2014-02-27 18:00:00,0.132,18,3,0.13280000000000003,0.0010954451150103311
2014-02-27 18:05:00,0.134,18,3,0.13279999999999997,0.0010954451150103311
2014-02-27 18:10:00,0.132,18,3,0.13280000000000003,0.0010954451150103311
2014-02-27 18:15:00,0.134,18,3,0.13319999999999999,0.0010954451150103311
2014-02-27 18:20:00,0.134,18,3,0.13320000000000004,0.0010954451150103311
2014-02-27 18:25:00,0.066,18,3,0.12,0.030199337741083
2014-02-27 18:30:00,0.132,18,3,0.11960000000000001,0.029979993328885183
2014-02-27 18:35:00,0.132,18,3,0.11960000000000001,0.029979993328885183
2014-02-27 18:40:00,0.134,18,3,0.11960000000000001,0.029979993328885183
2014-02-27 18:45:00,0.134,18,3,0.11960000000000001,0.029979993328885183
2014-02-27 18:50:00,0.132,18,3,0.13279999999999997,0.0010954451150102934
2014-02-27 18:55:00,0.134,18,3,0.13320000000000004,0.0010954451150102934
2014-02-27 19:00:00,0.134,19,3,0.1336,0.0008944271909998674
2014-02-27 19:05:00,0.134,19,3,0.13360000000000002,0.0008944271909998674
2014-02-27 19:10:00,0.134,19,3,0.1336,0.0008944271909998674
2014-02-27 19:15:00,0.066,19,3,0.12040000000000002,0.030410524493997143
2014-02-27 19:20:00,0.134,19,3,0.12040000000000002,0.030410524493997143
2014-02-27 19:25:00,0.134,19,3,0.12040000000000002,0.030410524493997143
2014-02-27 19:30:00,0.134,19,3,0.12040000000000002,0.030410524493997143
2014-02-27 19:35:00,0.134,19,3,0.12040000000000002,0.030410524493997143
2014-02-27 19:40:00,0.066,19,3,0.1204,0.030410524493997143
2014-02-27 19:45:00,0.134,19,3,0.12040000000000002,0.030410524493997143
2014-02-27 19:50:00,0.134,19,3,0.12040000000000002,0.030410524493997143
2014-02-27 19:55:00,0.134,19,3,0.12040000000000002,0.030410524493997143
2014-02-27 20:00:00,0.134,20,3,0.12040000000000002,0.030410524493997143
2014-02-27 20:05:00,0.132,20,3,0.1336,0.0008944271909999135
2014-02-27 20:10:00,0.134,20,3,0.13360000000000002,0.0008944271909999135
2014-02-27 20:15:00,0.066,20,3,0.12,0.030199337741083
2014-02-27 20:20:00,0.134,20,3,0.12000000000000002,0.030199337741083
2014-02-27 20:25:00,0.134,20,3,0.12000000000000002,0.030199337741083
2014-02-27 20:30:00,0.134,20,3,0.12040000000000002,0.030410524493997143
2014-02-27 20:35:00,0.134,20,3,0.12040000000000002,0.030410524493997143
2014-02-27 20:40:00,0.132,20,3,0.1336,0.0008944271909999135
2014-02-27 20:45:00,0.132,20,3,0.13320000000000004,0.0010954451150103311
2014-02-27 20:50:00,0.132,20,3,0.13279999999999997,0.0010954451150103311
2014-02-27 20:55:00,0.132,20,3,0.13240000000000002,0.0008944271909999136
2014-02-27 21:00:00,0.132,21,3,0.132,0.0
2014-02-27 21:05:00,0.132,21,3,0.132,0.0
2014-02-27 21:10:00,0.066,21,3,0.11879999999999999,0.029516097302997226
2014-02-27 21:15:00,0.134,21,3,0.11920000000000001,0.029752310834622576
2014-02-27 21:20:00,0.136,21,3,0.12000000000000002,0.03023243291566195
2014-02-27 21:25:00,0.132,21,3,0.12000000000000002,0.03023243291566195
2014-02-27 21:30:00,0.132,21,3,0.12000000000000002,0.03023243291566195
2014-02-27 21:35:00,0.066,21,3,0.12,0.030232432915661953
2014-02-27 21:40:00,0.134,21,3,0.12000000000000002,0.030232432915661953
2014-02-27 21:45:00,0.066,21,3,0.10600000000000001,0.036523964735499355
2014-02-27 21:50:00,0.132,21,3,0.10600000000000001,0.036523964735499355
2014-02-27 21:55:00,0.132,21,3,0.10600000000000001,0.036523964735499355
2014-02-27 22:00:00,0.132,22,3,0.11920000000000001,0.029752310834622583
2014-02-27 22:05:00,0.134,22,3,0.11920000000000001,0.029752310834622583
2014-02-27 22:10:00,0.066,22,3,0.1192,0.029752310834622576
2014-02-27 22:15:00,0.134,22,3,0.11960000000000001,0.02997999332888518
2014-02-27 22:20:00,0.132,22,3,0.11960000000000001,0.02997999332888518
2014-02-27 22:25:00,0.066,22,3,0.10640000000000001,0.03688902275745455
2014-02-27 22:30:00,0.132,22,3,0.10600000000000001,0.03652396473549934
2014-02-27 22:35:00,0.134,22,3,0.11960000000000001,0.02997999332888518
2014-02-27 22:40:00,0.066,22,3,0.10600000000000001,0.03652396473549934
2014-02-27 22:45:00,0.134,22,3,0.10640000000000001,0.03688902275745455
2014-02-27 22:50:00,0.136,22,3,0.12040000000000002,0.030443390087176565
2014-02-27 22:55:00,0.134,22,3,0.12080000000000002,0.030646370095004732
2014-02-27 23:00:00,0.134,23,3,0.12080000000000002,0.030646370095004732
2014-02-27 23:05:00,0.134,23,3,0.1344,0.0008944271910003932
2014-02-27 23:10:00,0.068,23,3,0.12120000000000002,0.029752310834622583
2014-02-27 23:15:00,0.134,23,3,0.12080000000000002,0.02951609730299723
2014-02-27 23:20:00,0.134,23,3,0.12080000000000002,0.02951609730299723
2014-02-27 23:25:00,0.132,23,3,0.12040000000000002,0.029305289624912433
2014-02-27 23:30:00,0.068,23,3,0.1072,0.03579385422108102
2014-02-27 23:35:00,0.134,23,3,0.12040000000000002,0.029305289624912433
2014-02-27 23:40:00,0.134,23,3,0.12040000000000002,0.029305289624912433
2014-02-27 23:45:00,0.066,23,3,0.1068,0.0363483149540663
2014-02-27 23:50:00,0.134,23,3,0.1072,0.03670422319025428
2014-02-27 23:55:00,0.138,23,3,0.12120000000000002,0.030906310035330977
2014-02-28 00:00:00,0.134,0,4,0.12120000000000002,0.030906310035330977
2014-02-28 00:05:00,0.134,0,4,0.12120000000000002,0.030906310035330977
2014-02-28 00:10:00,0.066,0,4,0.1212,0.030906310035330977
2014-02-28 00:15:00,0.132,0,4,0.12080000000000002,0.03071156134096735
2014-02-28 00:20:00,0.134,0,4,0.12000000000000002,0.030199337741083
2014-02-28 00:25:00,0.134,0,4,0.12000000000000002,0.030199337741083
2014-02-28 00:30:00,0.066,0,4,0.10640000000000001,0.03688902275745455
2014-02-28 00:35:00,0.134,0,4,0.12000000000000002,0.030199337741083
2014-02-28 00:40:00,0.132,0,4,0.12000000000000002,0.030199337741083
2014-02-28 00:45:00,0.066,0,4,0.10640000000000001,0.03688902275745455
2014-02-28 00:50:00,0.132,0,4,0.10600000000000001,0.03652396473549934
2014-02-28 00:55:00,0.132,0,4,0.11920000000000001,0.029752310834622576
2014-02-28 01:00:00,0.132,1,4,0.11880000000000002,0.029516097302997226
2014-02-28 01:05:00,0.134,1,4,0.11920000000000001,0.029752310834622576
2014-02-28 01:10:00,0.066,1,4,0.1192,0.029752310834622576
2014-02-28 01:15:00,0.134,1,4,0.11960000000000001,0.02997999332888518
2014-02-28 01:20:00,0.134,1,4,0.12000000000000002,0.030199337741082997
2014-02-28 01:25:00,0.2,1,4,0.1336,0.047379320383475323
2014-02-28 01:30:00,0.066,1,4,0.12000000000000002,0.05617828762075256
2014-02-28 01:35:00,0.134,1,4,0.1336,0.047379320383475323
2014-02-28 01:40:00,0.134,1,4,0.13360000000000002,0.047379320383475323
2014-02-28 01:45:00,0.134,1,4,0.1336,0.047379320383475323
2014-02-28 01:50:00,0.068,1,4,0.1072,0.03670422319025427
2014-02-28 01:55:00,0.134,1,4,0.12080000000000002,0.029516097302997223
2014-02-28 02:00:00,0.132,2,4,0.12040000000000002,0.029305289624912422
2014-02-28 02:05:00,0.132,2,4,0.12000000000000002,0.02908607914449797
2014-02-28 02:10:00,0.068,2,4,0.1068,0.0354288018425687
2014-02-28 02:15:00,0.134,2,4,0.12000000000000002,0.02908607914449797
2014-02-28 02:20:00,0.066,2,4,0.10640000000000001,0.03598332947352147
2014-02-28 02:25:00,0.134,2,4,0.1068,0.03634831495406629
2014-02-28 02:30:00,0.134,2,4,0.1072,0.03670422319025427
2014-02-28 02:35:00,0.134,2,4,0.12040000000000002,0.030410524493997136
2014-02-28 02:40:00,0.068,2,4,0.1072,0.03670422319025427
2014-02-28 02:45:00,0.134,2,4,0.12080000000000002,0.029516097302997223
2014-02-28 02:50:00,0.134,2,4,0.12080000000000002,0.029516097302997223
2014-02-28 02:55:00,0.134,2,4,0.12080000000000002,0.029516097302997223
2014-02-28 03:00:00,0.134,3,4,0.12080000000000002,0.029516097302997223
2014-02-28 03:05:00,0.132,3,4,0.1336,0.0008944271909999135
2014-02-28 03:10:00,0.066,3,4,0.12000000000000002,0.030199337741083
2014-02-28 03:15:00,0.134,3,4,0.12000000000000002,0.030199337741083
2014-02-28 03:20:00,1.6,3,4,0.41320000000000007,0.6640822238247309
2014-02-28 03:25:00,0.132,3,4,0.4128000000000001,0.6642930076404538
2014-02-28 03:30:00,0.068,3,4,0.4000000000000001,0.6716323399003357
2014-02-28 03:35:00,0.132,3,4,0.41320000000000007,0.6640325293236771
2014-02-28 03:40:00,0.132,3,4,0.4128000000000001,0.6642433289089172
2014-02-28 03:45:00,0.132,3,4,0.11920000000000006,0.02862167011199812
2014-02-28 03:50:00,0.134,3,4,0.11960000000000007,0.028858274376685217
2014-02-28 03:55:00,0.134,3,4,0.13280000000000003,0.0010954451150316088
2014-02-28 04:00:00,0.134,4,4,0.13320000000000007,0.0010954451150316088
2014-02-28 04:05:00,0.066,4,4,0.12000000000000004,0.030199337741083774
2014-02-28 04:10:00,0.132,4,4,0.12000000000000006,0.030199337741083774
2014-02-28 04:15:00,0.134,4,4,0.12000000000000006,0.030199337741083774
2014-02-28 04:20:00,0.066,4,4,0.10640000000000005,0.03688902275745519
2014-02-28 04:25:00,0.134,4,4,0.10640000000000005,0.03688902275745519
2014-02-28 04:30:00,0.066,4,4,0.10640000000000005,0.03688902275745519
2014-02-28 04:35:00,0.134,4,4,0.10680000000000005,0.037245133910351925
2014-02-28 04:40:00,0.134,4,4,0.10680000000000005,0.037245133910351925
2014-02-28 04:45:00,0.132,4,4,0.12000000000000006,0.030199337741083774
2014-02-28 04:50:00,0.066,4,4,0.10640000000000005,0.03688902275745519
2014-02-28 04:55:00,0.134,4,4,0.12000000000000006,0.030199337741083774
2014-02-28 05:00:00,0.132,5,4,0.11960000000000007,0.029979993328885964
2014-02-28 05:05:00,0.134,5,4,0.11960000000000007,0.029979993328885964
2014-02-28 05:10:00,0.066,5,4,0.10640000000000005,0.036889022757455196
2014-02-28 05:15:00,0.134,5,4,0.12000000000000006,0.030199337741083774
2014-02-28 05:20:00,0.134,5,4,0.12000000000000006,0.030199337741083774
2014-02-28 05:25:00,0.134,5,4,0.12040000000000006,0.03041052449399791
2014-02-28 05:30:00,0.066,5,4,0.10680000000000005,0.03724513391035193
2014-02-28 05:35:00,0.134,5,4,0.12040000000000006,0.03041052449399791
2014-02-28 05:40:00,0.132,5,4,0.12000000000000006,0.030199337741083774
2014-02-28 05:45:00,0.066,5,4,0.10640000000000005,0.036889022757455196
2014-02-28 05:50:00,0.132,5,4,0.10600000000000005,0.0365239647355
2014-02-28 05:55:00,0.132,5,4,0.11920000000000006,0.02975231083462336
2014-02-28 06:00:00,0.132,6,4,0.11880000000000006,0.029516097302998014
2014-02-28 06:05:00,0.132,6,4,0.11880000000000006,0.029516097302998014
2014-02-28 06:10:00,0.134,6,4,0.13240000000000002,0.0008944271909999135
2014-02-28 06:15:00,0.066,6,4,0.11920000000000006,0.029752310834622576
2014-02-28 06:20:00,0.134,6,4,0.11960000000000007,0.02997999332888518
2014-02-28 06:25:00,0.134,6,4,0.12000000000000006,0.030199337741082997
2014-02-28 06:30:00,0.134,6,4,0.12040000000000006,0.03041052449399714
2014-02-28 06:35:00,0.134,6,4,0.12040000000000006,0.03041052449399714
2014-02-28 06:40:00,0.066,6,4,0.12040000000000003,0.030410524493997143
2014-02-28 06:45:00,0.134,6,4,0.12040000000000006,0.030410524493997143
2014-02-28 06:50:00,0.134,6,4,0.12040000000000006,0.030410524493997143
2014-02-28 06:55:00,0.134,6,4,0.12040000000000006,0.030410524493997143
2014-02-28 07:00:00,0.134,7,4,0.12040000000000006,0.030410524493997143
2014-02-28 07:05:00,0.066,7,4,0.12040000000000003,0.030410524493997143
2014-02-28 07:10:00,0.134,7,4,0.12040000000000006,0.030410524493997143
2014-02-28 07:15:00,0.134,7,4,0.12040000000000006,0.030410524493997143
2014-02-28 07:20:00,0.132,7,4,0.12000000000000006,0.030199337741083
2014-02-28 07:25:00,0.066,7,4,0.10640000000000005,0.03688902275745456
2014-02-28 07:30:00,0.134,7,4,0.12000000000000006,0.030199337741083
2014-02-28 07:35:00,0.136,7,4,0.12040000000000006,0.030443390087176562
2014-02-28 07:40:00,0.066,7,4,0.10680000000000005,0.03727197338483703
2014-02-28 07:45:00,0.134,7,4,0.10720000000000005,0.037619144062564745
2014-02-28 07:50:00,0.134,7,4,0.12080000000000006,0.03064637009500473
2014-02-28 07:55:00,0.134,7,4,0.12080000000000006,0.03064637009500473
2014-02-28 08:00:00,0.066,8,4,0.10680000000000005,0.0372451339103513
2014-02-28 08:05:00,0.132,8,4,0.12000000000000006,0.030199337741083004
2014-02-28 08:10:00,0.134,8,4,0.12000000000000006,0.030199337741083004
2014-02-28 08:15:00,0.066,8,4,0.10640000000000005,0.03688902275745456
2014-02-28 08:20:00,0.136,8,4,0.10680000000000005,0.03727197338483704
2014-02-28 08:25:00,0.134,8,4,0.12040000000000006,0.030443390087176565
2014-02-28 08:30:00,0.132,8,4,0.12040000000000006,0.030443390087176565
2014-02-28 08:35:00,0.134,8,4,0.12040000000000006,0.030443390087176565
2014-02-28 08:40:00,0.068,8,4,0.12080000000000005,0.029549957698785292
2014-02-28 08:45:00,0.132,8,4,0.12000000000000006,0.029086079144497977
2014-02-28 08:50:00,0.134,8,4,0.12000000000000006,0.029086079144497977
2014-02-28 08:55:00,0.134,8,4,0.12040000000000006,0.029305289624912433
2014-02-28 09:00:00,0.136,9,4,0.12080000000000006,0.029549957698785292
2014-02-28 09:05:00,0.134,9,4,0.13400000000000004,0.0014142135623731505
2014-02-28 09:10:00,0.132,9,4,0.13400000000000006,0.0014142135623731505
2014-02-28 09:15:00,0.2,9,4,0.14720000000000005,0.029549957698785295
2014-02-28 09:20:00,0.132,9,4,0.14680000000000007,0.02978590270581035
2014-02-28 09:25:00,0.132,9,4,0.14600000000000007,0.030199337741083
2014-02-28 09:30:00,0.134,9,4,0.14600000000000007,0.030199337741083
2014-02-28 09:35:00,0.134,9,4,0.14640000000000006,0.029979993328885186
2014-02-28 09:40:00,0.066,9,4,0.11960000000000007,0.029979993328885138
2014-02-28 09:45:00,0.134,9,4,0.12000000000000006,0.030199337741082955
2014-02-28 09:50:00,0.134,9,4,0.12040000000000006,0.030410524493997098
2014-02-28 09:55:00,0.2019999999999999,9,4,0.13400000000000004,0.048083261120685186
2014-02-28 10:00:00,0.066,10,4,0.12040000000000002,0.05689288180431708
2014-02-28 10:05:00,0.136,10,4,0.13440000000000002,0.04809157930448943
2014-02-28 10:10:00,0.134,10,4,0.13440000000000002,0.04809157930448943
2014-02-28 10:15:00,0.068,10,4,0.12120000000000002,0.056543788341426086
2014-02-28 10:20:00,0.136,10,4,0.10800000000000005,0.03744329045369805
2014-02-28 10:25:00,0.132,10,4,0.12120000000000006,0.0297859027058103
2014-02-28 10:30:00,0.134,10,4,0.12080000000000006,0.029549957698785243
2014-02-28 10:35:00,0.066,10,4,0.10720000000000005,0.03673145790735777
2014-02-28 10:40:00,0.134,10,4,0.12040000000000006,0.030443390087176513
2014-02-28 10:45:00,0.134,10,4,0.12000000000000006,0.030199337741082948
2014-02-28 10:50:00,0.134,10,4,0.12040000000000006,0.03041052449399709
2014-02-28 10:55:00,0.136,10,4,0.12080000000000006,0.03064637009500468
2014-02-28 11:00:00,0.134,11,4,0.13440000000000002,0.000894427190999477
2014-02-28 11:05:00,0.132,11,4,0.13400000000000006,0.0014142135623727975
2014-02-28 11:10:00,0.132,11,4,0.13360000000000002,0.0016733200530678876
2014-02-28 11:15:00,0.134,11,4,0.13360000000000008,0.0016733200530678876
2014-02-28 11:20:00,0.134,11,4,0.13320000000000004,0.0010954451150099107
2014-02-28 11:25:00,0.136,11,4,0.13360000000000008,0.0016733200530678876
2014-02-28 11:30:00,0.066,11,4,0.12040000000000003,0.030443390087176524
2014-02-28 11:35:00,0.2019999999999999,11,4,0.13440000000000002,0.04809157930448943
2014-02-28 11:40:00,0.068,11,4,0.12120000000000002,0.0565437883414261
2014-02-28 11:45:00,0.132,11,4,0.12080000000000002,0.0564375761350538
2014-02-28 11:50:00,0.134,11,4,0.12040000000000002,0.056309857041196565
2014-02-28 11:55:00,0.134,11,4,0.13400000000000004,0.047391982444291096
2014-02-28 12:00:00,0.134,12,4,0.12040000000000006,0.029305289624912387
2014-02-28 12:05:00,0.066,12,4,0.12000000000000004,0.030199337741082962
2014-02-28 12:10:00,0.134,12,4,0.12040000000000006,0.0304105244939971
2014-02-28 12:15:00,0.134,12,4,0.12040000000000006,0.0304105244939971
2014-02-28 12:20:00,0.066,12,4,0.10680000000000005,0.03724513391035125
2014-02-28 12:25:00,0.134,12,4,0.10680000000000005,0.03724513391035125
2014-02-28 12:30:00,0.134,12,4,0.12040000000000006,0.0304105244939971
2014-02-28 12:35:00,0.132,12,4,0.12000000000000006,0.030199337741082962
2014-02-28 12:40:00,0.068,12,4,0.10680000000000005,0.036348314954066256
2014-02-28 12:45:00,0.134,12,4,0.12040000000000006,0.029305289624912387
2014-02-28 12:50:00,0.132,12,4,0.12000000000000006,0.029086079144497935
2014-02-28 12:55:00,0.134,12,4,0.12000000000000006,0.029086079144497935
2014-02-28 13:00:00,0.134,13,4,0.12040000000000006,0.029305289624912387
2014-02-28 13:05:00,0.132,13,4,0.13320000000000004,0.0010954451150096281
2014-02-28 13:10:00,0.066,13,4,0.11960000000000007,0.029979993328885145
2014-02-28 13:15:00,0.134,13,4,0.12000000000000006,0.030199337741082962
2014-02-28 13:20:00,0.136,13,4,0.12040000000000006,0.030443390087176524
2014-02-28 13:25:00,0.066,13,4,0.10680000000000005,0.03727197338483699
2014-02-28 13:30:00,0.134,13,4,0.10720000000000005,0.0376191440625647
2014-02-28 13:35:00,0.134,13,4,0.12080000000000006,0.030646370095004684
2014-02-28 13:40:00,0.132,13,4,0.12040000000000006,0.030443390087176513
2014-02-28 13:45:00,0.132,13,4,0.11960000000000007,0.029979993328885134
2014-02-28 13:50:00,0.134,13,4,0.13320000000000004,0.0010954451150091058
2014-02-28 13:55:00,0.134,13,4,0.13320000000000007,0.0010954451150091058
2014-02-28 14:00:00,0.132,14,4,0.13280000000000003,0.0010954451150091058
2014-02-28 14:05:00,0.132,14,4,0.13280000000000008,0.0010954451150091058
2014-02-28 14:10:00,0.134,14,4,0.13320000000000004,0.0010954451150091058
2014-02-28 14:15:00,0.134,14,4,0.13320000000000007,0.0010954451150091058
2014-02-28 14:20:00,0.134,14,4,0.13320000000000004,0.0010954451150091058
2014-02-28 14:25:00,0.134,14,4,0.13360000000000008,0.0008944271909984129
