timestamp,cpu_utilization,hour,day_of_week,cpu_rolling_mean_5,cpu_rolling_std_5,anomaly_label,anomaly_score,severity
2014-02-14 14:30:00,0.132,14,4,0.1336,0.0008944271909999,1,0.2635917710220085,Normal
2014-02-14 14:35:00,0.134,14,4,0.1336,0.0008944271909999,1,0.2785013839449013,Normal
2014-02-14 14:40:00,0.134,14,4,0.1336,0.0008944271909999,1,0.2785013839449013,Normal
2014-02-14 14:45:00,0.134,14,4,0.1336,0.0008944271909999,1,0.2785013839449013,Normal
2014-02-14 14:50:00,0.134,14,4,0.1336,0.0008944271909999,1,0.2785013839449013,Normal
2014-02-14 14:55:00,0.134,14,4,0.134,0.0,1,0.2653641133277481,Normal
2014-02-14 15:00:00,0.134,15,4,0.134,0.0,1,0.2677488629952112,Normal
2014-02-14 15:05:00,0.134,15,4,0.134,0.0,1,0.2677488629952112,Normal
2014-02-14 15:10:00,0.066,15,4,0.1204,0.0304105244939971,1,0.2649268092465378,Normal
2014-02-14 15:15:00,0.132,15,4,0.12,0.030199337741083,1,0.3305423955319883,Normal
2014-02-14 15:20:00,0.134,15,4,0.12,0.030199337741083,1,0.3392543558659094,Normal
2014-02-14 15:25:00,0.066,15,4,0.1064,0.0368890227574545,1,0.2598895785164426,Normal
2014-02-14 15:30:00,0.132,15,4,0.106,0.0365239647354993,1,0.2765582054400552,Normal
2014-02-14 15:35:00,0.2019999999999999,15,4,0.1331999999999999,0.0480957378569036,1,0.1846392784194447,Normal
2014-02-14 15:40:00,0.068,15,4,0.1203999999999999,0.0563098570411965,1,0.1960060382718286,Normal
2014-02-14 15:45:00,0.134,15,4,0.1203999999999999,0.0563098570411965,1,0.272758449914684,Normal
2014-02-14 15:50:00,0.132,15,4,0.1336,0.0474004219390502,1,0.2611917692510321,Normal
2014-02-14 15:55:00,0.134,15,4,0.1339999999999999,0.0473919824442911,1,0.2694189502355386,Normal
2014-02-14 16:00:00,0.134,16,4,0.1204,0.0293052896249124,1,0.3369496968272967,Normal
2014-02-14 16:05:00,0.136,16,4,0.1339999999999999,0.0014142135623729,1,0.2465704849162706,Normal
2014-02-14 16:10:00,0.132,16,4,0.1336,0.001673320053068,1,0.2578131739079959,Normal
2014-02-14 16:15:00,0.134,16,4,0.1339999999999999,0.0014142135623729,1,0.2704205747511181,Normal
2014-02-14 16:20:00,0.134,16,4,0.134,0.0014142135623729,1,0.2704205747511181,Normal
2014-02-14 16:25:00,0.066,16,4,0.1204,0.0304433900871765,1,0.2645367773467865,Normal
2014-02-14 16:30:00,0.134,16,4,0.12,0.030199337741083,1,0.3369496968272967,Normal
2014-02-14 16:35:00,0.134,16,4,0.1204,0.0304105244939971,1,0.3374845638517429,Normal
2014-02-14 16:40:00,0.066,16,4,0.1068,0.0372451339103513,1,0.2570694798544281,Normal
2014-02-14 16:45:00,0.134,16,4,0.1068,0.0372451339103513,1,0.2820593893709778,Normal
2014-02-14 16:50:00,0.134,16,4,0.1204,0.0304105244939971,1,0.3374845638517429,Normal
2014-02-14 16:55:00,0.134,16,4,0.1204,0.0304105244939971,1,0.3374845638517429,Normal
2014-02-14 17:00:00,0.132,17,4,0.12,0.030199337741083,1,0.3309570916772255,Normal
2014-02-14 17:05:00,0.136,17,4,0.1339999999999999,0.0014142135623729,1,0.2500017893079073,Normal
2014-02-14 17:10:00,0.134,17,4,0.134,0.0014142135623729,1,0.2760668540338891,Normal
2014-02-14 17:15:00,0.134,17,4,0.1339999999999999,0.0014142135623729,1,0.2760668540338891,Normal
2014-02-14 17:20:00,0.132,17,4,0.1336,0.001673320053068,1,0.2625721518105389,Normal
2014-02-14 17:25:00,0.132,17,4,0.1336,0.001673320053068,1,0.2625721518105389,Normal
2014-02-14 17:30:00,0.134,17,4,0.1332,0.0010954451150101,1,0.283030342881983,Normal
2014-02-14 17:35:00,0.134,17,4,0.1331999999999999,0.0010954451150101,1,0.283030342881983,Normal
2014-02-14 17:40:00,0.066,17,4,0.1196,0.0299799933288852,1,0.2615864942180654,Normal
2014-02-14 17:45:00,0.134,17,4,0.12,0.030199337741083,1,0.3412832650661958,Normal
2014-02-14 17:50:00,0.134,17,4,0.1204,0.0304105244939971,1,0.3400880550934522,Normal
2014-02-14 17:55:00,0.2019999999999999,17,4,0.1339999999999999,0.0480832611206851,1,0.1727672918718309,Normal
2014-02-14 18:00:00,0.134,18,4,0.1339999999999999,0.0480832611206851,1,0.2637172425482491,Normal
2014-02-14 18:05:00,0.134,18,4,0.1475999999999999,0.030410524493997,1,0.2588327747430046,Normal
2014-02-14 18:10:00,0.134,18,4,0.1475999999999999,0.030410524493997,1,0.2588327747430046,Normal
2014-02-14 18:15:00,0.068,18,4,0.1344,0.0473793203834752,1,0.1759432587598064,Normal
2014-02-14 18:20:00,0.132,18,4,0.1204,0.0293052896249124,1,0.3259664746641475,Normal
2014-02-14 18:25:00,0.134,18,4,0.1204,0.0293052896249124,1,0.3362085386245774,Normal
2014-02-14 18:30:00,0.134,18,4,0.1204,0.0293052896249124,1,0.3362085386245774,Normal
2014-02-14 18:35:00,0.134,18,4,0.1204,0.0293052896249124,1,0.3362085386245774,Normal
2014-02-14 18:40:00,0.134,18,4,0.1336,0.000894427191,1,0.2749694007036499,Normal
2014-02-14 18:45:00,0.134,18,4,0.134,5.094209646402836e-10,1,0.2631046471655821,Normal
2014-02-14 18:50:00,0.134,18,4,0.134,5.094209646402836e-10,1,0.2631046471655821,Normal
2014-02-14 18:55:00,0.134,18,4,0.134,5.094209646402836e-10,1,0.2631046471655821,Normal
2014-02-14 19:00:00,0.066,19,4,0.1204,0.0304105244939971,1,0.2522283682452974,Normal
2014-02-14 19:05:00,0.134,19,4,0.1204,0.0304105244939971,1,0.3362037232898291,Normal
2014-02-14 19:10:00,0.134,19,4,0.1204,0.0304105244939971,1,0.3362037232898291,Normal
2014-02-14 19:15:00,0.134,19,4,0.1204,0.0304105244939971,1,0.3362037232898291,Normal
2014-02-14 19:20:00,0.066,19,4,0.1068,0.0372451339103513,1,0.24505705041894,Normal
2014-02-14 19:25:00,0.132,19,4,0.12,0.030199337741083,1,0.3276154168177467,Normal
2014-02-14 19:30:00,0.134,19,4,0.12,0.030199337741083,1,0.3382714165915863,Normal
2014-02-14 19:35:00,0.2,19,4,0.1332,0.0473835414463714,1,0.1773401271380613,Normal
2014-02-14 19:40:00,0.132,19,4,0.1328,0.0473835414463714,1,0.2583553727161455,Normal
2014-02-14 19:45:00,0.134,19,4,0.1464,0.0299799933288851,1,0.2605535245888908,Normal
2014-02-14 19:50:00,0.136,19,4,0.1472,0.0295499576987852,1,0.2335625521290549,Normal
2014-02-14 19:55:00,0.132,19,4,0.1468,0.0297859027058103,1,0.2503541195387088,Normal
2014-02-14 20:00:00,0.066,20,4,0.12,0.030232432915662,1,0.2467426580807604,Normal
2014-02-14 20:05:00,0.134,20,4,0.1204,0.0304433900871766,1,0.328548673765106,Normal
2014-02-14 20:10:00,0.134,20,4,0.1204,0.0304433900871766,1,0.328548673765106,Normal
2014-02-14 20:15:00,0.134,20,4,0.12,0.030199337741083,1,0.3312893326485334,Normal
2014-02-14 20:20:00,0.2,20,4,0.1336,0.0473793203834753,1,0.1699972941895696,Normal
2014-02-14 20:25:00,0.132,20,4,0.1468,0.0297523108346225,1,0.246644393720844,Normal
2014-02-14 20:30:00,0.136,20,4,0.1472,0.0295499576987852,1,0.231302049832601,Normal
2014-02-14 20:35:00,0.134,20,4,0.1472,0.0295499576987852,1,0.2524767698268412,Normal
2014-02-14 20:40:00,0.134,20,4,0.1472,0.0295499576987852,1,0.2524767698268412,Normal
2014-02-14 20:45:00,0.134,20,4,0.134,0.0014142135623735,1,0.2587017194255178,Normal
2014-02-14 20:50:00,0.066,20,4,0.1208,0.0306463700950048,1,0.2430646674545595,Normal
2014-02-14 20:55:00,0.134,20,4,0.1204,0.0304105244939972,1,0.3288227537806783,Normal
2014-02-14 21:00:00,0.134,21,4,0.1204,0.0304105244939972,1,0.3261654893495062,Normal
2014-02-14 21:05:00,0.134,21,4,0.1204,0.0304105244939972,1,0.3261654893495062,Normal
2014-02-14 21:10:00,0.134,21,4,0.1204,0.0304105244939972,1,0.3261654893495062,Normal
2014-02-14 21:15:00,0.132,21,4,0.1336,0.0008944271909999,1,0.2427817917024968,Normal
2014-02-14 21:20:00,0.066,21,4,0.12,0.030199337741083,1,0.2426318275293717,Normal
2014-02-14 21:25:00,0.134,21,4,0.12,0.030199337741083,1,0.3271907187124828,Normal
2014-02-14 21:30:00,0.132,21,4,0.1196,0.0299799933288851,1,0.3155085966444798,Normal
2014-02-14 21:35:00,0.134,21,4,0.1196,0.0299799933288851,1,0.3245669155598555,Normal
2014-02-14 21:40:00,0.132,21,4,0.1196,0.0299799933288851,1,0.3155085966444798,Normal
2014-02-14 21:45:00,0.066,21,4,0.1196,0.0299799933288851,1,0.2400364705442638,Normal
2014-02-14 21:50:00,0.134,21,4,0.1196,0.0299799933288851,1,0.3245669155598555,Normal
2014-02-14 21:55:00,0.132,21,4,0.1196,0.0299799933288851,1,0.3155085966444798,Normal
2014-02-14 22:00:00,0.134,22,4,0.1196,0.0299799933288851,1,0.3157576527111012,Normal
2014-02-14 22:05:00,0.134,22,4,0.12,0.030199337741083,1,0.319557160255145,Normal
2014-02-14 22:10:00,0.066,22,4,0.12,0.030199337741083,1,0.2407431235121679,Normal
2014-02-14 22:15:00,0.134,22,4,0.12,0.030199337741083,1,0.319557160255145,Normal
2014-02-14 22:20:00,0.132,22,4,0.12,0.030199337741083,1,0.3105492917454485,Normal
2014-02-14 22:25:00,0.134,22,4,0.12,0.030199337741083,1,0.319557160255145,Normal
2014-02-14 22:30:00,0.132,22,4,0.1196,0.0299799933288851,1,0.3059614196802137,Normal
2014-02-14 22:35:00,0.068,22,4,0.12,0.0290860791444979,1,0.20979109368594,Normal
2014-02-14 22:40:00,0.132,22,4,0.1196,0.0288582743766844,1,0.3024587725016304,Normal
2014-02-14 22:45:00,0.132,22,4,0.1196,0.0288582743766844,1,0.3024587725016304,Normal
2014-02-14 22:50:00,0.134,22,4,0.1196,0.0288582743766844,1,0.3126196248244529,Normal
2014-02-14 22:55:00,0.132,22,4,0.1196,0.0288582743766844,1,0.3024587725016304,Normal
2014-02-14 23:00:00,0.134,23,4,0.1327999999999999,0.0010954451150103,1,0.2218973969795802,Normal
2014-02-14 23:05:00,0.134,23,4,0.1332,0.0010954451150103,1,0.2290368497232034,Normal
2014-02-14 23:10:00,0.134,23,4,0.1336,0.0008944271909999,1,0.2277351084632594,Normal
2014-02-14 23:15:00,0.066,23,4,0.12,0.030199337741083,1,0.2304546832765908,Normal
2014-02-14 23:20:00,0.132,23,4,0.12,0.030199337741083,1,0.2964435935111044,Normal
2014-02-14 23:25:00,0.132,23,4,0.1196,0.0299799933288851,1,0.2914754199752516,Normal
2014-02-14 23:30:00,0.066,23,4,0.106,0.0365239647354993,1,0.2128213073877726,Normal
2014-02-14 23:35:00,0.136,23,4,0.1064,0.0369161211396863,1,0.232141290064889,Normal
2014-02-14 23:40:00,0.134,23,4,0.12,0.0302324329156619,1,0.3029478001332962,Normal
2014-02-14 23:45:00,0.066,23,4,0.1068,0.037271973384837,1,0.2202301909070526,Normal
2014-02-14 23:50:00,0.134,23,4,0.1072,0.0376191440625647,1,0.244022140381034,Normal
2014-02-14 23:55:00,0.2,23,4,0.134,0.0473919824442911,1,0.1546513531620147,Normal
2014-02-15 00:00:00,0.134,0,5,0.1336,0.0473793203834753,1,0.2389364619116921,Normal
2014-02-15 00:05:00,0.134,0,5,0.1336,0.0473793203834753,1,0.2389364619116921,Normal
2014-02-15 00:10:00,0.066,0,5,0.1336,0.0473793203834753,1,0.1746103204855694,Normal
2014-02-15 00:15:00,0.132,0,5,0.1331999999999999,0.0473835414463714,1,0.2317533259785216,Normal
2014-02-15 00:20:00,0.134,0,5,0.12,0.030199337741083,1,0.3020269218113476,Normal
2014-02-15 00:25:00,0.066,0,5,0.1064,0.0368890227574545,1,0.2302552086643516,Normal
2014-02-15 00:30:00,0.136,0,5,0.1068,0.037271973384837,1,0.2485653447743008,Normal
2014-02-15 00:35:00,0.134,0,5,0.1204,0.0304433900871765,1,0.3015062564973227,Normal
2014-02-15 00:40:00,0.134,0,5,0.1208,0.0306463700950047,1,0.2962205853927733,Normal
2014-02-15 00:45:00,0.066,0,5,0.1072,0.0376191440625647,1,0.2253638516985316,Normal
2014-02-15 00:50:00,0.134,0,5,0.1208,0.0306463700950047,1,0.2962205853927733,Normal
2014-02-15 00:55:00,0.134,0,5,0.1204,0.0304105244939971,1,0.3015062564973227,Normal
2014-02-15 01:00:00,0.134,1,5,0.1204,0.0304105244939971,1,0.3128709219180858,Normal
2014-02-15 01:05:00,0.068,1,5,0.1072,0.0367042231902543,1,0.2134495493638062,Normal
2014-02-15 01:10:00,0.132,1,5,0.1204,0.0293052896249124,1,0.2983707031234094,Normal
2014-02-15 01:15:00,0.134,1,5,0.1204,0.0293052896249124,1,0.312705840238405,Normal
2014-02-15 01:20:00,0.134,1,5,0.1204,0.0293052896249124,1,0.312705840238405,Normal
2014-02-15 01:25:00,0.068,1,5,0.1072,0.035793854221081,1,0.2112762538590127,Normal
2014-02-15 01:30:00,0.134,1,5,0.1204,0.0293052896249124,1,0.312705840238405,Normal
2014-02-15 01:35:00,0.134,1,5,0.1208,0.0295160973029972,1,0.3083765873877985,Normal
2014-02-15 01:40:00,0.134,1,5,0.1208,0.0295160973029972,1,0.3083765873877985,Normal
2014-02-15 01:45:00,0.134,1,5,0.1208,0.0295160973029972,1,0.3083765873877985,Normal
2014-02-15 01:50:00,0.134,1,5,0.134,0.0,1,0.2136980004019206,Normal
2014-02-15 01:55:00,0.134,1,5,0.134,0.0,1,0.2136980004019206,Normal
2014-02-15 02:00:00,0.066,2,5,0.1204,0.0304105244939971,1,0.2444379458519764,Normal
2014-02-15 02:05:00,0.134,2,5,0.1204,0.0304105244939971,1,0.3202292532119517,Normal
2014-02-15 02:10:00,0.132,2,5,0.12,0.030199337741083,1,0.3099171156950385,Normal
2014-02-15 02:15:00,0.134,2,5,0.12,0.030199337741083,1,0.3201118816851928,Normal
2014-02-15 02:20:00,0.066,2,5,0.1064,0.0368890227574545,1,0.2531396615506186,Normal
2014-02-15 02:25:00,0.132,2,5,0.1196,0.0299799933288851,1,0.3088646207512494,Normal
2014-02-15 02:30:00,0.132,2,5,0.1192,0.0297523108346225,1,0.3031207385441002,Normal
2014-02-15 02:35:00,0.066,2,5,0.106,0.0365239647354993,1,0.2458715899923086,Normal
2014-02-15 02:40:00,0.134,2,5,0.106,0.0365239647354993,1,0.2808432268381748,Normal
2014-02-15 02:45:00,0.134,2,5,0.1196,0.0299799933288851,1,0.3197997197101704,Normal
2014-02-15 02:50:00,0.136,2,5,0.1204,0.0304433900871765,1,0.3026814135053652,Normal
2014-02-15 02:55:00,0.134,2,5,0.1208,0.0306463700950047,1,0.3157375212379883,Normal
2014-02-15 03:00:00,0.134,3,5,0.1344,0.0008944271909998,1,0.2203942805937357,Normal
2014-02-15 03:05:00,1.466,3,5,0.4008,0.5954655321678997,-1,-0.0423738329449355,High
2014-02-15 03:10:00,0.066,3,5,0.3872,0.603800629347138,-1,-0.0048848152544942,Low
2014-02-15 03:15:00,0.134,3,5,0.3868,0.60400927145202,1,0.0045245792336808,Normal
2014-02-15 03:20:00,0.134,3,5,0.3868,0.60400927145202,1,0.0045245792336808,Normal
2014-02-15 03:25:00,0.134,3,5,0.3868,0.60400927145202,1,0.0045245792336808,Normal
2014-02-15 03:30:00,0.134,3,5,0.1204,0.0304105244939963,1,0.3260183883038448,Normal
2014-02-15 03:35:00,0.134,3,5,0.134,0.0,1,0.2251222850439036,Normal
2014-02-15 03:40:00,0.132,3,5,0.1336,0.0008944271909999,1,0.2266539823843704,Normal
2014-02-15 03:45:00,0.066,3,5,0.12,0.030199337741083,1,0.249012271333797,Normal
2014-02-15 03:50:00,0.134,3,5,0.12,0.030199337741083,1,0.3259026649721,Normal
2014-02-15 03:55:00,0.132,3,5,0.1196,0.0299799933288851,1,0.3170376402353596,Normal
2014-02-15 04:00:00,0.134,4,5,0.1196,0.0299799933288851,1,0.325873914103591,Normal
2014-02-15 04:05:00,0.066,4,5,0.1064,0.0368890227574545,1,0.26408220968479,Normal
2014-02-15 04:10:00,0.134,4,5,0.12,0.030199337741083,1,0.3261814814693347,Normal
2014-02-15 04:15:00,0.134,4,5,0.12,0.030199337741083,1,0.3261814814693347,Normal
2014-02-15 04:20:00,0.134,4,5,0.1204,0.0304105244939971,1,0.3262971254432555,Normal
2014-02-15 04:25:00,0.068,4,5,0.1072,0.0367042231902542,1,0.2323919912098988,Normal
2014-02-15 04:30:00,0.132,4,5,0.1204,0.0293052896249124,1,0.3178893941515544,Normal
2014-02-15 04:35:00,0.134,4,5,0.1204,0.0293052896249124,1,0.3250843802995783,Normal
2014-02-15 04:40:00,0.066,4,5,0.1068,0.0363483149540663,1,0.2669137112014766,Normal
2014-02-15 04:45:00,0.132,4,5,0.1064,0.0359833294735214,1,0.2809446244426607,Normal
2014-02-15 04:50:00,0.134,4,5,0.1196,0.0299799933288851,1,0.325873914103591,Normal
2014-02-15 04:55:00,0.134,4,5,0.12,0.030199337741083,1,0.3261814814693347,Normal
2014-02-15 05:00:00,0.066,5,5,0.1064,0.0368890227574545,1,0.2751543282678282,Normal
2014-02-15 05:05:00,0.134,5,5,0.12,0.030199337741083,1,0.3353805626017841,Normal
2014-02-15 05:10:00,0.132,5,5,0.12,0.030199337741083,1,0.3285974585418966,Normal
2014-02-15 05:15:00,0.134,5,5,0.12,0.030199337741083,1,0.3353805626017841,Normal
2014-02-15 05:20:00,0.066,5,5,0.1064,0.0368890227574545,1,0.2751543282678282,Normal
2014-02-15 05:25:00,0.136,5,5,0.1204,0.0304433900871765,1,0.3180339961160556,Normal
2014-02-15 05:30:00,0.068,5,5,0.1072,0.0367314579073578,1,0.240850843000278,Normal
2014-02-15 05:35:00,0.132,5,5,0.1072,0.0367314579073578,1,0.2935200813249491,Normal
2014-02-15 05:40:00,0.132,5,5,0.1068,0.0363758161420469,1,0.2961065810470305,Normal
2014-02-15 05:45:00,0.134,5,5,0.1204,0.0293393933134275,1,0.3334241976747141,Normal
2014-02-15 05:50:00,0.134,5,5,0.12,0.0290860791444979,1,0.3333105828130407,Normal
2014-02-15 05:55:00,0.2,5,5,0.1464,0.0299799933288851,1,0.1606127798121633,Normal
2014-02-15 06:00:00,0.066,6,5,0.1332,0.0473835414463714,1,0.2146080138446447,Normal
2014-02-15 06:05:00,0.134,6,5,0.1336,0.0473793203834753,1,0.2703345592600749,Normal
2014-02-15 06:10:00,0.134,6,5,0.1336,0.0473793203834753,1,0.2703345592600749,Normal
2014-02-15 06:15:00,0.068,6,5,0.1204,0.0557027826953016,1,0.2024450331494713,Normal
2014-02-15 06:20:00,0.132,6,5,0.1068,0.0363483149540662,1,0.2956958662833679,Normal
2014-02-15 06:25:00,0.066,6,5,0.1068,0.0363483149540662,1,0.2766898696815659,Normal
2014-02-15 06:30:00,0.132,6,5,0.1064,0.0359833294735214,1,0.2923402460779483,Normal
2014-02-15 06:35:00,0.136,6,5,0.1068,0.0363758161420468,1,0.2833968363940447,Normal
2014-02-15 06:40:00,0.066,6,5,0.1064,0.0369161211396863,1,0.2733813563684227,Normal
2014-02-15 06:45:00,0.132,6,5,0.1064,0.0369161211396863,1,0.2917868207001702,Normal
2014-02-15 06:50:00,0.134,6,5,0.12,0.0302324329156619,1,0.3397562701820178,Normal
2014-02-15 06:55:00,0.134,6,5,0.1204,0.0304433900871765,1,0.3396023205861376,Normal
2014-02-15 07:00:00,0.066,7,5,0.1064,0.0368890227574545,1,0.2727706430684962,Normal
2014-02-15 07:05:00,0.134,7,5,0.12,0.0301993377410829,1,0.340282238066222,Normal
2014-02-15 07:10:00,0.132,7,5,0.12,0.0301993377410829,1,0.3327319064777354,Normal
2014-02-15 07:15:00,0.066,7,5,0.1064,0.0368890227574545,1,0.2727706430684962,Normal
2014-02-15 07:20:00,0.134,7,5,0.1064,0.0368890227574545,1,0.2981811470984267,Normal
2014-02-15 07:25:00,0.134,7,5,0.12,0.0301993377410829,1,0.340282238066222,Normal
2014-02-15 07:30:00,0.134,7,5,0.12,0.0301993377410829,1,0.340282238066222,Normal
2014-02-15 07:35:00,0.066,7,5,0.1068,0.0372451339103512,1,0.2737895112963468,Normal
2014-02-15 07:40:00,0.134,7,5,0.1204,0.0304105244939971,1,0.3403388468494955,Normal
2014-02-15 07:45:00,0.132,7,5,0.12,0.0301993377410829,1,0.3327319064777354,Normal
2014-02-15 07:50:00,0.066,7,5,0.1064,0.0368890227574545,1,0.2727706430684962,Normal
2014-02-15 07:55:00,0.134,7,5,0.1064,0.0368890227574545,1,0.2981811470984267,Normal
2014-02-15 08:00:00,0.134,8,5,0.12,0.0301993377410829,1,0.338765228486071,Normal
2014-02-15 08:05:00,0.134,8,5,0.12,0.0301993377410829,1,0.338765228486071,Normal
2014-02-15 08:10:00,0.068,8,5,0.1072,0.0367042231902542,1,0.2396484798991733,Normal
2014-02-15 08:15:00,0.134,8,5,0.1208,0.0295160973029972,1,0.3339657568725239,Normal
2014-02-15 08:20:00,0.068,8,5,0.1076,0.0361496887953409,1,0.2342059323155159,Normal
2014-02-15 08:25:00,0.132,8,5,0.1072,0.035793854221081,1,0.2868756476553397,Normal
2014-02-15 08:30:00,0.134,8,5,0.1072,0.035793854221081,1,0.2920730612803848,Normal
2014-02-15 08:35:00,0.134,8,5,0.1204,0.0293052896249124,1,0.3367700158075487,Normal
2014-02-15 08:40:00,0.066,8,5,0.1068,0.0363483149540662,1,0.275903743744231,Normal
2014-02-15 08:45:00,0.134,8,5,0.12,0.0301993377410829,1,0.338765228486071,Normal
2014-02-15 08:50:00,0.134,8,5,0.1204,0.0304105244939971,1,0.3388220562270912,Normal
2014-02-15 08:55:00,0.134,8,5,0.1204,0.0304105244939971,1,0.3388220562270912,Normal
2014-02-15 09:00:00,0.066,9,5,0.1068,0.0372451339103512,1,0.2719619346458524,Normal
2014-02-15 09:05:00,0.132,9,5,0.12,0.0301993377410829,1,0.3352771869927776,Normal
2014-02-15 09:10:00,0.134,9,5,0.12,0.0301993377410829,1,0.3422175543640519,Normal
2014-02-15 09:15:00,0.066,9,5,0.1064,0.0368890227574545,1,0.2729753953457209,Normal
2014-02-15 09:20:00,0.134,9,5,0.1064,0.0368890227574545,1,0.300209438153847,Normal
2014-02-15 09:25:00,0.134,9,5,0.12,0.0301993377410829,1,0.3422175543640519,Normal
2014-02-15 09:30:00,0.134,9,5,0.1204,0.0304105244939971,1,0.3422738838132321,Normal
2014-02-15 09:35:00,0.066,9,5,0.1068,0.0372451339103512,1,0.2719619346458524,Normal
2014-02-15 09:40:00,0.134,9,5,0.1204,0.0304105244939971,1,0.3422738838132321,Normal
2014-02-15 09:45:00,0.134,9,5,0.1204,0.0304105244939971,1,0.3422738838132321,Normal
2014-02-15 09:50:00,0.132,9,5,0.12,0.0301993377410829,1,0.3352771869927776,Normal
2014-02-15 09:55:00,0.134,9,5,0.12,0.0301993377410829,1,0.3422175543640519,Normal
2014-02-15 10:00:00,0.068,10,5,0.1204,0.0293052896249124,1,0.2349441739923734,Normal
2014-02-15 10:05:00,0.134,10,5,0.1204,0.0293052896249124,1,0.3383679816909031,Normal
2014-02-15 10:10:00,0.132,10,5,0.12,0.0290860791444979,1,0.3317617786241996,Normal
2014-02-15 10:15:00,0.066,10,5,0.1068,0.0363483149540662,1,0.2754577896084736,Normal
2014-02-15 10:20:00,0.134,10,5,0.1068,0.0363483149540662,1,0.2997654648130376,Normal
2014-02-15 10:25:00,0.134,10,5,0.12,0.0301993377410829,1,0.3406940816083676,Normal
2014-02-15 10:30:00,0.066,10,5,0.1064,0.0368890227574545,1,0.2706359328319125,Normal
2014-02-15 10:35:00,0.132,10,5,0.1064,0.0368890227574545,1,0.2903293609884918,Normal
2014-02-15 10:40:00,0.132,10,5,0.1196,0.0299799933288851,1,0.33315850883006,Normal
2014-02-15 10:45:00,0.134,10,5,0.1196,0.0299799933288851,1,0.3397485790480988,Normal
2014-02-15 10:50:00,0.134,10,5,0.1196,0.0299799933288851,1,0.3397485790480988,Normal
2014-02-15 10:55:00,0.132,10,5,0.1327999999999999,0.0010954451150096,1,0.2369762678956569,Normal
2014-02-15 11:00:00,0.068,11,5,0.12,0.0290860791444979,1,0.2308943571323255,Normal
2014-02-15 11:05:00,0.132,11,5,0.12,0.0290860791444979,1,0.331324357075073,Normal
2014-02-15 11:10:00,0.132,11,5,0.1196,0.0288582743766843,1,0.3296324335769121,Normal
2014-02-15 11:15:00,0.134,11,5,0.1196,0.0288582743766843,1,0.337553694297616,Normal
2014-02-15 11:20:00,0.066,11,5,0.1064,0.0359833294735214,1,0.2651189979167995,Normal
2014-02-15 11:25:00,0.134,11,5,0.1196,0.0299799933288851,1,0.340583110849478,Normal
2014-02-15 11:30:00,0.066,11,5,0.1064,0.0368890227574545,1,0.2694247944769827,Normal
2014-02-15 11:35:00,0.132,11,5,0.1064,0.0368890227574545,1,0.2847024002719147,Normal
2014-02-15 11:40:00,0.136,11,5,0.1068,0.037271973384837,1,0.275832482035271,Normal
2014-02-15 11:45:00,0.134,11,5,0.1204,0.0304433900871765,1,0.342985090586994,Normal
2014-02-15 11:50:00,0.068,11,5,0.1072,0.0367314579073578,1,0.2333321404148299,Normal
2014-02-15 11:55:00,0.132,11,5,0.1204,0.0293393933134275,1,0.3303635912093767,Normal
2014-02-15 12:00:00,0.132,12,5,0.1204,0.0293393933134275,1,0.3291348964587181,Normal
2014-02-15 12:05:00,0.134,12,5,0.12,0.0290860791444979,1,0.3355131580195457,Normal
2014-02-15 12:10:00,0.134,12,5,0.12,0.0290860791444979,1,0.3355131580195457,Normal
2014-02-15 12:15:00,0.132,12,5,0.1327999999999999,0.0010954451150091,1,0.2382752685286193,Normal
2014-02-15 12:20:00,0.066,12,5,0.1196,0.0299799933288851,1,0.2677618850452243,Normal
2014-02-15 12:25:00,0.134,12,5,0.12,0.0301993377410829,1,0.3403191597419018,Normal
2014-02-15 12:30:00,0.132,12,5,0.1196,0.0299799933288851,1,0.331501125212978,Normal
2014-02-15 12:35:00,0.134,12,5,0.1196,0.0299799933288851,1,0.3385740167792412,Normal
2014-02-15 12:40:00,0.134,12,5,0.12,0.0301993377410829,1,0.3403191597419018,Normal
2014-02-15 12:45:00,0.066,12,5,0.12,0.0301993377410829,1,0.2679407221592534,Normal
2014-02-15 12:50:00,0.134,12,5,0.12,0.0301993377410829,1,0.3403191597419018,Normal
2014-02-15 12:55:00,0.2,12,5,0.1336,0.0473793203834752,1,0.1803786499437892,Normal
2014-02-15 13:00:00,0.134,13,5,0.1336,0.0473793203834752,1,0.2554031109026444,Normal
2014-02-15 13:05:00,0.066,13,5,0.12,0.0561782876207525,1,0.2121068093246502,Normal
2014-02-15 13:10:00,0.134,13,5,0.1336,0.0473793203834752,1,0.2554031109026444,Normal
2014-02-15 13:15:00,0.136,13,5,0.134,0.0473919824442911,1,0.2348653566286976,Normal
2014-02-15 13:20:00,0.134,13,5,0.1208,0.0306463700950046,1,0.3339869018721938,Normal
2014-02-15 13:25:00,0.066,13,5,0.1072,0.0376191440625647,1,0.2574277502255641,Normal
2014-02-15 13:30:00,0.134,13,5,0.1208,0.0306463700950047,1,0.3339869018721938,Normal
2014-02-15 13:35:00,0.134,13,5,0.1208,0.0306463700950047,1,0.3339869018721938,Normal
2014-02-15 13:40:00,0.134,13,5,0.1204,0.0304105244939971,1,0.3384884391493217,Normal
2014-02-15 13:45:00,0.134,13,5,0.1204,0.0304105244939971,1,0.3384884391493217,Normal
2014-02-15 13:50:00,0.134,13,5,0.134,0.0,1,0.2480531036193581,Normal
2014-02-15 13:55:00,0.134,13,5,0.134,0.0,1,0.2480531036193581,Normal
2014-02-15 14:00:00,0.134,14,5,0.134,0.0,1,0.248984497492076,Normal
2014-02-15 14:05:00,0.066,14,5,0.1204,0.0304105244939971,1,0.2589454728609258,Normal
2014-02-15 14:10:00,0.134,14,5,0.1204,0.0304105244939971,1,0.3350738136135129,Normal
2014-02-15 14:15:00,0.134,14,5,0.1204,0.0304105244939971,1,0.3350738136135129,Normal
2014-02-15 14:20:00,0.132,14,5,0.12,0.030199337741083,1,0.3240559215457798,Normal
2014-02-15 14:25:00,0.134,14,5,0.12,0.030199337741083,1,0.3346916171533186,Normal
2014-02-15 14:30:00,0.134,14,5,0.1336,0.0008944271909999,1,0.2604227104249242,Normal
2014-02-15 14:35:00,0.066,14,5,0.12,0.030199337741083,1,0.2584648834184977,Normal
2014-02-15 14:40:00,0.134,14,5,0.12,0.030199337741083,1,0.3346916171533186,Normal
2014-02-15 14:45:00,0.134,14,5,0.1204,0.0304105244939971,1,0.3350738136135129,Normal
2014-02-15 14:50:00,0.132,14,5,0.12,0.030199337741083,1,0.3240559215457798,Normal
2014-02-15 14:55:00,0.132,14,5,0.1196,0.0299799933288851,1,0.3226588509857439,Normal
2014-02-15 15:00:00,0.134,15,5,0.1331999999999999,0.0010954451150102,1,0.2558893831970634,Normal
2014-02-15 15:05:00,0.132,15,5,0.1328,0.0010954451150102,1,0.2375443959534751,Normal
2014-02-15 15:10:00,0.066,15,5,0.1192,0.0297523108346225,1,0.2519072213702317,Normal
2014-02-15 15:15:00,0.132,15,5,0.1192,0.0297523108346225,1,0.3191018826055705,Normal
2014-02-15 15:20:00,0.134,15,5,0.1196,0.0299799933288851,1,0.3326113748259575,Normal
2014-02-15 15:25:00,0.132,15,5,0.1192,0.0297523108346225,1,0.3191018826055705,Normal
2014-02-15 15:30:00,0.134,15,5,0.1196,0.0299799933288851,1,0.3326113748259575,Normal
2014-02-15 15:35:00,0.068,15,5,0.12,0.0290860791444979,1,0.2212013987066688,Normal
2014-02-15 15:40:00,0.134,15,5,0.1204,0.0293052896249124,1,0.3351370607540646,Normal
2014-02-15 15:45:00,0.134,15,5,0.1204,0.0293052896249124,1,0.3351370607540646,Normal
2014-02-15 15:50:00,0.134,15,5,0.1208,0.0295160973029972,1,0.3323212298123184,Normal
2014-02-15 15:55:00,0.134,15,5,0.1208,0.0295160973029972,1,0.3323212298123184,Normal
2014-02-15 16:00:00,0.132,16,5,0.1336,0.0008944271909999,1,0.2458935347584426,Normal
2014-02-15 16:05:00,0.204,16,5,0.1476,0.031540450218727,1,0.1577069028465064,Normal
2014-02-15 16:10:00,0.066,16,5,0.134,0.0488057373676497,1,0.1838991587116998,Normal
2014-02-15 16:15:00,0.132,16,5,0.1336,0.0488139324373687,1,0.230481628002763,Normal
2014-02-15 16:20:00,0.134,16,5,0.1336,0.0488139324373687,1,0.2408592727596316,Normal
2014-02-15 16:25:00,0.066,16,5,0.1204,0.0575047824098135,1,0.1986006178567549,Normal
2014-02-15 16:30:00,0.134,16,5,0.1064,0.0368890227574545,1,0.2718677882684939,Normal
2014-02-15 16:35:00,0.134,16,5,0.12,0.030199337741083,1,0.3330489790080501,Normal
2014-02-15 16:40:00,0.134,16,5,0.1204,0.0304105244939971,1,0.3336466956425404,Normal
2014-02-15 16:45:00,0.066,16,5,0.1068,0.0372451339103513,1,0.2563468172040649,Normal
2014-02-15 16:50:00,0.134,16,5,0.1204,0.0304105244939971,1,0.3336466956425404,Normal
2014-02-15 16:55:00,0.134,16,5,0.1204,0.0304105244939971,1,0.3336466956425404,Normal
2014-02-15 17:00:00,0.134,17,5,0.1204,0.0304105244939971,1,0.3349000075673138,Normal
2014-02-15 17:05:00,0.132,17,5,0.12,0.030199337741083,1,0.3243451666462461,Normal
2014-02-15 17:10:00,0.134,17,5,0.1336,0.0008944271910005,1,0.2644373236245562,Normal
2014-02-15 17:15:00,0.134,17,5,0.1336,0.0008944271910005,1,0.2644373236245562,Normal
2014-02-15 17:20:00,0.066,17,5,0.12,0.030199337741083,1,0.2566452164889978,Normal
2014-02-15 17:25:00,0.134,17,5,0.12,0.030199337741083,1,0.3360538007831599,Normal
2014-02-15 17:30:00,0.136,17,5,0.1208,0.0306463700950047,1,0.3053614233274992,Normal
2014-02-15 17:35:00,0.134,17,5,0.1208,0.0306463700950047,1,0.3307177152245244,Normal
2014-02-15 17:40:00,0.066,17,5,0.1072,0.0376191440625647,1,0.251577608868699,Normal
2014-02-15 17:45:00,0.134,17,5,0.1207999999999999,0.0306463700950047,1,0.3307177152245244,Normal
2014-02-15 17:50:00,0.134,17,5,0.1207999999999999,0.0306463700950047,1,0.3307177152245244,Normal
2014-02-15 17:55:00,0.132,17,5,0.12,0.030199337741083,1,0.3243451666462461,Normal
2014-02-15 18:00:00,0.134,18,5,0.12,0.030199337741083,1,0.3307986066125901,Normal
2014-02-15 18:05:00,0.134,18,5,0.1336,0.0008944271910006,1,0.2611977460724765,Normal
2014-02-15 18:10:00,0.134,18,5,0.1336,0.0008944271910006,1,0.2611977460724765,Normal
2014-02-15 18:15:00,0.068,18,5,0.1204,0.0293052896249124,1,0.2126438341466525,Normal
2014-02-15 18:20:00,0.134,18,5,0.1208,0.0295160973029972,1,0.32772592062147,Normal
2014-02-15 18:25:00,0.066,18,5,0.1072,0.0367042231902543,1,0.2510312848194746,Normal
2014-02-15 18:30:00,0.132,18,5,0.1068,0.0363483149540663,1,0.2655407855591144,Normal
2014-02-15 18:35:00,0.132,18,5,0.1064,0.0359833294735215,1,0.2617886316103293,Normal
2014-02-15 18:40:00,0.066,18,5,0.106,0.0365239647354993,1,0.2445619929920709,Normal
2014-02-15 18:45:00,0.132,18,5,0.1056,0.0361496887953409,1,0.2605139112104546,Normal
2014-02-15 18:50:00,0.134,18,5,0.1192,0.0297523108346226,1,0.3249472073161423,Normal
2014-02-15 18:55:00,0.134,18,5,0.1196,0.0299799933288852,1,0.3280750700317196,Normal
2014-02-15 19:00:00,0.134,19,5,0.12,0.030199337741083,1,0.3329947151445636,Normal
2014-02-15 19:05:00,0.134,19,5,0.1336,0.0008944271910008,1,0.2602248718306745,Normal
2014-02-15 19:10:00,0.132,19,5,0.1336,0.0008944271910008,1,0.2429252295552753,Normal
2014-02-15 19:15:00,0.134,19,5,0.1336,0.0008944271910008,1,0.2602248718306745,Normal
2014-02-15 19:20:00,0.134,19,5,0.1336,0.0008944271910008,1,0.2602248718306745,Normal
2014-02-15 19:25:00,0.066,19,5,0.12,0.030199337741083,1,0.2477188226714829,Normal
2014-02-15 19:30:00,0.134,19,5,0.12,0.030199337741083,1,0.3329947151445636,Normal
2014-02-15 19:35:00,0.134,19,5,0.1204,0.0304105244939971,1,0.3316391260007553,Normal
2014-02-15 19:40:00,0.134,19,5,0.1204,0.0304105244939971,1,0.3316391260007553,Normal
2014-02-15 19:45:00,0.066,19,5,0.1068,0.0372451339103513,1,0.2479189971419588,Normal
2014-02-15 19:50:00,0.132,19,5,0.12,0.030199337741083,1,0.3204418547056101,Normal
2014-02-15 19:55:00,0.132,19,5,0.1196,0.0299799933288852,1,0.3166638839804345,Normal
2014-02-15 20:00:00,0.134,20,5,0.1196,0.0299799933288852,1,0.320114919456918,Normal
2014-02-15 20:05:00,0.066,20,5,0.106,0.0365239647354993,1,0.2328225823021845,Normal
2014-02-15 20:10:00,0.136,20,5,0.12,0.0302324329156619,1,0.2992288606377256,Normal
2014-02-15 20:15:00,0.134,20,5,0.1204,0.0304433900871765,1,0.3223905387569262,Normal
2014-02-15 20:20:00,0.134,20,5,0.1207999999999999,0.0306463700950047,1,0.3183578421496839,Normal
2014-02-15 20:25:00,0.132,20,5,0.1204,0.0304433900871765,1,0.3092434456792879,Normal
2014-02-15 20:30:00,0.068,20,5,0.1208,0.0295499576987853,1,0.2010563483980092,Normal
2014-02-15 20:35:00,0.132,20,5,0.12,0.029086079144498,1,0.3070417820927775,Normal
2014-02-15 20:40:00,0.134,20,5,0.12,0.029086079144498,1,0.3183706416664449,Normal
2014-02-15 20:45:00,0.066,20,5,0.1064,0.0359833294735215,1,0.2390721811869712,Normal
2014-02-15 20:50:00,0.132,20,5,0.1064,0.0359833294735215,1,0.2506573414496257,Normal
2014-02-15 20:55:00,0.134,20,5,0.1196,0.0299799933288852,1,0.320114919456918,Normal
2014-02-15 21:00:00,0.134,21,5,0.12,0.030199337741083,1,0.320406907388007,Normal
2014-02-15 21:05:00,0.134,21,5,0.12,0.030199337741083,1,0.320406907388007,Normal
2014-02-15 21:10:00,0.066,21,5,0.12,0.030199337741083,1,0.2349806892362194,Normal
2014-02-15 21:15:00,0.134,21,5,0.1204,0.0304105244939971,1,0.3204044506969747,Normal
2014-02-15 21:20:00,0.134,21,5,0.1204,0.0304105244939971,1,0.3204044506969747,Normal
2014-02-15 21:25:00,0.134,21,5,0.1204,0.0304105244939971,1,0.3204044506969747,Normal
2014-02-15 21:30:00,0.066,21,5,0.1068,0.0372451339103513,1,0.2349669598957319,Normal
2014-02-15 21:35:00,0.134,21,5,0.1204,0.0304105244939971,1,0.3204044506969747,Normal
2014-02-15 21:40:00,0.066,21,5,0.1068,0.0372451339103513,1,0.2349669598957319,Normal
2014-02-15 21:45:00,0.134,21,5,0.1068,0.0372451339103513,1,0.2573075822949754,Normal
2014-02-15 21:50:00,0.136,21,5,0.1072,0.0376191440625647,1,0.2349182570925635,Normal
2014-02-15 21:55:00,0.136,21,5,0.1212,0.0308739372286723,1,0.2914932315630347,Normal
2014-02-15 22:00:00,0.134,22,5,0.1212,0.0308739372286723,1,0.3099586503260949,Normal
2014-02-15 22:05:00,0.066,22,5,0.1212,0.0308739372286723,1,0.2259728312032081,Normal
2014-02-15 22:10:00,0.134,22,5,0.1212,0.0308739372286723,1,0.3099586503260949,Normal
2014-02-15 22:15:00,0.134,22,5,0.1207999999999999,0.0306463700950047,1,0.3117266558951154,Normal
2014-02-15 22:20:00,0.134,22,5,0.1204,0.0304105244939971,1,0.3152262686810281,Normal
2014-02-15 22:25:00,0.066,22,5,0.1068,0.0372451339103513,1,0.2307432463298675,Normal
2014-02-15 22:30:00,0.134,22,5,0.1204,0.0304105244939971,1,0.3152262686810281,Normal
2014-02-15 22:35:00,0.132,22,5,0.12,0.030199337741083,1,0.3066245895532476,Normal
2014-02-15 22:40:00,0.066,22,5,0.1064,0.0368890227574545,1,0.2301680177898303,Normal
2014-02-15 22:45:00,0.134,22,5,0.1064,0.0368890227574545,1,0.2490597578559223,Normal
2014-02-15 22:50:00,0.134,22,5,0.12,0.030199337741083,1,0.3157929955719927,Normal
2014-02-15 22:55:00,0.136,22,5,0.1204,0.0304433900871765,1,0.2908342840133371,Normal
2014-02-15 23:00:00,0.066,23,5,0.1072,0.0376191440625647,1,0.2130905894672133,Normal
2014-02-15 23:05:00,0.134,23,5,0.1208,0.0306463700950047,1,0.294170207562401,Normal
2014-02-15 23:10:00,0.134,23,5,0.1208,0.0306463700950047,1,0.294170207562401,Normal
2014-02-15 23:15:00,0.066,23,5,0.1072,0.0376191440625647,1,0.2130905894672133,Normal
2014-02-15 23:20:00,0.134,23,5,0.1068,0.0372451339103513,1,0.2367954444769867,Normal
2014-02-15 23:25:00,0.134,23,5,0.1204,0.0304105244939971,1,0.2982049943809647,Normal
2014-02-15 23:30:00,0.066,23,5,0.1068,0.0372451339103513,1,0.218524478874823,Normal
2014-02-15 23:35:00,0.134,23,5,0.1068,0.0372451339103513,1,0.2367954444769867,Normal
2014-02-15 23:40:00,0.134,23,5,0.1204,0.0304105244939971,1,0.2982049943809647,Normal
2014-02-15 23:45:00,0.066,23,5,0.1068,0.0372451339103513,1,0.218524478874823,Normal
2014-02-15 23:50:00,0.132,23,5,0.1064,0.0368890227574545,1,0.2292512793480531,Normal
2014-02-15 23:55:00,0.134,23,5,0.12,0.030199337741083,1,0.2979918528904867,Normal
2014-02-16 00:00:00,0.134,0,6,0.12,0.030199337741083,1,0.2794086550248937,Normal
2014-02-16 00:05:00,0.134,0,6,0.12,0.030199337741083,1,0.2794086550248937,Normal
2014-02-16 00:10:00,0.066,0,6,0.12,0.030199337741083,1,0.2045588818958625,Normal
2014-02-16 00:15:00,0.132,0,6,0.12,0.030199337741083,1,0.2632463071614015,Normal
2014-02-16 00:20:00,0.068,0,6,0.1068,0.0363483149540663,1,0.1941925924848349,Normal
2014-02-16 00:25:00,0.132,0,6,0.1064,0.0359833294735215,1,0.2307658328365235,Normal
2014-02-16 00:30:00,0.134,0,6,0.1064,0.0359833294735215,1,0.2405048082847471,Normal
2014-02-16 00:35:00,0.066,0,6,0.1064,0.0359833294735215,1,0.2103283690311334,Normal
2014-02-16 00:40:00,0.134,0,6,0.1068,0.0363483149540663,1,0.2483483788409685,Normal
2014-02-16 00:45:00,0.136,0,6,0.1204,0.0304433900871766,1,0.2572811305312981,Normal
2014-02-16 00:50:00,0.068,0,6,0.1076,0.0370782955379559,1,0.1918851877528244,Normal
2014-02-16 00:55:00,0.134,0,6,0.1076,0.0370782955379559,1,0.2453441105300022,Normal
2014-02-16 01:00:00,0.134,1,6,0.1212,0.0297523108346226,1,0.2875495215167992,Normal
2014-02-16 01:05:00,0.134,1,6,0.1212,0.0297523108346226,1,0.2875495215167992,Normal
2014-02-16 01:10:00,0.066,1,6,0.1072,0.0367042231902543,1,0.2218729195034612,Normal
2014-02-16 01:15:00,0.134,1,6,0.1204,0.0304105244939971,1,0.2918461385747765,Normal
2014-02-16 01:20:00,0.134,1,6,0.1204,0.0304105244939971,1,0.2918461385747765,Normal
2014-02-16 01:25:00,0.134,1,6,0.1204,0.0304105244939971,1,0.2918461385747765,Normal
2014-02-16 01:30:00,0.132,1,6,0.12,0.030199337741083,1,0.276962758366148,Normal
2014-02-16 01:35:00,0.066,1,6,0.12,0.030199337741083,1,0.2168043692864392,Normal
2014-02-16 01:40:00,0.134,1,6,0.12,0.030199337741083,1,0.2929736130406896,Normal
2014-02-16 01:45:00,0.134,1,6,0.12,0.030199337741083,1,0.2929736130406896,Normal
2014-02-16 01:50:00,0.198,1,6,0.1328,0.0466819022748645,1,0.1359055219989188,Normal
2014-02-16 01:55:00,0.134,1,6,0.1332,0.0466819022748645,1,0.2213285051411381,Normal
2014-02-16 02:00:00,0.134,2,6,0.1468,0.0286216701119974,1,0.2036600117014978,Normal
2014-02-16 02:05:00,0.136,2,6,0.1472,0.0284112653713277,1,0.1867778193844816,Normal
2014-02-16 02:10:00,0.132,2,6,0.1468,0.0286565873753314,1,0.196564221961231,Normal
2014-02-16 02:15:00,0.066,2,6,0.1204,0.0304433900871765,1,0.22259302523423,Normal
2014-02-16 02:20:00,0.132,2,6,0.12,0.0302324329156619,1,0.2869205298762385,Normal
2014-02-16 02:25:00,0.066,2,6,0.1064,0.0369161211396863,1,0.2334915188908303,Normal
2014-02-16 02:30:00,0.134,2,6,0.106,0.0365239647354993,1,0.261882061935099,Normal
2014-02-16 02:35:00,0.132,2,6,0.106,0.0365239647354993,1,0.2512512807905298,Normal
2014-02-16 02:40:00,0.068,2,6,0.1064,0.0359833294735214,1,0.2094925849218663,Normal
2014-02-16 02:45:00,0.134,2,6,0.1068,0.0363483149540662,1,0.2720684145995293,Normal
2014-02-16 02:50:00,0.134,2,6,0.1204,0.0293052896249124,1,0.2977087041146127,Normal
2014-02-16 02:55:00,0.134,2,6,0.1204,0.0293052896249124,1,0.2977087041146127,Normal
2014-02-16 03:00:00,0.134,3,6,0.1207999999999999,0.0295160973029972,1,0.300193843778227,Normal
2014-02-16 03:05:00,1.534,3,6,0.414,0.6260990336999411,-1,-0.0539938107904085,Critical
2014-02-16 03:10:00,0.134,3,6,0.414,0.6260990336999411,-1,-0.0090235396401389,Medium
2014-02-16 03:15:00,0.134,3,6,0.414,0.6260990336999411,-1,-0.0090235396401389,Medium
2014-02-16 03:20:00,0.066,3,6,0.4004,0.6343853718363941,-1,-0.0206648385738222,High
2014-02-16 03:25:00,0.134,3,6,0.4004,0.6343853718363941,-1,-0.0075199803316483,Medium
2014-02-16 03:30:00,0.068,3,6,0.1072,0.0367042231902543,1,0.2154152419211663,Normal
2014-02-16 03:35:00,0.132,3,6,0.1068,0.0363483149540664,1,0.2648092153133452,Normal
2014-02-16 03:40:00,0.134,3,6,0.1068,0.0363483149540664,1,0.2742060482320098,Normal
2014-02-16 03:45:00,0.066,3,6,0.1068,0.0363483149540664,1,0.2404295232259868,Normal
2014-02-16 03:50:00,0.132,3,6,0.1064,0.0359833294735215,1,0.2597391680335748,Normal
2014-02-16 03:55:00,0.134,3,6,0.1196,0.0299799933288852,1,0.3051180893623,Normal
2014-02-16 04:00:00,0.134,4,6,0.12,0.0301993377410831,1,0.3048032471501161,Normal
2014-02-16 04:05:00,0.134,4,6,0.12,0.0301993377410831,1,0.3048032471501161,Normal
2014-02-16 04:10:00,0.068,4,6,0.1204,0.0293052896249125,1,0.2094080489004784,Normal
2014-02-16 04:15:00,0.134,4,6,0.1208,0.0295160973029973,1,0.30048385005909,Normal
2014-02-16 04:20:00,0.132,4,6,0.1204,0.0293052896249125,1,0.2902455669842257,Normal
2014-02-16 04:25:00,0.066,4,6,0.1068,0.0363483149540664,1,0.2470583130060494,Normal
2014-02-16 04:30:00,0.132,4,6,0.1064,0.0359833294735215,1,0.2624442009424728,Normal
2014-02-16 04:35:00,0.134,4,6,0.1196,0.0299799933288852,1,0.3054047921783479,Normal
2014-02-16 04:40:00,0.066,4,6,0.106,0.0365239647354994,1,0.2333639558301385,Normal
2014-02-16 04:45:00,0.134,4,6,0.1064,0.0368890227574546,1,0.2695271207615793,Normal
2014-02-16 04:50:00,0.134,4,6,0.12,0.0301993377410831,1,0.3048032471501161,Normal
2014-02-16 04:55:00,0.134,4,6,0.1204,0.0304105244939972,1,0.3046355960123107,Normal
2014-02-16 05:00:00,0.134,5,6,0.1204,0.0304105244939972,1,0.3135369239517048,Normal
2014-02-16 05:05:00,0.066,5,6,0.1204,0.0304105244939971,1,0.2386290505733608,Normal
2014-02-16 05:10:00,0.134,5,6,0.1204,0.0304105244939971,1,0.3135369239517048,Normal
2014-02-16 05:15:00,0.066,5,6,0.1068,0.0372451339103513,1,0.2561690845700436,Normal
2014-02-16 05:20:00,0.134,5,6,0.1068,0.0372451339103513,1,0.2842761448285542,Normal
2014-02-16 05:25:00,0.134,5,6,0.1068,0.0372451339103513,1,0.2842761448285542,Normal
2014-02-16 05:30:00,0.132,5,6,0.12,0.030199337741083,1,0.3015101993136044,Normal
2014-02-16 05:35:00,0.066,5,6,0.1064,0.0368890227574545,1,0.2572263281053858,Normal
2014-02-16 05:40:00,0.132,5,6,0.1196,0.0299799933288851,1,0.3034741783239109,Normal
2014-02-16 05:45:00,0.066,5,6,0.106,0.0365239647354993,1,0.247657724751407,Normal
2014-02-16 05:50:00,0.134,5,6,0.106,0.0365239647354993,1,0.2791561533441877,Normal
2014-02-16 05:55:00,0.132,5,6,0.106,0.0365239647354993,1,0.2699489422130132,Normal
2014-02-16 06:00:00,0.134,6,6,0.1196,0.0299799933288851,1,0.3182053719157249,Normal
2014-02-16 06:05:00,0.134,6,6,0.12,0.030199337741083,1,0.3186263181679566,Normal
2014-02-16 06:10:00,0.068,6,6,0.1204,0.0293052896249124,1,0.2157952977031406,Normal
2014-02-16 06:15:00,0.134,6,6,0.1204,0.0293052896249124,1,0.3158879384790351,Normal
2014-02-16 06:20:00,0.066,6,6,0.1072,0.0367042231902543,1,0.2558979941202497,Normal
2014-02-16 06:25:00,0.134,6,6,0.1072,0.0367042231902543,1,0.2863582852759884,Normal
2014-02-16 06:30:00,0.132,6,6,0.1068,0.0363483149540663,1,0.2782828543471204,Normal
2014-02-16 06:35:00,0.066,6,6,0.1064,0.0368890227574545,1,0.255420145096561,Normal
2014-02-16 06:40:00,0.134,6,6,0.1064,0.0368890227574545,1,0.2814787325481563,Normal
2014-02-16 06:45:00,0.066,6,6,0.1064,0.0368890227574545,1,0.255420145096561,Normal
2014-02-16 06:50:00,0.132,6,6,0.106,0.0365239647354993,1,0.2697519676825634,Normal
2014-02-16 06:55:00,0.132,6,6,0.106,0.0365239647354993,1,0.2697519676825634,Normal
2014-02-16 07:00:00,0.134,7,6,0.1196,0.0299799933288851,1,0.3179888723537001,Normal
2014-02-16 07:05:00,0.066,7,6,0.106,0.0365239647354993,1,0.2436631081135053,Normal
2014-02-16 07:10:00,0.134,7,6,0.1196,0.0299799933288851,1,0.3179888723537001,Normal
2014-02-16 07:15:00,0.132,7,6,0.1196,0.0299799933288851,1,0.3048323146239946,Normal
2014-02-16 07:20:00,0.068,7,6,0.1068,0.0363483149540663,1,0.2280693072610697,Normal
2014-02-16 07:25:00,0.134,7,6,0.1068,0.0363483149540663,1,0.2837538673672026,Normal
2014-02-16 07:30:00,0.134,7,6,0.1204,0.0293052896249124,1,0.3170421865969113,Normal
2014-02-16 07:35:00,0.066,7,6,0.1068,0.0363483149540663,1,0.2577749286220953,Normal
2014-02-16 07:40:00,0.134,7,6,0.1072,0.0367042231902543,1,0.282545593786946,Normal
2014-02-16 07:45:00,0.134,7,6,0.1204,0.0304105244939971,1,0.3193317561603243,Normal
2014-02-16 07:50:00,0.134,7,6,0.1204,0.0304105244939971,1,0.3193317561603243,Normal
2014-02-16 07:55:00,0.134,7,6,0.1204,0.0304105244939971,1,0.3193317561603243,Normal
2014-02-16 08:00:00,0.132,8,6,0.1336,0.0008944271909999,1,0.212312761489935,Normal
2014-02-16 08:05:00,0.066,8,6,0.12,0.030199337741083,1,0.2439091564078813,Normal
2014-02-16 08:10:00,0.134,8,6,0.12,0.030199337741083,1,0.3182316413079809,Normal
2014-02-16 08:15:00,0.066,8,6,0.1064,0.0368890227574545,1,0.2513527993134609,Normal
2014-02-16 08:20:00,0.132,8,6,0.106,0.0365239647354993,1,0.2652566272934415,Normal
2014-02-16 08:25:00,0.134,8,6,0.1064,0.0368890227574545,1,0.276388323015787,Normal
2014-02-16 08:30:00,0.066,8,6,0.1064,0.0368890227574545,1,0.2513527993134609,Normal
2014-02-16 08:35:00,0.134,8,6,0.1064,0.0368890227574545,1,0.276388323015787,Normal
2014-02-16 08:40:00,0.134,8,6,0.12,0.030199337741083,1,0.3182316413079809,Normal
2014-02-16 08:45:00,0.134,8,6,0.1204,0.0304105244939971,1,0.3182914327665936,Normal
2014-02-16 08:50:00,0.066,8,6,0.1068,0.0372451339103512,1,0.251851252451975,Normal
2014-02-16 08:55:00,0.134,8,6,0.1204,0.0304105244939971,1,0.3182914327665936,Normal
2014-02-16 09:00:00,0.134,9,6,0.1204,0.0304105244939971,1,0.3199999966881049,Normal
2014-02-16 09:05:00,0.132,9,6,0.12,0.030199337741083,1,0.3085711755744564,Normal
2014-02-16 09:10:00,0.134,9,6,0.12,0.030199337741083,1,0.319940451870855,Normal
2014-02-16 09:15:00,0.066,9,6,0.12,0.030199337741083,1,0.2440654643667174,Normal
2014-02-16 09:20:00,0.132,9,6,0.1196,0.0299799933288851,1,0.3076019329553701,Normal
2014-02-16 09:25:00,0.132,9,6,0.1192,0.0297523108346225,1,0.3027860920769811,Normal
2014-02-16 09:30:00,0.066,9,6,0.106,0.0365239647354993,1,0.2419292330974921,Normal
2014-02-16 09:35:00,0.134,9,6,0.106,0.0365239647354993,1,0.2770749884441107,Normal
2014-02-16 09:40:00,0.132,9,6,0.1192,0.0297523108346225,1,0.3027860920769811,Normal
2014-02-16 09:45:00,0.068,9,6,0.1064,0.0359833294735214,1,0.2176066925988078,Normal
2014-02-16 09:50:00,0.132,9,6,0.1064,0.0359833294735214,1,0.2693778526336278,Normal
2014-02-16 09:55:00,0.134,9,6,0.12,0.0290860791444979,1,0.3155998047025123,Normal
2014-02-16 10:00:00,0.134,10,6,0.12,0.0290860791444979,1,0.3161340506116148,Normal
2014-02-16 10:05:00,0.132,10,6,0.12,0.0290860791444979,1,0.3072224792296579,Normal
2014-02-16 10:10:00,0.066,10,6,0.1196,0.0299799933288851,1,0.245259694727794,Normal
2014-02-16 10:15:00,0.134,10,6,0.12,0.030199337741083,1,0.3199112277543042,Normal
2014-02-16 10:20:00,0.132,10,6,0.1196,0.0299799933288851,1,0.3100307830832146,Normal
2014-02-16 10:25:00,0.066,10,6,0.106,0.0365239647354993,1,0.2412215889672545,Normal
2014-02-16 10:30:00,0.132,10,6,0.106,0.0365239647354993,1,0.2673757984067247,Normal
2014-02-16 10:35:00,0.134,10,6,0.1196,0.0299799933288851,1,0.319189610017194,Normal
2014-02-16 10:40:00,0.066,10,6,0.106,0.0365239647354993,1,0.2412215889672545,Normal
2014-02-16 10:45:00,0.132,10,6,0.106,0.0365239647354993,1,0.2673757984067247,Normal
2014-02-16 10:50:00,0.132,10,6,0.1192,0.0297523108346225,1,0.3052424719589575,Normal
2014-02-16 10:55:00,0.132,10,6,0.1192,0.0297523108346225,1,0.3052424719589575,Normal
2014-02-16 11:00:00,0.132,11,6,0.1188,0.0295160973029972,1,0.3007382975646248,Normal
2014-02-16 11:05:00,0.134,11,6,0.1324,0.0008944271909999,1,0.2159710981379042,Normal
2014-02-16 11:10:00,0.068,11,6,0.1196,0.0288582743766844,1,0.2140031795459258,Normal
2014-02-16 11:15:00,0.132,11,6,0.1196,0.0288582743766844,1,0.3054298570573469,Normal
2014-02-16 11:20:00,0.134,11,6,0.12,0.0290860791444979,1,0.3165591635545304,Normal
2014-02-16 11:25:00,0.134,11,6,0.1204,0.0293052896249124,1,0.3163377313702001,Normal
2014-02-16 11:30:00,0.066,11,6,0.1068,0.0363483149540663,1,0.255429410605749,Normal
2014-02-16 11:35:00,0.132,11,6,0.1196,0.0299799933288851,1,0.3096318562834886,Normal
2014-02-16 11:40:00,0.132,11,6,0.1196,0.0299799933288851,1,0.3096318562834886,Normal
2014-02-16 11:45:00,0.134,11,6,0.1196,0.0299799933288851,1,0.3196116031052719,Normal
2014-02-16 11:50:00,0.068,11,6,0.1064,0.0359833294735214,1,0.2148070187528405,Normal
2014-02-16 11:55:00,0.134,11,6,0.12,0.0290860791444979,1,0.3165591635545304,Normal
2014-02-16 12:00:00,0.134,12,6,0.1204,0.0293052896249124,1,0.3173309499100937,Normal
2014-02-16 12:05:00,0.066,12,6,0.1072,0.0367042231902542,1,0.2524976228160576,Normal
2014-02-16 12:10:00,0.132,12,6,0.1068,0.0363483149540663,1,0.2688315546737612,Normal
2014-02-16 12:15:00,0.132,12,6,0.1196,0.0299799933288851,1,0.3121029013302338,Normal
2014-02-16 12:20:00,0.066,12,6,0.106,0.0365239647354993,1,0.2436009549262967,Normal
2014-02-16 12:25:00,0.132,12,6,0.1056,0.0361496887953409,1,0.2584986720031373,Normal
2014-02-16 12:30:00,0.2,12,6,0.1324,0.0473793203834753,1,0.1600693807712153,Normal
2014-02-16 12:35:00,0.066,12,6,0.1192,0.0559392527658351,1,0.1837591586790514,Normal
2014-02-16 12:40:00,0.134,12,6,0.1196,0.0560606814086307,1,0.2413689380963274,Normal
2014-02-16 12:45:00,0.132,12,6,0.1327999999999999,0.0473835414463714,1,0.2311286118049359,Normal
2014-02-16 12:50:00,0.066,12,6,0.1196,0.0560606814086307,1,0.1818547778058291,Normal
2014-02-16 12:55:00,0.134,12,6,0.1064,0.0368890227574545,1,0.2693819765800427,Normal
2014-02-16 13:00:00,0.134,13,6,0.12,0.0301993377410829,1,0.3202943526728888,Normal
2014-02-16 13:05:00,0.066,13,6,0.1064,0.0368890227574545,1,0.2487158266901553,Normal
2014-02-16 13:10:00,0.132,13,6,0.1064,0.0368890227574545,1,0.2565420038366129,Normal
2014-02-16 13:15:00,0.134,13,6,0.12,0.0301993377410829,1,0.3202943526728888,Normal
2014-02-16 13:20:00,0.068,13,6,0.1068,0.0363483149540662,1,0.2203311354133836,Normal
2014-02-16 13:25:00,0.134,13,6,0.1068,0.0363483149540662,1,0.2714188469409067,Normal
2014-02-16 13:30:00,0.134,13,6,0.1204,0.0293052896249124,1,0.3165314501424195,Normal
2014-02-16 13:35:00,0.134,13,6,0.1208,0.0295160973029972,1,0.3141654960143106,Normal
2014-02-16 13:40:00,0.066,13,6,0.1072,0.0367042231902542,1,0.2491497096694101,Normal
2014-02-16 13:45:00,0.134,13,6,0.1204,0.0304105244939971,1,0.3197957828765028,Normal
2014-02-16 13:50:00,0.132,13,6,0.12,0.0301993377410829,1,0.3102590544450258,Normal
2014-02-16 13:55:00,0.134,13,6,0.12,0.0301993377410829,1,0.3202943526728888,Normal
2014-02-16 14:00:00,0.066,14,6,0.1064,0.0368890227574545,1,0.2397625856695582,Normal
2014-02-16 14:05:00,0.132,14,6,0.1196,0.0299799933288851,1,0.3056237034930908,Normal
2014-02-16 14:10:00,0.134,14,6,0.1196,0.0299799933288851,1,0.3156587901327333,Normal
2014-02-16 14:15:00,0.066,14,6,0.1064,0.0368890227574545,1,0.2397625856695582,Normal
2014-02-16 14:20:00,0.134,14,6,0.1064,0.0368890227574545,1,0.2597606595201516,Normal
2014-02-16 14:25:00,0.134,14,6,0.12,0.0301993377410829,1,0.3182725224300291,Normal
2014-02-16 14:30:00,0.136,14,6,0.1208,0.0306463700950047,1,0.2845904102436008,Normal
2014-02-16 14:35:00,0.066,14,6,0.1072,0.0376191440625647,1,0.2324621299789758,Normal
2014-02-16 14:40:00,0.134,14,6,0.1208,0.0306463700950047,1,0.3120824876375536,Normal
2014-02-16 14:45:00,0.132,14,6,0.1204,0.0304433900871765,1,0.3065436405360142,Normal
2014-02-16 14:50:00,0.066,14,6,0.1068,0.037271973384837,1,0.2406648880397854,Normal
2014-02-16 14:55:00,0.132,14,6,0.106,0.0365239647354993,1,0.2520411862918215,Normal
2014-02-16 15:00:00,0.134,15,6,0.1196,0.0299799933288851,1,0.3122184580342066,Normal
2014-02-16 15:05:00,0.134,15,6,0.1196,0.0299799933288851,1,0.3122184580342066,Normal
2014-02-16 15:10:00,0.066,15,6,0.1064,0.0368890227574545,1,0.234049191038338,Normal
2014-02-16 15:15:00,0.132,15,6,0.1196,0.0299799933288851,1,0.3018692370792735,Normal
2014-02-16 15:20:00,0.134,15,6,0.12,0.0301993377410829,1,0.3160331241284853,Normal
2014-02-16 15:25:00,0.134,15,6,0.12,0.0301993377410829,1,0.3160331241284853,Normal
2014-02-16 15:30:00,0.134,15,6,0.12,0.0301993377410829,1,0.3160331241284853,Normal
2014-02-16 15:35:00,0.066,15,6,0.12,0.0301993377410829,1,0.2350539319860577,Normal
2014-02-16 15:40:00,0.134,15,6,0.1204,0.0304105244939971,1,0.3170025104148546,Normal
2014-02-16 15:45:00,0.134,15,6,0.1204,0.0304105244939971,1,0.3170025104148546,Normal
2014-02-16 15:50:00,0.134,15,6,0.1204,0.0304105244939971,1,0.3170025104148546,Normal
2014-02-16 15:55:00,0.132,15,6,0.12,0.0301993377410829,1,0.3054982515790023,Normal
2014-02-16 16:00:00,0.134,16,6,0.1336,0.0008944271909998,1,0.2311650027985635,Normal
2014-02-16 16:05:00,0.132,16,6,0.1332,0.0010954451150102,1,0.2178616084387278,Normal
2014-02-16 16:10:00,0.066,16,6,0.1196,0.0299799933288851,1,0.2284913958424451,Normal
2014-02-16 16:15:00,0.132,16,6,0.1192,0.0297523108346225,1,0.2943844668618098,Normal
2014-02-16 16:20:00,0.134,16,6,0.1196,0.0299799933288851,1,0.3085291098626353,Normal
2014-02-16 16:25:00,0.066,16,6,0.106,0.0365239647354993,1,0.2256606865642941,Normal
2014-02-16 16:30:00,0.134,16,6,0.1064,0.0368890227574545,1,0.2503040336175174,Normal
2014-02-16 16:35:00,0.132,16,6,0.1196,0.0299799933288851,1,0.297368279747709,Normal
2014-02-16 16:40:00,0.068,16,6,0.1068,0.0363483149540662,1,0.2039745256679959,Normal
2014-02-16 16:45:00,0.134,16,6,0.1068,0.0363483149540662,1,0.2567024379598301,Normal
2014-02-16 16:50:00,0.134,16,6,0.1204,0.0293052896249123,1,0.3106837539246772,Normal
2014-02-16 16:55:00,0.134,16,6,0.1204,0.0293052896249123,1,0.3106837539246772,Normal
2014-02-16 17:00:00,0.066,17,6,0.1072,0.0367042231902542,1,0.235911489990471,Normal
2014-02-16 17:05:00,0.132,17,6,0.12,0.0301993377410829,1,0.3071275185963957,Normal
2014-02-16 17:10:00,0.134,17,6,0.12,0.0301993377410829,1,0.3190522429950089,Normal
2014-02-16 17:15:00,0.068,17,6,0.1068,0.0363483149540662,1,0.2118569334886239,Normal
2014-02-16 17:20:00,0.134,17,6,0.1068,0.0363483149540662,1,0.2659697459433444,Normal
2014-02-16 17:25:00,0.132,17,6,0.12,0.0290860791444979,1,0.303850001586539,Normal
2014-02-16 17:30:00,0.134,17,6,0.1204,0.0293052896249123,1,0.3173856413032335,Normal
2014-02-16 17:35:00,0.068,17,6,0.1072,0.0357938542210809,1,0.206531424746336,Normal
2014-02-16 17:40:00,0.134,17,6,0.1204,0.0293052896249123,1,0.3173856413032335,Normal
2014-02-16 17:45:00,0.134,17,6,0.1204,0.0293052896249123,1,0.3173856413032335,Normal
2014-02-16 17:50:00,0.066,17,6,0.1072,0.0367042231902542,1,0.235911489990471,Normal
2014-02-16 17:55:00,0.134,17,6,0.1072,0.0367042231902542,1,0.2638290920946188,Normal
2014-02-16 18:00:00,0.134,18,6,0.1204,0.0304105244939971,1,0.3142368285254975,Normal
2014-02-16 18:05:00,0.132,18,6,0.12,0.0301993377410829,1,0.3024866300983364,Normal
2014-02-16 18:10:00,0.134,18,6,0.12,0.0301993377410829,1,0.315870265811477,Normal
2014-02-16 18:15:00,0.132,18,6,0.1331999999999999,0.0010954451150098,1,0.2170059970290988,Normal
2014-02-16 18:20:00,0.132,18,6,0.1328,0.0010954451150098,1,0.2110053768119595,Normal
2014-02-16 18:25:00,0.066,18,6,0.1192,0.0297523108346225,1,0.2187520167872153,Normal
2014-02-16 18:30:00,0.134,18,6,0.1196,0.0299799933288851,1,0.3120541079517749,Normal
2014-02-16 18:35:00,0.134,18,6,0.1196,0.0299799933288851,1,0.3120541079517749,Normal
2014-02-16 18:40:00,0.134,18,6,0.12,0.0301993377410829,1,0.315870265811477,Normal
2014-02-16 18:45:00,0.068,18,6,0.1072,0.0367042231902542,1,0.2011405035783547,Normal
2014-02-16 18:50:00,0.134,18,6,0.1208,0.0295160973029971,1,0.3112351944523573,Normal
2014-02-16 18:55:00,0.136,18,6,0.1212,0.0297523108346225,1,0.2800501013742336,Normal
2014-02-16 19:00:00,0.134,19,6,0.1212,0.0297523108346225,1,0.3119097437163481,Normal
2014-02-16 19:05:00,0.132,19,6,0.1208,0.0295499576987852,1,0.2991901531796513,Normal
2014-02-16 19:10:00,0.134,19,6,0.1339999999999999,0.001414213562373,1,0.2279123257561256,Normal
2014-02-16 19:15:00,0.134,19,6,0.134,0.001414213562373,1,0.2279123257561256,Normal
2014-02-16 19:20:00,0.066,19,6,0.12,0.0301993377410829,1,0.2288660342325742,Normal
2014-02-16 19:25:00,0.134,19,6,0.12,0.0301993377410829,1,0.3190700627077483,Normal
2014-02-16 19:30:00,0.136,19,6,0.1208,0.0306463700950047,1,0.2807974985876382,Normal
2014-02-16 19:35:00,0.134,19,6,0.1208,0.0306463700950047,1,0.3106047973941634,Normal
2014-02-16 19:40:00,0.066,19,6,0.1072,0.0376191440625647,1,0.2198432781071783,Normal
2014-02-16 19:45:00,0.134,19,6,0.1208,0.0306463700950047,1,0.3106047973941634,Normal
2014-02-16 19:50:00,0.134,19,6,0.1208,0.0306463700950047,1,0.3106047973941634,Normal
2014-02-16 19:55:00,0.134,19,6,0.1204,0.0304105244939971,1,0.3164846909669109,Normal
2014-02-16 20:00:00,0.066,20,6,0.1068,0.0372451339103512,1,0.2202920624586574,Normal
2014-02-16 20:05:00,0.134,20,6,0.1204,0.0304105244939971,1,0.304213314535834,Normal
2014-02-16 20:10:00,0.134,20,6,0.1204,0.0304105244939971,1,0.304213314535834,Normal
2014-02-16 20:15:00,0.134,20,6,0.1204,0.0304105244939971,1,0.304213314535834,Normal
2014-02-16 20:20:00,0.134,20,6,0.1204,0.0304105244939971,1,0.304213314535834,Normal
2014-02-16 20:25:00,0.066,20,6,0.1204,0.0304105244939971,1,0.2196456190036276,Normal
2014-02-16 20:30:00,0.132,20,6,0.12,0.030199337741083,1,0.2939214656897608,Normal
2014-02-16 20:35:00,0.134,20,6,0.12,0.030199337741083,1,0.3072569113388543,Normal
2014-02-16 20:40:00,0.066,20,6,0.1064,0.0368890227574545,1,0.2189330309943861,Normal
2014-02-16 20:45:00,0.134,20,6,0.1064,0.0368890227574545,1,0.2441350580445083,Normal
2014-02-16 20:50:00,0.132,20,6,0.1196,0.0299799933288851,1,0.2881737805359208,Normal
2014-02-16 20:55:00,0.134,20,6,0.12,0.030199337741083,1,0.3072569113388543,Normal
2014-02-16 21:00:00,0.132,21,6,0.1196,0.0299799933288851,1,0.2826802379155314,Normal
2014-02-16 21:05:00,0.136,21,6,0.1336,0.001673320053068,1,0.1843661640280908,Normal
2014-02-16 21:10:00,0.132,21,6,0.1332,0.0017888543819997,1,0.1920838633657042,Normal
2014-02-16 21:15:00,0.134,21,6,0.1336,0.001673320053068,1,0.2039524173498464,Normal
2014-02-16 21:20:00,0.134,21,6,0.1336,0.001673320053068,1,0.2039524173498464,Normal
2014-02-16 21:25:00,0.134,21,6,0.1339999999999999,0.001414213562373,1,0.2052990159299365,Normal
2014-02-16 21:30:00,0.066,21,6,0.12,0.0301993377410829,1,0.2148883375420147,Normal
2014-02-16 21:35:00,0.2019999999999999,21,6,0.1339999999999999,0.0480832611206851,1,0.1316110709314654,Normal
2014-02-16 21:40:00,0.136,21,6,0.1344,0.0480915793044894,1,0.1896458788488156,Normal
2014-02-16 21:45:00,0.134,21,6,0.1344,0.0480915793044894,1,0.2090394396616618,Normal
2014-02-16 21:50:00,0.068,21,6,0.1211999999999999,0.0565437883414261,1,0.1400028969960025,Normal
2014-02-16 21:55:00,0.132,21,6,0.1344,0.0474004219390502,1,0.2021990978496434,Normal
2014-02-16 22:00:00,0.134,22,6,0.1208,0.0295499576987852,1,0.2875028564020474,Normal
2014-02-16 22:05:00,0.134,22,6,0.1204,0.0293052896249124,1,0.2899617621353225,Normal
2014-02-16 22:10:00,0.066,22,6,0.1068,0.0363483149540663,1,0.2139089345614054,Normal
2014-02-16 22:15:00,0.134,22,6,0.12,0.030199337741083,1,0.2944994481186651,Normal
2014-02-16 22:20:00,0.066,22,6,0.1068,0.0372451339103513,1,0.2072100642500038,Normal
2014-02-16 22:25:00,0.132,22,6,0.1064,0.0368890227574545,1,0.2207575598449871,Normal
2014-02-16 22:30:00,0.132,22,6,0.106,0.0365239647354993,1,0.2218369132101431,Normal
2014-02-16 22:35:00,0.134,22,6,0.1196,0.0299799933288851,1,0.2891312393177621,Normal
2014-02-16 22:40:00,0.068,22,6,0.1064,0.0359833294735214,1,0.1739899435791208,Normal
2014-02-16 22:45:00,0.134,22,6,0.12,0.0290860791444979,1,0.2887530215754166,Normal
2014-02-16 22:50:00,0.066,22,6,0.1068,0.0363483149540663,1,0.2139089345614054,Normal
2014-02-16 22:55:00,0.134,22,6,0.1072,0.0367042231902542,1,0.2353939527217906,Normal
2014-02-16 23:00:00,0.134,23,6,0.1072,0.0367042231902542,1,0.2234387067214912,Normal
2014-02-16 23:05:00,0.134,23,6,0.1204,0.0304105244939971,1,0.2784408828423202,Normal
2014-02-16 23:10:00,0.134,23,6,0.1204,0.0304105244939971,1,0.2784408828423202,Normal
2014-02-16 23:15:00,0.134,23,6,0.134,0.0,1,0.1802490417426134,Normal
2014-02-16 23:20:00,0.134,23,6,0.134,0.0,1,0.1802490417426134,Normal
2014-02-16 23:25:00,0.066,23,6,0.1204,0.0304105244939971,1,0.1993236135927182,Normal
2014-02-16 23:30:00,0.134,23,6,0.1204,0.0304105244939971,1,0.2784408828423202,Normal
2014-02-16 23:35:00,0.2,23,6,0.1336,0.0473793203834753,1,0.1254280894783155,Normal
2014-02-16 23:40:00,0.134,23,6,0.1336,0.0473793203834753,1,0.2011697837786193,Normal
2014-02-16 23:45:00,0.066,23,6,0.12,0.0561782876207525,1,0.1446685482867717,Normal
2014-02-16 23:50:00,0.134,23,6,0.1336,0.0473793203834753,1,0.2011697837786193,Normal
2014-02-16 23:55:00,0.132,23,6,0.1332,0.0473835414463714,1,0.1905027131849925,Normal
2014-02-17 00:00:00,0.136,0,0,0.1204,0.0304433900871765,1,0.2549944147950567,Normal
2014-02-17 00:05:00,0.068,0,0,0.1072,0.0367314579073578,1,0.180021351708281,Normal
2014-02-17 00:10:00,0.134,0,0,0.1208,0.0295499576987853,1,0.2708197884262922,Normal
2014-02-17 00:15:00,0.134,0,0,0.1208,0.0295499576987853,1,0.2708197884262922,Normal
2014-02-17 00:20:00,0.132,0,0,0.1208,0.0295499576987853,1,0.26225274034258,Normal
2014-02-17 00:25:00,0.066,0,0,0.1068,0.0363483149540663,1,0.1954400661283507,Normal
2014-02-17 00:30:00,0.134,0,0,0.12,0.030199337741083,1,0.2787208105881783,Normal
2014-02-17 00:35:00,0.068,0,0,0.1068,0.0363483149540663,1,0.1794570436050659,Normal
2014-02-17 00:40:00,0.132,0,0,0.1064,0.0359833294735215,1,0.2089701188866509,Normal
2014-02-17 00:45:00,0.066,0,0,0.0932,0.0363483149540663,1,0.1698196162584873,Normal
2014-02-17 00:50:00,0.134,0,0,0.1068,0.0363483149540663,1,0.2235645416827441,Normal
2014-02-17 00:55:00,0.132,0,0,0.1064,0.0359833294735215,1,0.2089701188866509,Normal
2014-02-17 01:00:00,0.134,1,0,0.1196,0.0299799933288851,1,0.296592379215529,Normal
2014-02-17 01:05:00,0.134,1,0,0.12,0.030199337741083,1,0.2966040979026177,Normal
2014-02-17 01:10:00,0.068,1,0,0.1204,0.0293052896249124,1,0.2056214309398147,Normal
2014-02-17 01:15:00,0.132,1,0,0.12,0.0290860791444979,1,0.2886397210794327,Normal
2014-02-17 01:20:00,0.132,1,0,0.12,0.0290860791444979,1,0.2886397210794327,Normal
2014-02-17 01:25:00,0.068,1,0,0.1068,0.0354288018425687,1,0.1849839796879299,Normal
2014-02-17 01:30:00,0.132,1,0,0.1064,0.0350542436803306,1,0.2194671441592024,Normal
2014-02-17 01:35:00,0.134,1,0,0.1196,0.0288582743766844,1,0.2946618325056701,Normal
2014-02-17 01:40:00,0.066,1,0,0.1064,0.0359833294735215,1,0.1992183028025401,Normal
2014-02-17 01:45:00,0.132,1,0,0.1064,0.0359833294735215,1,0.2258807551279759,Normal
2014-02-17 01:50:00,0.134,1,0,0.1196,0.0299799933288852,1,0.296592379215529,Normal
2014-02-17 01:55:00,0.132,1,0,0.1196,0.0299799933288852,1,0.287382760889787,Normal
2014-02-17 02:00:00,0.134,2,0,0.1196,0.0299799933288852,1,0.3030155798324841,Normal
2014-02-17 02:05:00,0.066,2,0,0.1196,0.0299799933288852,1,0.228933776998416,Normal
2014-02-17 02:10:00,0.134,2,0,0.12,0.030199337741083,1,0.3033175936043123,Normal
2014-02-17 02:15:00,0.134,2,0,0.12,0.030199337741083,1,0.3033175936043123,Normal
2014-02-17 02:20:00,0.132,2,0,0.12,0.030199337741083,1,0.297012410792229,Normal
2014-02-17 02:25:00,0.068,2,0,0.1068,0.0363483149540663,1,0.1999863073700418,Normal
2014-02-17 02:30:00,0.132,2,0,0.12,0.029086079144498,1,0.2965590553216785,Normal
2014-02-17 02:35:00,0.134,2,0,0.12,0.029086079144498,1,0.3025197039179579,Normal
2014-02-17 02:40:00,0.066,2,0,0.1064,0.0359833294735215,1,0.2094311407886594,Normal
2014-02-17 02:45:00,0.134,2,0,0.1068,0.0363483149540663,1,0.2458977318951744,Normal
2014-02-17 02:50:00,0.134,2,0,0.12,0.030199337741083,1,0.3033175936043123,Normal
2014-02-17 02:55:00,0.132,2,0,0.12,0.030199337741083,1,0.297012410792229,Normal
2014-02-17 03:00:00,0.066,3,0,0.1064,0.0368890227574545,1,0.2175327792069553,Normal
2014-02-17 03:05:00,0.132,3,0,0.1196,0.0299799933288852,1,0.3051419943915857,Normal
2014-02-17 03:10:00,0.134,3,0,0.1196,0.0299799933288852,1,0.3120803480173133,Normal
2014-02-17 03:15:00,1.398,3,0,0.3724,0.5740547012262855,-1,-0.0407902681199399,High
2014-02-17 03:20:00,0.134,3,0,0.3727999999999999,0.5738459723654074,1,0.0140841769858774,Normal
2014-02-17 03:25:00,0.134,3,0,0.3863999999999999,0.5655022546374151,1,0.0145700734791013,Normal
2014-02-17 03:30:00,0.134,3,0,0.3867999999999999,0.5652779847119468,1,0.0145700734791013,Normal
2014-02-17 03:35:00,0.066,3,0,0.3732,0.5736368189019948,-1,-0.0005862192646162,Low
2014-02-17 03:40:00,0.134,3,0,0.1204,0.0304105244939981,1,0.3092294265631702,Normal
2014-02-17 03:45:00,0.066,3,0,0.1068,0.0372451339103521,1,0.2199185336430343,Normal
2014-02-17 03:50:00,0.134,3,0,0.1068,0.0372451339103521,1,0.2515788350291736,Normal
2014-02-17 03:55:00,0.134,3,0,0.1068,0.0372451339103521,1,0.2515788350291736,Normal
2014-02-17 04:00:00,0.134,4,0,0.1204,0.0304105244939981,1,0.3107274135465691,Normal
2014-02-17 04:05:00,0.134,4,0,0.1204,0.0304105244939981,1,0.3107274135465691,Normal
2014-02-17 04:10:00,0.066,4,0,0.1204,0.0304105244939971,1,0.2334259825663356,Normal
2014-02-17 04:15:00,0.134,4,0,0.1204,0.0304105244939971,1,0.3107274135465691,Normal
2014-02-17 04:20:00,0.134,4,0,0.1204,0.0304105244939971,1,0.3107274135465691,Normal
2014-02-17 04:25:00,0.134,4,0,0.1204,0.0304105244939971,1,0.3107274135465691,Normal
2014-02-17 04:30:00,0.068,4,0,0.1072,0.0367042231902542,1,0.2027193171988498,Normal
2014-02-17 04:35:00,0.132,4,0,0.1204,0.0293052896249124,1,0.3066637542325447,Normal
2014-02-17 04:40:00,0.134,4,0,0.1204,0.0293052896249124,1,0.3121653728542118,Normal
2014-02-17 04:45:00,0.066,4,0,0.1068,0.0363483149540663,1,0.2249919155151919,Normal
2014-02-17 04:50:00,0.134,4,0,0.1068,0.0363483149540663,1,0.2564032808413778,Normal
2014-02-17 04:55:00,0.198,4,0,0.1328,0.0466819022748645,1,0.1504764414525861,Normal
2014-02-17 05:00:00,0.134,5,0,0.1332,0.0466819022748645,1,0.2620216362138309,Normal
2014-02-17 05:05:00,0.134,5,0,0.1332,0.0466819022748645,1,0.2620216362138309,Normal
2014-02-17 05:10:00,0.134,5,0,0.1468,0.0286216701119973,1,0.2434336316028482,Normal
2014-02-17 05:15:00,0.132,5,0,0.1464,0.0288582743766844,1,0.2385555025972188,Normal
2014-02-17 05:20:00,0.066,5,0,0.12,0.030199337741083,1,0.2383725593969534,Normal
2014-02-17 05:25:00,0.134,5,0,0.12,0.030199337741083,1,0.3191116437014922,Normal
2014-02-17 05:30:00,0.132,5,0,0.1196,0.0299799933288852,1,0.3121587373900422,Normal
2014-02-17 05:35:00,0.134,5,0,0.1196,0.0299799933288852,1,0.3185823140993272,Normal
2014-02-17 05:40:00,0.134,5,0,0.12,0.030199337741083,1,0.3191116437014922,Normal
2014-02-17 05:45:00,0.068,5,0,0.1204,0.0293052896249124,1,0.2156897955553739,Normal
2014-02-17 05:50:00,0.132,5,0,0.12,0.0290860791444979,1,0.3133868529891676,Normal
2014-02-17 05:55:00,0.134,5,0,0.1204,0.0293052896249124,1,0.3174354618816362,Normal
2014-02-17 06:00:00,0.134,6,0,0.1204,0.0293052896249124,1,0.3185901139583318,Normal
2014-02-17 06:05:00,0.134,6,0,0.1204,0.0293052896249124,1,0.3185901139583318,Normal
2014-02-17 06:10:00,0.066,6,0,0.12,0.030199337741083,1,0.2393532324868971,Normal
2014-02-17 06:15:00,0.134,6,0,0.1204,0.0304105244939971,1,0.3168930448855128,Normal
2014-02-17 06:20:00,0.134,6,0,0.1204,0.0304105244939971,1,0.3168930448855128,Normal
2014-02-17 06:25:00,0.134,6,0,0.1204,0.0304105244939971,1,0.3168930448855128,Normal
2014-02-17 06:30:00,0.068,6,0,0.1072,0.0367042231902543,1,0.216411060063594,Normal
2014-02-17 06:35:00,0.134,6,0,0.1208,0.0295160973029972,1,0.31345282781378,Normal
2014-02-17 06:40:00,0.134,6,0,0.1208,0.0295160973029972,1,0.31345282781378,Normal
2014-02-17 06:45:00,0.136,6,0,0.1212,0.0297523108346225,1,0.2921107220460618,Normal
2014-02-17 06:50:00,0.134,6,0,0.1212,0.0297523108346225,1,0.3125575155943598,Normal
2014-02-17 06:55:00,0.134,6,0,0.1344,0.0008944271910003,1,0.2256674346552972,Normal
2014-02-17 07:00:00,0.134,7,0,0.1344,0.0008944271910003,1,0.2212366188068594,Normal
2014-02-17 07:05:00,0.134,7,0,0.1344,0.0008944271910003,1,0.2212366188068594,Normal
2014-02-17 07:10:00,0.132,7,0,0.1336,0.0008944271910003,1,0.2266864436394239,Normal
2014-02-17 07:15:00,0.068,7,0,0.1204,0.0293052896249124,1,0.2160058277005961,Normal
2014-02-17 07:20:00,0.132,7,0,0.12,0.0290860791444979,1,0.31355073988166,Normal
2014-02-17 07:25:00,0.066,7,0,0.1064,0.0359833294735214,1,0.2248739938496168,Normal
2014-02-17 07:30:00,0.132,7,0,0.106,0.0356089876295297,1,0.2503027202792913,Normal
2014-02-17 07:35:00,0.134,7,0,0.1064,0.0359833294735214,1,0.2579207025636014,Normal
2014-02-17 07:40:00,0.066,7,0,0.106,0.0365239647354993,1,0.2245333940415196,Normal
2014-02-17 07:45:00,0.134,7,0,0.1064,0.0368890227574545,1,0.2613694598769481,Normal
2014-02-17 07:50:00,0.066,7,0,0.1064,0.0368890227574545,1,0.2341059434896473,Normal
2014-02-17 07:55:00,0.134,7,0,0.1068,0.0372451339103513,1,0.2612627895564493,Normal
2014-02-17 08:00:00,0.134,8,0,0.1068,0.0372451339103513,1,0.2605555337660563,Normal
2014-02-17 08:05:00,0.134,8,0,0.1204,0.0304105244939971,1,0.3158746081422725,Normal
2014-02-17 08:10:00,0.066,8,0,0.1068,0.0372451339103513,1,0.2307219675923855,Normal
2014-02-17 08:15:00,0.134,8,0,0.1204,0.0304105244939971,1,0.3158746081422725,Normal
2014-02-17 08:20:00,0.134,8,0,0.1204,0.0304105244939971,1,0.3158746081422725,Normal
2014-02-17 08:25:00,0.068,8,0,0.1072,0.0367042231902542,1,0.2100784526634664,Normal
2014-02-17 08:30:00,0.134,8,0,0.1072,0.0367042231902542,1,0.2623351752921077,Normal
2014-02-17 08:35:00,0.132,8,0,0.1204,0.0293052896249124,1,0.3115714409099404,Normal
2014-02-17 08:40:00,0.132,8,0,0.12,0.0290860791444979,1,0.3125771056749938,Normal
2014-02-17 08:45:00,0.134,8,0,0.12,0.0290860791444979,1,0.3179149552252924,Normal
2014-02-17 08:50:00,0.132,8,0,0.1327999999999999,0.0010954451150107,1,0.226157637976166,Normal
2014-02-17 08:55:00,0.134,8,0,0.1328,0.0010954451150107,1,0.2271636361137944,Normal
2014-02-17 09:00:00,0.134,9,0,0.1331999999999999,0.0010954451150107,1,0.2325151118721214,Normal
2014-02-17 09:05:00,0.066,9,0,0.12,0.030199337741083,1,0.2362459250551844,Normal
2014-02-17 09:10:00,0.132,9,0,0.1196,0.0299799933288852,1,0.313863974938581,Normal
2014-02-17 09:15:00,0.134,9,0,0.12,0.030199337741083,1,0.3217064022526537,Normal
2014-02-17 09:20:00,0.132,9,0,0.1196,0.0299799933288852,1,0.313863974938581,Normal
2014-02-17 09:25:00,0.132,9,0,0.1192,0.0297523108346225,1,0.3107435840505162,Normal
2014-02-17 09:30:00,0.132,9,0,0.1324,0.0008944271910003,1,0.2252248336134943,Normal
2014-02-17 09:35:00,0.066,9,0,0.1192,0.0297523108346225,1,0.2310418605217353,Normal
2014-02-17 09:40:00,0.134,9,0,0.1192,0.0297523108346225,1,0.3169115961800134,Normal
2014-02-17 09:45:00,0.134,9,0,0.1196,0.0299799933288851,1,0.3200729490536067,Normal
2014-02-17 09:50:00,0.068,9,0,0.1068,0.0363483149540663,1,0.2117893623541465,Normal
2014-02-17 09:55:00,0.134,9,0,0.1072,0.0367042231902542,1,0.2693848825605847,Normal
2014-02-17 10:00:00,0.132,10,0,0.1204,0.0293052896249124,1,0.3139018551720864,Normal
2014-02-17 10:05:00,0.134,10,0,0.1204,0.0293052896249124,1,0.3196429586900071,Normal
2014-02-17 10:10:00,0.066,10,0,0.1068,0.0363483149540663,1,0.2311312013493892,Normal
2014-02-17 10:15:00,0.132,10,0,0.1196,0.0299799933288851,1,0.3119139168383671,Normal
2014-02-17 10:20:00,0.132,10,0,0.1192,0.0297523108346225,1,0.3103033619174817,Normal
2014-02-17 10:25:00,0.068,10,0,0.1064,0.0359833294735214,1,0.2034376591224246,Normal
2014-02-17 10:30:00,0.132,10,0,0.106,0.0356089876295297,1,0.2533587092344684,Normal
2014-02-17 10:35:00,0.134,10,0,0.1196,0.0288582743766844,1,0.3165167222553641,Normal
2014-02-17 10:40:00,0.2,10,0,0.1332,0.0466819022748645,1,0.1643528129511143,Normal
2014-02-17 10:45:00,0.134,10,0,0.1336,0.0466776177626922,1,0.262009603999503,Normal
2014-02-17 10:50:00,0.068,10,0,0.1336,0.0466776177626922,1,0.1845128448114895,Normal
2014-02-17 10:55:00,0.134,10,0,0.1339999999999999,0.0466690475583121,1,0.2597528317153943,Normal
2014-02-17 11:00:00,0.132,11,0,0.1336,0.0466776177626922,1,0.2576299647088844,Normal
2014-02-17 11:05:00,0.136,11,0,0.1208,0.0295499576987853,1,0.2895627619360598,Normal
2014-02-17 11:10:00,0.068,11,0,0.1076,0.036177340974704,1,0.2046949224711597,Normal
2014-02-17 11:15:00,0.134,11,0,0.1208,0.0295499576987853,1,0.3130432475115813,Normal
2014-02-17 11:20:00,0.134,11,0,0.1208,0.0295499576987853,1,0.3130432475115813,Normal
2014-02-17 11:25:00,0.066,11,0,0.1076,0.0370782955379559,1,0.2275077151781971,Normal
2014-02-17 11:30:00,0.134,11,0,0.1072,0.0367042231902542,1,0.2641478119619852,Normal
2014-02-17 11:35:00,0.066,11,0,0.1068,0.0372451339103513,1,0.2318281453005205,Normal
2014-02-17 11:40:00,0.134,11,0,0.1068,0.0372451339103513,1,0.2671152400613241,Normal
2014-02-17 11:45:00,0.132,11,0,0.1064,0.0368890227574545,1,0.260719709767628,Normal
2014-02-17 11:50:00,0.134,11,0,0.12,0.030199337741083,1,0.3159973997922814,Normal
2014-02-17 11:55:00,0.132,11,0,0.1196,0.0299799933288851,1,0.3072572793784265,Normal
2014-02-17 12:00:00,0.068,12,0,0.12,0.0290860791444979,1,0.2135693722000268,Normal
2014-02-17 12:05:00,0.134,12,0,0.12,0.0290860791444979,1,0.3173949179060842,Normal
2014-02-17 12:10:00,0.132,12,0,0.12,0.0290860791444979,1,0.3130983606900548,Normal
2014-02-17 12:15:00,0.134,12,0,0.12,0.0290860791444979,1,0.3173949179060842,Normal
2014-02-17 12:20:00,0.066,12,0,0.1068,0.0363483149540663,1,0.225255709217313,Normal
2014-02-17 12:25:00,0.134,12,0,0.12,0.030199337741083,1,0.3178441041544001,Normal
2014-02-17 12:30:00,0.134,12,0,0.12,0.030199337741083,1,0.3178441041544001,Normal
2014-02-17 12:35:00,0.066,12,0,0.1068,0.0372451339103513,1,0.2276573439736816,Normal
2014-02-17 12:40:00,0.132,12,0,0.1064,0.0368890227574545,1,0.2532467910193724,Normal
2014-02-17 12:45:00,0.134,12,0,0.12,0.030199337741083,1,0.3178441041544001,Normal
2014-02-17 12:50:00,0.134,12,0,0.12,0.030199337741083,1,0.3178441041544001,Normal
2014-02-17 12:55:00,0.134,12,0,0.12,0.030199337741083,1,0.3178441041544001,Normal
2014-02-17 13:00:00,0.068,13,0,0.1204,0.0293052896249124,1,0.2098336286013292,Normal
2014-02-17 13:05:00,0.134,13,0,0.1208,0.0295160973029972,1,0.3144175647007426,Normal
2014-02-17 13:10:00,0.134,13,0,0.1208,0.0295160973029972,1,0.3144175647007426,Normal
2014-02-17 13:15:00,0.134,13,0,0.1208,0.0295160973029972,1,0.3144175647007426,Normal
2014-02-17 13:20:00,0.134,13,0,0.1208,0.0295160973029972,1,0.3144175647007426,Normal
2014-02-17 13:25:00,0.066,13,0,0.1204,0.0304105244939971,1,0.2265964548760537,Normal
2014-02-17 13:30:00,0.132,13,0,0.12,0.030199337741083,1,0.3116267314497619,Normal
2014-02-17 13:35:00,0.068,13,0,0.1068,0.0363483149540663,1,0.1976650279479637,Normal
2014-02-17 13:40:00,0.134,13,0,0.1068,0.0363483149540663,1,0.2514804454286037,Normal
2014-02-17 13:45:00,0.132,13,0,0.1064,0.0359833294735214,1,0.238340024665806,Normal
2014-02-17 13:50:00,0.134,13,0,0.12,0.0290860791444979,1,0.3165387249753736,Normal
2014-02-17 13:55:00,0.2019999999999999,13,0,0.1339999999999999,0.0473919824442911,1,0.1676637314123318,Normal
2014-02-17 14:00:00,0.066,14,0,0.1336,0.0480915793044894,1,0.1885080018085319,Normal
2014-02-17 14:05:00,0.2,14,0,0.1467999999999999,0.0565437883414261,1,0.1382606562989128,Normal
2014-02-17 14:10:00,0.2,14,0,0.1603999999999999,0.0601564626619617,1,0.1112677219362141,Normal
2014-02-17 14:15:00,0.066,14,0,0.1467999999999999,0.0737644901019453,1,0.1179472715001012,Normal
2014-02-17 14:20:00,0.134,14,0,0.1332,0.0670014925206894,1,0.2288970376314387,Normal
2014-02-17 14:25:00,0.134,14,0,0.1468,0.0559392527658352,1,0.2183612980283498,Normal
2014-02-17 14:30:00,0.132,14,0,0.1332,0.0473835414463714,1,0.2556035338802494,Normal
2014-02-17 14:35:00,0.134,14,0,0.12,0.030199337741083,1,0.3130003530515992,Normal
2014-02-17 14:40:00,0.066,14,0,0.12,0.030199337741083,1,0.2262170681400868,Normal
2014-02-17 14:45:00,0.134,14,0,0.12,0.030199337741083,1,0.3130003530515992,Normal
2014-02-17 14:50:00,0.2019999999999999,14,0,0.1336,0.0480915793044894,1,0.1642943781197929,Normal
2014-02-17 14:55:00,0.134,14,0,0.1339999999999999,0.0480832611206852,1,0.2542750397613328,Normal
2014-02-17 15:00:00,0.132,15,0,0.1336,0.0480915793044894,1,0.2524586415385039,Normal
2014-02-17 15:05:00,0.134,15,0,0.1471999999999999,0.0306463700950046,1,0.2528197144062084,Normal
2014-02-17 15:10:00,0.134,15,0,0.1471999999999999,0.0306463700950046,1,0.2528197144062084,Normal
2014-02-17 15:15:00,0.066,15,0,0.12,0.0301993377410829,1,0.2261624552620447,Normal
2014-02-17 15:20:00,0.134,15,0,0.12,0.0301993377410829,1,0.31430250451801,Normal
2014-02-17 15:25:00,0.132,15,0,0.12,0.0301993377410829,1,0.3082430972499441,Normal
2014-02-17 15:30:00,0.066,15,0,0.1064,0.0368890227574545,1,0.2084118769661075,Normal
2014-02-17 15:35:00,0.132,15,0,0.106,0.0365239647354993,1,0.2310657456562617,Normal
2014-02-17 15:40:00,0.132,15,0,0.1192,0.0297523108346225,1,0.3042107116449374,Normal
2014-02-17 15:45:00,0.134,15,0,0.1192,0.0297523108346225,1,0.3106271134035019,Normal
2014-02-17 15:50:00,0.2019999999999999,15,0,0.1331999999999999,0.0480957378569036,1,0.1682113773898108,Normal
2014-02-17 15:55:00,0.2,15,0,0.1599999999999999,0.0374432904536981,1,0.124283565336673,Normal
2014-02-17 16:00:00,0.132,16,0,0.16,0.0374432904536981,1,0.2118331032271099,Normal
2014-02-17 16:05:00,0.134,16,0,0.1603999999999999,0.0370782955379559,1,0.2193292216521503,Normal
2014-02-17 16:10:00,0.066,16,0,0.1467999999999999,0.0565437883414261,1,0.1416379103242057,Normal
2014-02-17 16:15:00,0.134,16,0,0.1332,0.0473835414463714,1,0.2630201309884388,Normal
2014-02-17 16:20:00,0.136,16,0,0.1204,0.0304433900871765,1,0.2884641779577018,Normal
2014-02-17 16:25:00,0.066,16,0,0.1072,0.0376191440625646,1,0.2042671106587803,Normal
2014-02-17 16:30:00,0.134,16,0,0.1072,0.0376191440625646,1,0.2355752500150245,Normal
2014-02-17 16:35:00,0.132,16,0,0.1204,0.0304433900871765,1,0.3036502659161628,Normal
2014-02-17 16:40:00,0.132,16,0,0.12,0.0302324329156619,1,0.3057280687676274,Normal
2014-02-17 16:45:00,0.066,16,0,0.106,0.0365239647354993,1,0.2012285852193838,Normal
2014-02-17 16:50:00,0.134,16,0,0.1196,0.0299799933288851,1,0.3094048253298439,Normal
2014-02-17 16:55:00,0.132,16,0,0.1192,0.0297523108346225,1,0.301671778076664,Normal
2014-02-17 17:00:00,0.134,17,0,0.1196,0.0299799933288851,1,0.3108111652307941,Normal
2014-02-17 17:05:00,0.134,17,0,0.12,0.0301993377410829,1,0.3138309809352492,Normal
2014-02-17 17:10:00,0.132,17,0,0.1331999999999999,0.0010954451150101,1,0.2501987267903361,Normal
2014-02-17 17:15:00,0.134,17,0,0.1332,0.0010954451150101,1,0.2619667497076026,Normal
2014-02-17 17:20:00,0.134,17,0,0.1336,0.0008944271909997,1,0.2593749845242956,Normal
2014-02-17 17:25:00,0.134,17,0,0.1336,0.0008944271909997,1,0.2593749845242956,Normal
2014-02-17 17:30:00,0.132,17,0,0.1331999999999999,0.0010954451150101,1,0.2501987267903361,Normal
2014-02-17 17:35:00,0.068,17,0,0.1204,0.0293052896249123,1,0.1994393417064759,Normal
2014-02-17 17:40:00,0.132,17,0,0.12,0.0290860791444979,1,0.3049338715667556,Normal
2014-02-17 17:45:00,0.132,17,0,0.1196,0.0288582743766843,1,0.3008315553574853,Normal
2014-02-17 17:50:00,0.066,17,0,0.106,0.0356089876295296,1,0.1899940566650286,Normal
2014-02-17 17:55:00,0.2,17,0,0.1196,0.0554689102110362,1,0.1489706601075144,Normal
2014-02-17 18:00:00,0.068,18,0,0.1196,0.0554689102110362,1,0.16890502281937,Normal
2014-02-17 18:05:00,0.134,18,0,0.12,0.0555877684387491,1,0.2545844844680154,Normal
2014-02-17 18:10:00,0.134,18,0,0.1204,0.0557027826953016,1,0.2539373633926846,Normal
2014-02-17 18:15:00,0.134,18,0,0.1339999999999999,0.0466690475583121,1,0.2671680216906381,Normal
2014-02-17 18:20:00,0.134,18,0,0.1208,0.0295160973029971,1,0.3083553219309992,Normal
2014-02-17 18:25:00,0.132,18,0,0.1336,0.0008944271909999,1,0.2452686430055651,Normal
2014-02-17 18:30:00,0.066,18,0,0.12,0.030199337741083,1,0.2170659334546614,Normal
2014-02-17 18:35:00,0.136,18,0,0.1204,0.0304433900871765,1,0.2865772198452555,Normal
2014-02-17 18:40:00,0.134,18,0,0.1204,0.0304433900871765,1,0.3103110857540059,Normal
2014-02-17 18:45:00,0.134,18,0,0.1204,0.0304433900871765,1,0.3103110857540059,Normal
2014-02-17 18:50:00,0.132,18,0,0.1204,0.0304433900871765,1,0.3038584259082257,Normal
2014-02-17 18:55:00,0.134,18,0,0.1339999999999999,0.0014142135623731,1,0.2534539882521623,Normal
2014-02-17 19:00:00,0.068,19,0,0.1204,0.0293052896249124,1,0.1935394959910265,Normal
2014-02-17 19:05:00,0.134,19,0,0.1204,0.0293052896249124,1,0.3064211682241761,Normal
2014-02-17 19:10:00,0.134,19,0,0.1204,0.0293052896249124,1,0.3064211682241761,Normal
2014-02-17 19:15:00,0.134,19,0,0.1208,0.0295160973029972,1,0.3049792120473304,Normal
2014-02-17 19:20:00,0.134,19,0,0.1208,0.0295160973029972,1,0.3049792120473304,Normal
2014-02-17 19:25:00,0.068,19,0,0.1207999999999999,0.0295160973029972,1,0.1913495060542853,Normal
2014-02-17 19:30:00,0.132,19,0,0.1204,0.0293052896249124,1,0.2999868903398369,Normal
2014-02-17 19:35:00,0.134,19,0,0.1204,0.0293052896249124,1,0.3064211682241761,Normal
2014-02-17 19:40:00,0.068,19,0,0.1072,0.035793854221081,1,0.1672476654047607,Normal
2014-02-17 19:45:00,0.134,19,0,0.1072,0.035793854221081,1,0.2348330212554709,Normal
2014-02-17 19:50:00,0.134,19,0,0.1204,0.0293052896249124,1,0.3064211682241761,Normal
2014-02-17 19:55:00,0.204,19,0,0.1348,0.0480957378569036,1,0.1505735139834784,Normal
2014-02-17 20:00:00,0.066,20,0,0.1212,0.0571419285638838,1,0.1641448296189551,Normal
2014-02-17 20:05:00,0.134,20,0,0.1344,0.048793442182326,1,0.2393008454863622,Normal
2014-02-17 20:10:00,0.136,20,0,0.1348,0.0487975409216489,1,0.2197107241903637,Normal
2014-02-17 20:15:00,0.132,20,0,0.1344,0.0488139324373687,1,0.2296952404881029,Normal
2014-02-17 20:20:00,0.132,20,0,0.12,0.0302324329156619,1,0.2911339078653305,Normal
2014-02-17 20:25:00,0.134,20,0,0.1336,0.0016733200530679,1,0.2413570544046065,Normal
2014-02-17 20:30:00,0.066,20,0,0.12,0.0302324329156619,1,0.2049218977968769,Normal
2014-02-17 20:35:00,0.132,20,0,0.1192,0.0297523108346225,1,0.2856519083774171,Normal
2014-02-17 20:40:00,0.134,20,0,0.1196,0.0299799933288851,1,0.2942205990115721,Normal
2014-02-17 20:45:00,0.134,20,0,0.12,0.030199337741083,1,0.2968301984859321,Normal
2014-02-17 20:50:00,0.132,20,0,0.1196,0.0299799933288851,1,0.2877185956827386,Normal
2014-02-17 20:55:00,0.134,20,0,0.1332,0.0010954451150103,1,0.2497492066406377,Normal
2014-02-17 21:00:00,0.132,21,0,0.1332,0.0010954451150103,1,0.2349908748501823,Normal
2014-02-17 21:05:00,0.134,21,0,0.1332,0.0010954451150103,1,0.2440644864649073,Normal
2014-02-17 21:10:00,0.134,21,0,0.1332,0.0010954451150103,1,0.2440644864649073,Normal
2014-02-17 21:15:00,0.134,21,0,0.1336,0.0008944271909999,1,0.2405806278929562,Normal
2014-02-17 21:20:00,0.066,21,0,0.12,0.030199337741083,1,0.1988852267759244,Normal
2014-02-17 21:25:00,0.134,21,0,0.1204,0.0304105244939971,1,0.2890544683764617,Normal
2014-02-17 21:30:00,0.134,21,0,0.1204,0.0304105244939971,1,0.2890544683764617,Normal
2014-02-17 21:35:00,0.132,21,0,0.12,0.030199337741083,1,0.2856555742007445,Normal
2014-02-17 21:40:00,0.132,21,0,0.1196,0.0299799933288851,1,0.282806774663252,Normal
2014-02-17 21:45:00,0.066,21,0,0.1196,0.0299799933288851,1,0.1939835348330313,Normal
2014-02-17 21:50:00,0.2,21,0,0.1328,0.0473835414463714,1,0.1530667726082015,Normal
2014-02-17 21:55:00,0.134,21,0,0.1328,0.0473835414463714,1,0.2472554002614301,Normal
2014-02-17 22:00:00,0.066,22,0,0.1196,0.0560606814086307,1,0.1577941257203461,Normal
2014-02-17 22:05:00,0.2019999999999999,22,0,0.1336,0.0675040739511327,1,0.1182349794488795,Normal
2014-02-17 22:10:00,0.134,22,0,0.1471999999999999,0.0564198546612803,1,0.1940934406145771,Normal
2014-02-17 22:15:00,0.134,22,0,0.1339999999999999,0.0480832611206851,1,0.2382303378788651,Normal
2014-02-17 22:20:00,0.132,22,0,0.1336,0.0480915793044894,1,0.2316630194183454,Normal
2014-02-17 22:25:00,0.134,22,0,0.1471999999999999,0.0306463700950046,1,0.2249502750582215,Normal
2014-02-17 22:30:00,0.134,22,0,0.1336,0.0008944271909994,1,0.2325013364177564,Normal
2014-02-17 22:35:00,0.132,22,0,0.1332,0.0010954451150099,1,0.2269482407234304,Normal
2014-02-17 22:40:00,0.132,22,0,0.1328,0.0010954451150099,1,0.222451284301647,Normal
2014-02-17 22:45:00,0.134,22,0,0.1332,0.0010954451150099,1,0.2348432371175184,Normal
2014-02-17 22:50:00,0.132,22,0,0.1328,0.0010954451150099,1,0.222451284301647,Normal
2014-02-17 22:55:00,0.134,22,0,0.1328,0.0010954451150099,1,0.2294962395086804,Normal
2014-02-17 23:00:00,0.136,23,0,0.1336,0.0016733200530679,1,0.1912404538286699,Normal
2014-02-17 23:05:00,0.066,23,0,0.1204,0.0304433900871765,1,0.1855184186720506,Normal
2014-02-17 23:10:00,0.198,23,0,0.1332,0.0467033189398783,1,0.1370987801426878,Normal
2014-02-17 23:15:00,0.068,23,0,0.1204,0.0551253117905014,1,0.1435548399307983,Normal
2014-02-17 23:20:00,0.134,23,0,0.1204,0.0551253117905014,1,0.2192571341228173,Normal
2014-02-17 23:25:00,0.134,23,0,0.12,0.05499090833947,1,0.2202978086229285,Normal
2014-02-17 23:30:00,0.066,23,0,0.12,0.05499090833947,1,0.1515479015010111,Normal
2014-02-17 23:35:00,0.132,23,0,0.1068,0.0363483149540662,1,0.1997480279843294,Normal
2014-02-17 23:40:00,0.134,23,0,0.12,0.0301993377410829,1,0.2653165876715992,Normal
2014-02-17 23:45:00,0.068,23,0,0.1068,0.0363483149540662,1,0.152594877112532,Normal
2014-02-17 23:50:00,0.132,23,0,0.1064,0.0359833294735214,1,0.192733401305535,Normal
2014-02-17 23:55:00,0.14,23,0,0.1212,0.0299198930479371,1,0.2329776281537124,Normal
2014-02-18 00:00:00,0.132,0,1,0.1212,0.0299198930479371,1,0.2854182373637844,Normal
2014-02-18 00:05:00,0.068,0,1,0.108,0.0366606055596467,1,0.1953249940935876,Normal
2014-02-18 00:10:00,0.134,0,1,0.1212,0.0299198930479371,1,0.2932362625149076,Normal
2014-02-18 00:15:00,0.134,0,1,0.1216,0.0301131200641846,1,0.2936149527765724,Normal
2014-02-18 00:20:00,0.132,0,1,0.12,0.0290860791444979,1,0.2909837700531961,Normal
2014-02-18 00:25:00,0.066,0,1,0.1068,0.0363483149540662,1,0.2158474412945162,Normal
2014-02-18 00:30:00,0.134,0,1,0.12,0.0301993377410829,1,0.3006712488413825,Normal
2014-02-18 00:35:00,0.132,0,1,0.1196,0.0299799933288851,1,0.2898022930008104,Normal
2014-02-18 00:40:00,0.134,0,1,0.1196,0.0299799933288851,1,0.2977515503939787,Normal
2014-02-18 00:45:00,0.132,0,1,0.1196,0.0299799933288851,1,0.2898022930008104,Normal
2014-02-18 00:50:00,0.134,0,1,0.1332,0.0010954451150099,1,0.2213921188499619,Normal
2014-02-18 00:55:00,0.134,0,1,0.1332,0.0010954451150099,1,0.2213921188499619,Normal
2014-02-18 01:00:00,0.066,1,1,0.12,0.0301993377410829,1,0.2482604993542067,Normal
2014-02-18 01:05:00,0.134,1,1,0.12,0.0301993377410829,1,0.3171469726088576,Normal
2014-02-18 01:10:00,0.134,1,1,0.1204,0.0304105244939971,1,0.3157223567568357,Normal
2014-02-18 01:15:00,0.134,1,1,0.1204,0.0304105244939971,1,0.3157223567568357,Normal
2014-02-18 01:20:00,0.134,1,1,0.1204,0.0304105244939971,1,0.3157223567568357,Normal
2014-02-18 01:25:00,0.066,1,1,0.1204,0.0304105244939971,1,0.245824199018721,Normal
2014-02-18 01:30:00,0.132,1,1,0.12,0.030199337741083,1,0.3102781178492514,Normal
2014-02-18 01:35:00,0.132,1,1,0.1196,0.0299799933288851,1,0.3091805287730148,Normal
2014-02-18 01:40:00,0.068,1,1,0.1064,0.0359833294735214,1,0.2067406107465447,Normal
2014-02-18 01:45:00,0.132,1,1,0.106,0.0356089876295297,1,0.2395333000241893,Normal
2014-02-18 01:50:00,0.134,1,1,0.1196,0.0288582743766844,1,0.3133653448037788,Normal
2014-02-18 01:55:00,0.134,1,1,0.12,0.0290860791444979,1,0.3147654438773895,Normal
2014-02-18 02:00:00,0.134,2,1,0.1204,0.0293052896249124,1,0.3247910831759527,Normal
2014-02-18 02:05:00,0.066,2,1,0.12,0.0301993377410829,1,0.2577172499928098,Normal
2014-02-18 02:10:00,0.134,2,1,0.1204,0.0304105244939971,1,0.3254255167803768,Normal
2014-02-18 02:15:00,0.134,2,1,0.1204,0.0304105244939971,1,0.3254255167803768,Normal
2014-02-18 02:20:00,0.134,2,1,0.1204,0.0304105244939971,1,0.3254255167803768,Normal
2014-02-18 02:25:00,0.066,2,1,0.1068,0.0372451339103513,1,0.2419265547322079,Normal
2014-02-18 02:30:00,0.2,2,1,0.1336,0.0473793203834753,1,0.1827300954486636,Normal
2014-02-18 02:35:00,0.134,2,1,0.1336,0.0473793203834753,1,0.2768662170851845,Normal
2014-02-18 02:40:00,0.134,2,1,0.1336,0.0473793203834753,1,0.2768662170851845,Normal
2014-02-18 02:45:00,0.134,2,1,0.1336,0.0473793203834753,1,0.2768662170851845,Normal
2014-02-18 02:50:00,0.134,2,1,0.1472,0.0295160973029972,1,0.2394250253841442,Normal
2014-02-18 02:55:00,0.134,2,1,0.134,0.0,1,0.2364804332820829,Normal
2014-02-18 03:00:00,0.134,3,1,0.134,0.0,1,0.2468806644426201,Normal
2014-02-18 03:05:00,0.134,3,1,0.134,0.0,1,0.2468806644426201,Normal
2014-02-18 03:10:00,0.066,3,1,0.1204,0.0304105244939971,1,0.2572844845572415,Normal
2014-02-18 03:15:00,0.134,3,1,0.1204,0.0304105244939971,1,0.330896110644736,Normal
2014-02-18 03:20:00,1.534,3,1,0.4004,0.6343853718363941,-1,-0.0481497027451254,Critical
2014-02-18 03:25:00,0.066,3,1,0.3868,0.6422049517093433,-1,-0.0032163620614139,Low
2014-02-18 03:30:00,0.134,3,1,0.3868,0.6422049517093433,1,0.0140841769858774,Normal
2014-02-18 03:35:00,0.134,3,1,0.4004,0.6343853718363941,1,0.0073702046470429,Normal
2014-02-18 03:40:00,0.068,3,1,0.3872,0.641955761715712,-1,-0.0043159482634382,Low
2014-02-18 03:45:00,0.134,3,1,0.1072,0.0367042231902543,1,0.2711469796285987,Normal
2014-02-18 03:50:00,0.132,3,1,0.1204,0.0293052896249125,1,0.3253161652375931,Normal
2014-02-18 03:55:00,0.134,3,1,0.1204,0.0293052896249125,1,0.3305422450690308,Normal
2014-02-18 04:00:00,0.134,4,1,0.1204,0.0293052896249125,1,0.3332310445639236,Normal
2014-02-18 04:05:00,0.068,4,1,0.1204,0.0293052896249125,1,0.2456401022924911,Normal
2014-02-18 04:10:00,0.134,4,1,0.1204,0.0293052896249125,1,0.3332310445639236,Normal
2014-02-18 04:15:00,0.134,4,1,0.1208,0.0295160973029973,1,0.3285505963249557,Normal
2014-02-18 04:20:00,0.132,4,1,0.1204,0.0293052896249125,1,0.3294899267944983,Normal
2014-02-18 04:25:00,0.136,4,1,0.1208,0.0295499576987853,1,0.3066368032305209,Normal
2014-02-18 04:30:00,0.132,4,1,0.1336,0.0016733200530702,1,0.2441158461115788,Normal
2014-02-18 04:35:00,0.066,4,1,0.12,0.030232432915662,1,0.2675587183834841,Normal
2014-02-18 04:40:00,0.134,4,1,0.12,0.030232432915662,1,0.3340265708490103,Normal
2014-02-18 04:45:00,0.132,4,1,0.12,0.030232432915662,1,0.3305245918318835,Normal
2014-02-18 04:50:00,0.066,4,1,0.106,0.0365239647354994,1,0.2423462186981854,Normal
2014-02-18 04:55:00,0.198,4,1,0.1192,0.0553461832469051,1,0.167439423484737,Normal
2014-02-18 05:00:00,0.066,5,1,0.1192,0.0553461832469051,1,0.2180914422586707,Normal
2014-02-18 05:05:00,0.134,5,1,0.1192,0.0553461832469051,1,0.2726404543553346,Normal
2014-02-18 05:10:00,0.132,5,1,0.1192,0.0553461832469051,1,0.2698830201449603,Normal
2014-02-18 05:15:00,0.132,5,1,0.1324,0.0466776177626923,1,0.2869696604190789,Normal
2014-02-18 05:20:00,0.134,5,1,0.1196,0.0299799933288853,1,0.3390547722513879,Normal
2014-02-18 05:25:00,0.066,5,1,0.1196,0.0299799933288853,1,0.2692039094038962,Normal
2014-02-18 05:30:00,0.132,5,1,0.1192,0.0297523108346227,1,0.3300266712664463,Normal
2014-02-18 05:35:00,0.134,5,1,0.1196,0.0299799933288853,1,0.3390547722513879,Normal
2014-02-18 05:40:00,0.134,5,1,0.12,0.0301993377410831,1,0.3398741019198631,Normal
2014-02-18 05:45:00,0.132,5,1,0.1196,0.0299799933288853,1,0.335195082881441,Normal
2014-02-18 05:50:00,0.066,5,1,0.1196,0.0299799933288853,1,0.2692039094038962,Normal
2014-02-18 05:55:00,0.198,5,1,0.1328,0.0466819022748645,1,0.1796376839389152,Normal
2014-02-18 06:00:00,0.132,6,1,0.1324,0.0466776177626923,1,0.2858120530649479,Normal
2014-02-18 06:05:00,0.068,6,1,0.1192,0.0547466893976248,1,0.2105831536307442,Normal
2014-02-18 06:10:00,0.134,6,1,0.1196,0.0548707572391707,1,0.2776459168191548,Normal
2014-02-18 06:15:00,0.134,6,1,0.1331999999999999,0.0459695551425071,1,0.2882469042143743,Normal
2014-02-18 06:20:00,0.134,6,1,0.1204,0.0293052896249125,1,0.3383932543490935,Normal
2014-02-18 06:25:00,0.134,6,1,0.1208,0.0295160973029973,1,0.3342334462151509,Normal
2014-02-18 06:30:00,0.132,6,1,0.1336,0.0008944271909999,1,0.2581073730922486,Normal
2014-02-18 06:35:00,0.134,6,1,0.1336,0.0008944271909999,1,0.2600514504898713,Normal
2014-02-18 06:40:00,0.134,6,1,0.1336,0.0008944271909999,1,0.2600514504898713,Normal
2014-02-18 06:45:00,0.134,6,1,0.1336,0.0008944271909999,1,0.2600514504898713,Normal
2014-02-18 06:50:00,0.068,6,1,0.1204,0.0293052896249124,1,0.2479635696835327,Normal
2014-02-18 06:55:00,0.134,6,1,0.1208,0.0295160973029972,1,0.3342334462151509,Normal
2014-02-18 07:00:00,0.132,7,1,0.1204,0.0293052896249124,1,0.3335819887253776,Normal
2014-02-18 07:05:00,0.134,7,1,0.1204,0.0293052896249124,1,0.3381022796480916,Normal
2014-02-18 07:10:00,0.134,7,1,0.1204,0.0293052896249124,1,0.3381022796480916,Normal
2014-02-18 07:15:00,0.066,7,1,0.12,0.030199337741083,1,0.2681452650458308,Normal
2014-02-18 07:20:00,0.134,7,1,0.12,0.030199337741083,1,0.3390371480932688,Normal
2014-02-18 07:25:00,0.134,7,1,0.1204,0.0304105244939971,1,0.3387712485441393,Normal
2014-02-18 07:30:00,0.134,7,1,0.1204,0.0304105244939971,1,0.3387712485441393,Normal
2014-02-18 07:35:00,0.066,7,1,0.1068,0.0372451339103513,1,0.2590824541952268,Normal
2014-02-18 07:40:00,0.132,7,1,0.12,0.030199337741083,1,0.3345275723101895,Normal
2014-02-18 07:45:00,0.132,7,1,0.1196,0.0299799933288851,1,0.3313268015747262,Normal
2014-02-18 07:50:00,0.134,7,1,0.1196,0.0299799933288851,1,0.3358726477689257,Normal
2014-02-18 07:55:00,0.2,7,1,0.1328,0.0473835414463714,1,0.1859202992612705,Normal
2014-02-18 08:00:00,0.132,8,1,0.146,0.0301993377410829,1,0.2586791948557735,Normal
2014-02-18 08:05:00,0.068,8,1,0.1332,0.0466819022748645,1,0.2130051813874084,Normal
2014-02-18 08:10:00,0.134,8,1,0.1336,0.0466776177626922,1,0.2818117333268133,Normal
2014-02-18 08:15:00,0.066,8,1,0.12,0.0555877684387491,1,0.2164601406634405,Normal
2014-02-18 08:20:00,0.134,8,1,0.1068,0.0363483149540662,1,0.2848614996416509,Normal
2014-02-18 08:25:00,0.136,8,1,0.1076,0.0370782955379558,1,0.2622182177486086,Normal
2014-02-18 08:30:00,0.066,8,1,0.1072,0.0376191440625647,1,0.2516278394832872,Normal
2014-02-18 08:35:00,0.136,8,1,0.1076,0.0379842072445904,1,0.2585096261745462,Normal
2014-02-18 08:40:00,0.134,8,1,0.1212,0.0308739372286723,1,0.3316496165597304,Normal
2014-02-18 08:45:00,0.134,8,1,0.1212,0.0308739372286723,1,0.3316496165597304,Normal
2014-02-18 08:50:00,0.132,8,1,0.1204,0.0304433900871765,1,0.3337577775349366,Normal
2014-02-18 08:55:00,0.134,8,1,0.1339999999999999,0.0014142135623733,1,0.2486605123747057,Normal
2014-02-18 09:00:00,0.134,9,1,0.1336,0.0008944271910002,1,0.2562827394208436,Normal
2014-02-18 09:05:00,0.066,9,1,0.12,0.030199337741083,1,0.2672393451565082,Normal
2014-02-18 09:10:00,0.134,9,1,0.12,0.030199337741083,1,0.3403025467967881,Normal
2014-02-18 09:15:00,0.134,9,1,0.1204,0.0304105244939971,1,0.3401382883228213,Normal
2014-02-18 09:20:00,0.134,9,1,0.1204,0.0304105244939971,1,0.3401382883228213,Normal
2014-02-18 09:25:00,0.066,9,1,0.1068,0.0372451339103513,1,0.2568712810600299,Normal
2014-02-18 09:30:00,0.132,9,1,0.12,0.030199337741083,1,0.3362900070583101,Normal
2014-02-18 09:35:00,0.132,9,1,0.1196,0.0299799933288851,1,0.3328216814250735,Normal
2014-02-18 09:40:00,0.132,9,1,0.1192,0.0297523108346225,1,0.3306590407659954,Normal
2014-02-18 09:45:00,0.066,9,1,0.1056,0.0361496887953409,1,0.2422990933957053,Normal
2014-02-18 09:50:00,0.132,9,1,0.1188,0.0295160973029972,1,0.3279458113624019,Normal
2014-02-18 09:55:00,0.132,9,1,0.1188,0.0295160973029972,1,0.3279458113624019,Normal
2014-02-18 10:00:00,0.132,10,1,0.1188,0.0295160973029972,1,0.3264950284594669,Normal
2014-02-18 10:05:00,0.266,10,1,0.1456,0.0731218161700049,1,0.1193248878068794,Normal
2014-02-18 10:10:00,0.134,10,1,0.1592,0.0597092957587007,1,0.1984225899672549,Normal
2014-02-18 10:15:00,0.134,10,1,0.1596,0.0594878138781381,1,0.1984225899672549,Normal
2014-02-18 10:20:00,0.134,10,1,0.16,0.0592621295601162,1,0.1984225899672549,Normal
2014-02-18 10:25:00,0.066,10,1,0.1468,0.0728505319129517,1,0.1435812113607645,Normal
2014-02-18 10:30:00,0.134,10,1,0.1204,0.0304105244939971,1,0.3384887168978235,Normal
2014-02-18 10:35:00,0.134,10,1,0.1204,0.0304105244939971,1,0.3384887168978235,Normal
2014-02-18 10:40:00,0.066,10,1,0.1068,0.0372451339103513,1,0.256522277949141,Normal
2014-02-18 10:45:00,0.136,10,1,0.1072,0.0376191440625647,1,0.2630527972297358,Normal
2014-02-18 10:50:00,0.132,10,1,0.1204,0.0304433900871766,1,0.3343698032791179,Normal
2014-02-18 10:55:00,0.132,10,1,0.12,0.030232432915662,1,0.3345364767598794,Normal
2014-02-18 11:00:00,0.132,11,1,0.1196,0.0300133303716865,1,0.3284079477150499,Normal
2014-02-18 11:05:00,0.068,11,1,0.12,0.0291204395571221,1,0.2424483452919134,Normal
2014-02-18 11:10:00,0.134,11,1,0.1196,0.0288582743766844,1,0.3293005368836978,Normal
2014-02-18 11:15:00,0.134,11,1,0.12,0.029086079144498,1,0.3345191861629181,Normal
2014-02-18 11:20:00,0.134,11,1,0.1204,0.0293052896249124,1,0.335949743371894,Normal
2014-02-18 11:25:00,0.134,11,1,0.1208,0.0295160973029972,1,0.3333572870700233,Normal
2014-02-18 11:30:00,0.066,11,1,0.1204,0.0304105244939971,1,0.2671978268923637,Normal
2014-02-18 11:35:00,0.132,11,1,0.12,0.030199337741083,1,0.3319794222079857,Normal
2014-02-18 11:40:00,0.132,11,1,0.1196,0.0299799933288851,1,0.3284079477150499,Normal
2014-02-18 11:45:00,0.066,11,1,0.106,0.0365239647354993,1,0.246940867219233,Normal
2014-02-18 11:50:00,0.132,11,1,0.1056,0.0361496887953409,1,0.2710595057655777,Normal
2014-02-18 11:55:00,0.132,11,1,0.1188,0.0295160973029972,1,0.3228921996672803,Normal
2014-02-18 12:00:00,0.134,12,1,0.1192,0.0297523108346225,1,0.3359084293036253,Normal
2014-02-18 12:05:00,0.134,12,1,0.1196,0.0299799933288851,1,0.3386193722936823,Normal
2014-02-18 12:10:00,0.066,12,1,0.1196,0.0299799933288852,1,0.2657159272435733,Normal
2014-02-18 12:15:00,0.134,12,1,0.12,0.030199337741083,1,0.3418123363363083,Normal
2014-02-18 12:20:00,0.134,12,1,0.1204,0.0304105244939971,1,0.3416487102084582,Normal
2014-02-18 12:25:00,0.134,12,1,0.1204,0.0304105244939971,1,0.3416487102084582,Normal
2014-02-18 12:30:00,0.134,12,1,0.1204,0.0304105244939971,1,0.3416487102084582,Normal
2014-02-18 12:35:00,0.134,12,1,0.134,0.0,1,0.2594301718799165,Normal
2014-02-18 12:40:00,0.066,12,1,0.1204,0.0304105244939971,1,0.2699094000444388,Normal
2014-02-18 12:45:00,0.134,12,1,0.1204,0.0304105244939971,1,0.3416487102084582,Normal
2014-02-18 12:50:00,0.132,12,1,0.12,0.030199337741083,1,0.3377591545237043,Normal
2014-02-18 12:55:00,0.134,12,1,0.12,0.030199337741083,1,0.3418123363363083,Normal
2014-02-18 13:00:00,0.132,13,1,0.1196,0.0299799933288851,1,0.3317759483615319,Normal
2014-02-18 13:05:00,0.134,13,1,0.1331999999999999,0.0010954451150102,1,0.2726475530978,Normal
2014-02-18 13:10:00,0.068,13,1,0.12,0.0290860791444979,1,0.2374641485021593,Normal
2014-02-18 13:15:00,0.132,13,1,0.12,0.0290860791444979,1,0.3313760008099883,Normal
2014-02-18 13:20:00,0.132,13,1,0.1196,0.0288582743766844,1,0.3267469852770224,Normal
2014-02-18 13:25:00,0.066,13,1,0.1064,0.0359833294735214,1,0.2375842489541507,Normal
2014-02-18 13:30:00,0.132,13,1,0.106,0.0356089876295297,1,0.2606246314377526,Normal
2014-02-18 13:35:00,0.132,13,1,0.1188,0.0295160973029972,1,0.3251910624523576,Normal
2014-02-18 13:40:00,0.134,13,1,0.1192,0.0297523108346225,1,0.3345339365778698,Normal
2014-02-18 13:45:00,0.134,13,1,0.1196,0.0299799933288851,1,0.3372542753862221,Normal
2014-02-18 13:50:00,0.134,13,1,0.1331999999999999,0.0010954451150098,1,0.2726475530978,Normal
2014-02-18 13:55:00,0.134,13,1,0.1336,0.0008944271909993,1,0.273405312366182,Normal
2014-02-18 14:00:00,0.132,14,1,0.1336,0.0008944271909999,1,0.2630794508263692,Normal
2014-02-18 14:05:00,0.134,14,1,0.1336,0.0008944271909999,1,0.2745580317658873,Normal
2014-02-18 14:10:00,0.134,14,1,0.1336,0.0008944271909999,1,0.2745580317658873,Normal
2014-02-18 14:15:00,0.134,14,1,0.1336,0.0008944271909999,1,0.2745580317658873,Normal
2014-02-18 14:20:00,0.2,14,1,0.1467999999999999,0.0297523108346225,1,0.1747447498027633,Normal
2014-02-18 14:25:00,0.066,14,1,0.1336,0.0473793203834753,1,0.2113878043064545,Normal
2014-02-18 14:30:00,0.132,14,1,0.1331999999999999,0.0473835414463714,1,0.274857004738462,Normal
2014-02-18 14:35:00,0.2,14,1,0.1464,0.0560606814086307,1,0.1594697845270074,Normal
2014-02-18 14:40:00,0.134,14,1,0.1464,0.0560606814086307,1,0.2378749305503145,Normal
2014-02-18 14:45:00,0.134,14,1,0.1332,0.0473835414463714,1,0.2800196984449046,Normal
2014-02-18 14:50:00,0.134,14,1,0.1468,0.0297523108346225,1,0.272917627314394,Normal
2014-02-18 14:55:00,0.134,14,1,0.1472,0.0295160973029972,1,0.2715702222077295,Normal
2014-02-18 15:00:00,0.068,15,1,0.1208,0.0295160973029972,1,0.2332541079960131,Normal
2014-02-18 15:05:00,0.134,15,1,0.1208,0.0295160973029972,1,0.3351725974560084,Normal
2014-02-18 15:10:00,0.134,15,1,0.1208,0.0295160973029972,1,0.3351725974560084,Normal
2014-02-18 15:15:00,0.134,15,1,0.1208,0.0295160973029972,1,0.3351725974560084,Normal
2014-02-18 15:20:00,0.134,15,1,0.1208,0.0295160973029972,1,0.3351725974560084,Normal
2014-02-18 15:25:00,0.132,15,1,0.1336,0.0008944271909999,1,0.2663626709223798,Normal
2014-02-18 15:30:00,0.066,15,1,0.12,0.030199337741083,1,0.2581859786930055,Normal
2014-02-18 15:35:00,0.134,15,1,0.12,0.030199337741083,1,0.3380128161332253,Normal
2014-02-18 15:40:00,0.132,15,1,0.1196,0.0299799933288851,1,0.3281045605953913,Normal
2014-02-18 15:45:00,0.134,15,1,0.1196,0.0299799933288851,1,0.334287735149563,Normal
2014-02-18 15:50:00,0.066,15,1,0.1064,0.0368890227574545,1,0.2370009464145449,Normal
2014-02-18 15:55:00,0.198,15,1,0.1328,0.0466819022748645,1,0.1802547331543876,Normal
2014-02-18 16:00:00,0.066,16,1,0.1192,0.0553461832469051,1,0.2000552614102223,Normal
2014-02-18 16:05:00,0.132,16,1,0.1192,0.0553461832469051,1,0.2577383415707298,Normal
2014-02-18 16:10:00,0.134,16,1,0.1192,0.0553461832469051,1,0.2630171224778491,Normal
2014-02-18 16:15:00,0.066,16,1,0.1192,0.0553461832469051,1,0.2000552614102223,Normal
2014-02-18 16:20:00,0.134,16,1,0.1064,0.0368890227574545,1,0.2652282410113128,Normal
2014-02-18 16:25:00,0.134,16,1,0.12,0.030199337741083,1,0.3339847706036798,Normal
2014-02-18 16:30:00,0.066,16,1,0.1068,0.0372451339103513,1,0.2338290123258076,Normal
2014-02-18 16:35:00,0.132,16,1,0.1064,0.0368890227574545,1,0.2602080339883321,Normal
2014-02-18 16:40:00,0.134,16,1,0.12,0.030199337741083,1,0.3339847706036798,Normal
2014-02-18 16:45:00,0.134,16,1,0.12,0.030199337741083,1,0.3339847706036798,Normal
2014-02-18 16:50:00,0.134,16,1,0.12,0.030199337741083,1,0.3339847706036798,Normal
2014-02-18 16:55:00,0.136,16,1,0.1339999999999999,0.0014142135623728,1,0.2473120460623721,Normal
2014-02-18 17:00:00,0.066,17,1,0.1208,0.0306463700950047,1,0.2468788210026423,Normal
2014-02-18 17:05:00,0.134,17,1,0.1208,0.0306463700950047,1,0.3333365796688194,Normal
2014-02-18 17:10:00,0.134,17,1,0.1208,0.0306463700950047,1,0.3333365796688194,Normal
2014-02-18 17:15:00,0.134,17,1,0.1208,0.0306463700950047,1,0.3333365796688194,Normal
2014-02-18 17:20:00,0.134,17,1,0.1204,0.0304105244939971,1,0.3357459411914017,Normal
2014-02-18 17:25:00,0.066,17,1,0.1204,0.0304105244939971,1,0.2499155691289266,Normal
2014-02-18 17:30:00,0.134,17,1,0.1204,0.0304105244939971,1,0.3357459411914017,Normal
2014-02-18 17:35:00,0.132,17,1,0.12,0.030199337741083,1,0.3294748204243926,Normal
2014-02-18 17:40:00,0.134,17,1,0.12,0.030199337741083,1,0.3365287500721894,Normal
2014-02-18 17:45:00,0.134,17,1,0.12,0.030199337741083,1,0.3365287500721894,Normal
2014-02-18 17:50:00,0.134,17,1,0.1336,0.0008944271909999,1,0.2846448924973777,Normal
2014-02-18 17:55:00,0.132,17,1,0.1332,0.0010954451150103,1,0.2737650190284738,Normal
2014-02-18 18:00:00,0.134,18,1,0.1336,0.0008944271909999,1,0.2811975427751936,Normal
2014-02-18 18:05:00,0.132,18,1,0.1332,0.0010954451150103,1,0.2704443481461397,Normal
2014-02-18 18:10:00,0.066,18,1,0.1196,0.0299799933288851,1,0.2387146204534757,Normal
2014-02-18 18:15:00,0.2019999999999999,18,1,0.1331999999999999,0.0480957378569036,1,0.1784039948290263,Normal
2014-02-18 18:20:00,0.134,18,1,0.1336,0.0480915793044894,1,0.2774063305951751,Normal
2014-02-18 18:25:00,0.134,18,1,0.1336,0.0480915793044894,1,0.2774063305951751,Normal
2014-02-18 18:30:00,0.066,18,1,0.1203999999999999,0.0568928818043171,1,0.1956559845749779,Normal
2014-02-18 18:35:00,0.136,18,1,0.1344,0.0480915793044894,1,0.2535930416182403,Normal
2014-02-18 18:40:00,0.134,18,1,0.1208,0.0306463700950047,1,0.3307203794328066,Normal
2014-02-18 18:45:00,0.134,18,1,0.1208,0.0306463700950047,1,0.3307203794328066,Normal
2014-02-18 18:50:00,0.132,18,1,0.1204,0.0304433900871765,1,0.3259742944754504,Normal
2014-02-18 18:55:00,0.132,18,1,0.1336,0.0016733200530684,1,0.2651376221987649,Normal
2014-02-18 19:00:00,0.134,19,1,0.1332,0.0010954451150108,1,0.2765427099357528,Normal
2014-02-18 19:05:00,0.134,19,1,0.1331999999999999,0.0010954451150108,1,0.2765427099357528,Normal
2014-02-18 19:10:00,0.2,19,1,0.1464,0.0299799933288851,1,0.1678082673537376,Normal
2014-02-18 19:15:00,0.132,19,1,0.1464,0.0299799933288851,1,0.2623892728882277,Normal
2014-02-18 19:20:00,0.066,19,1,0.1332,0.0473835414463714,1,0.2006920401624379,Normal
2014-02-18 19:25:00,0.132,19,1,0.1327999999999999,0.0473835414463714,1,0.2701978143635295,Normal
2014-02-18 19:30:00,0.134,19,1,0.1328,0.0473835414463714,1,0.2793790068864132,Normal
2014-02-18 19:35:00,0.134,19,1,0.1196,0.0299799933288852,1,0.3293454836562546,Normal
2014-02-18 19:40:00,0.132,19,1,0.1196,0.0299799933288852,1,0.3205815007292652,Normal
2014-02-18 19:45:00,0.066,19,1,0.1196,0.0299799933288852,1,0.2348555120534503,Normal
2014-02-18 19:50:00,0.2019999999999999,19,1,0.1336,0.0480915793044894,1,0.1776770747300351,Normal
2014-02-18 19:55:00,0.134,19,1,0.1336,0.0480915793044894,1,0.2777508714058281,Normal
2014-02-18 20:00:00,0.066,20,1,0.1199999999999999,0.0567802782663135,1,0.1895198556853768,Normal
2014-02-18 20:05:00,0.134,20,1,0.1203999999999999,0.0568928818043171,1,0.2601489856904703,Normal
2014-02-18 20:10:00,0.134,20,1,0.1339999999999999,0.0480832611206852,1,0.2677576259016512,Normal
2014-02-18 20:15:00,0.134,20,1,0.1204,0.0304105244939972,1,0.3227067017242059,Normal
2014-02-18 20:20:00,0.132,20,1,0.12,0.030199337741083,1,0.317278144815856,Normal
2014-02-18 20:25:00,0.134,20,1,0.1336,0.0008944271910009,1,0.2713296741572422,Normal
2014-02-18 20:30:00,0.134,20,1,0.1336,0.0008944271910009,1,0.2713296741572422,Normal
2014-02-18 20:35:00,0.134,20,1,0.1336,0.0008944271910009,1,0.2713296741572422,Normal
2014-02-18 20:40:00,0.066,20,1,0.12,0.030199337741083,1,0.2352104284186573,Normal
2014-02-18 20:45:00,0.134,20,1,0.1204,0.0304105244939972,1,0.3227067017242059,Normal
2014-02-18 20:50:00,0.134,20,1,0.1204,0.0304105244939972,1,0.3227067017242059,Normal
2014-02-18 20:55:00,0.134,20,1,0.1204,0.0304105244939972,1,0.3227067017242059,Normal
2014-02-18 21:00:00,0.134,21,1,0.1204,0.0304105244939972,1,0.3194257251577119,Normal
2014-02-18 21:05:00,0.134,21,1,0.134,0.0,1,0.2547698002502301,Normal
2014-02-18 21:10:00,0.134,21,1,0.134,0.0,1,0.2547698002502301,Normal
2014-02-18 21:15:00,0.134,21,1,0.134,0.0,1,0.2547698002502301,Normal
2014-02-18 21:20:00,0.134,21,1,0.134,0.0,1,0.2547698002502301,Normal
2014-02-18 21:25:00,0.132,21,1,0.1336,0.0008944271909999,1,0.2513829535100865,Normal
2014-02-18 21:30:00,0.132,21,1,0.1332,0.0010954451150103,1,0.2548258088000188,Normal
2014-02-18 21:35:00,0.134,21,1,0.1331999999999999,0.0010954451150103,1,0.2637564466450975,Normal
2014-02-18 21:40:00,0.136,21,1,0.1336,0.0016733200530681,1,0.2329561486462575,Normal
2014-02-18 21:45:00,0.134,21,1,0.1336,0.0016733200530681,1,0.2583706457843323,Normal
2014-02-18 21:50:00,0.068,21,1,0.1208,0.0295499576987852,1,0.215089318683918,Normal
2014-02-18 21:55:00,0.198,21,1,0.134,0.0459782557302906,1,0.1707027437792406,Normal
2014-02-18 22:00:00,0.066,22,1,0.1204,0.0551253117905014,1,0.1833297572134419,Normal
2014-02-18 22:05:00,0.134,22,1,0.12,0.05499090833947,1,0.2555905825518336,Normal
2014-02-18 22:10:00,0.134,22,1,0.12,0.05499090833947,1,0.2555905825518336,Normal
2014-02-18 22:15:00,0.134,22,1,0.1331999999999999,0.0466819022748645,1,0.2666332586148792,Normal
2014-02-18 22:20:00,0.134,22,1,0.1204,0.0304105244939971,1,0.31297400579223,Normal
2014-02-18 22:25:00,0.068,22,1,0.1207999999999999,0.0295160973029972,1,0.2125356522973277,Normal
2014-02-18 22:30:00,0.134,22,1,0.1208,0.0295160973029972,1,0.3089072442804735,Normal
2014-02-18 22:35:00,0.132,22,1,0.1204,0.0293052896249124,1,0.3046625275073024,Normal
2014-02-18 22:40:00,0.068,22,1,0.1072,0.035793854221081,1,0.1772391466148587,Normal
2014-02-18 22:45:00,0.136,22,1,0.1076,0.036177340974704,1,0.2208765507316443,Normal
2014-02-18 22:50:00,0.134,22,1,0.1208,0.0295499576987853,1,0.3089072442804735,Normal
2014-02-18 22:55:00,0.134,22,1,0.1208,0.0295499576987853,1,0.3089072442804735,Normal
2014-02-18 23:00:00,0.132,23,1,0.1208,0.0295499576987853,1,0.2859842003565609,Normal
2014-02-18 23:05:00,0.132,23,1,0.1336,0.0016733200530684,1,0.2259616939939064,Normal
2014-02-18 23:10:00,0.134,23,1,0.1332,0.0010954451150107,1,0.2362983428402493,Normal
2014-02-18 23:15:00,0.066,23,1,0.1196,0.0299799933288852,1,0.2094961855811438,Normal
2014-02-18 23:20:00,0.134,23,1,0.1196,0.0299799933288852,1,0.2888384952758984,Normal
2014-02-18 23:25:00,0.134,23,1,0.12,0.030199337741083,1,0.2953154654778676,Normal
2014-02-18 23:30:00,0.134,23,1,0.1204,0.0304105244939971,1,0.295489828029671,Normal
2014-02-18 23:35:00,0.068,23,1,0.1072,0.0367042231902543,1,0.1744963651585065,Normal
2014-02-18 23:40:00,0.134,23,1,0.1208,0.0295160973029972,1,0.2906434792956719,Normal
2014-02-18 23:45:00,0.132,23,1,0.1204,0.0293052896249124,1,0.2891728464133266,Normal
2014-02-18 23:50:00,0.066,23,1,0.1068,0.0363483149540663,1,0.1905015591783169,Normal
2014-02-18 23:55:00,0.138,23,1,0.1076,0.0371321962722379,1,0.209198026225619,Normal
2014-02-19 00:00:00,0.198,0,2,0.1336,0.046741844208375,1,0.1474046475728602,Normal
2014-02-19 00:05:00,0.134,0,2,0.1336,0.046741844208375,1,0.2562969965250214,Normal
2014-02-19 00:10:00,0.132,0,2,0.1336,0.046741844208375,1,0.2500839288125328,Normal
2014-02-19 00:15:00,0.132,0,2,0.1468,0.0287262945748316,1,0.2132493888950533,Normal
2014-02-19 00:20:00,0.134,0,2,0.146,0.0290860791444979,1,0.21795148427342,Normal
2014-02-19 00:25:00,0.134,0,2,0.1332,0.0010954451150103,1,0.2375558842792102,Normal
2014-02-19 00:30:00,0.134,0,2,0.1332,0.0010954451150103,1,0.2375558842792102,Normal
2014-02-19 00:35:00,0.068,0,2,0.1204,0.0293052896249124,1,0.2163833480093532,Normal
2014-02-19 00:40:00,0.134,0,2,0.1208,0.0295160973029972,1,0.2997546950531097,Normal
2014-02-19 00:45:00,0.134,0,2,0.1208,0.0295160973029972,1,0.2997546950531097,Normal
2014-02-19 00:50:00,0.066,0,2,0.1072,0.0367042231902542,1,0.2279314887983745,Normal
2014-02-19 00:55:00,0.2,0,2,0.1204,0.0557027826953016,1,0.1352422487564482,Normal
2014-02-19 01:00:00,0.132,1,2,0.1331999999999999,0.0473835414463714,1,0.2689751340434921,Normal
2014-02-19 01:05:00,0.066,1,2,0.1196,0.0560606814086307,1,0.2072064199449494,Normal
2014-02-19 01:10:00,0.132,1,2,0.1192,0.0559392527658351,1,0.2506845124832629,Normal
2014-02-19 01:15:00,0.134,1,2,0.1327999999999999,0.0473835414463714,1,0.2713474406205596,Normal
2014-02-19 01:20:00,0.134,1,2,0.1196,0.0299799933288851,1,0.3206514951047114,Normal
2014-02-19 01:25:00,0.066,1,2,0.1064,0.0368890227574545,1,0.2440271800243029,Normal
2014-02-19 01:30:00,0.134,1,2,0.12,0.0301993377410829,1,0.3214825814205589,Normal
2014-02-19 01:35:00,0.134,1,2,0.1204,0.0304105244939971,1,0.3202451821520056,Normal
2014-02-19 01:40:00,0.066,1,2,0.1068,0.0372451339103512,1,0.2443972212901701,Normal
2014-02-19 01:45:00,0.134,1,2,0.1068,0.0372451339103512,1,0.2669472339478168,Normal
2014-02-19 01:50:00,0.134,1,2,0.1204,0.0304105244939971,1,0.3202451821520056,Normal
2014-02-19 01:55:00,0.134,1,2,0.1204,0.0304105244939971,1,0.3202451821520056,Normal
2014-02-19 02:00:00,0.134,2,2,0.1204,0.0304105244939971,1,0.3291833498895705,Normal
2014-02-19 02:05:00,0.068,2,2,0.1207999999999999,0.0295160973029972,1,0.2371930928543858,Normal
2014-02-19 02:10:00,0.132,2,2,0.1204,0.0293052896249124,1,0.3213744866701139,Normal
2014-02-19 02:15:00,0.134,2,2,0.1204,0.0293052896249124,1,0.3284759624571375,Normal
2014-02-19 02:20:00,0.134,2,2,0.1204,0.0293052896249124,1,0.3284759624571375,Normal
2014-02-19 02:25:00,0.132,2,2,0.12,0.0290860791444979,1,0.3222323541678954,Normal
2014-02-19 02:30:00,0.066,2,2,0.1196,0.0299799933288851,1,0.2593171410464216,Normal
2014-02-19 02:35:00,0.134,2,2,0.12,0.030199337741083,1,0.3297929501371155,Normal
2014-02-19 02:40:00,0.132,2,2,0.1196,0.0299799933288851,1,0.3208550080329634,Normal
2014-02-19 02:45:00,0.066,2,2,0.106,0.0365239647354993,1,0.2460379110363598,Normal
2014-02-19 02:50:00,0.136,2,2,0.1068,0.037271973384837,1,0.256932213305275,Normal
2014-02-19 02:55:00,0.132,2,2,0.12,0.0302324329156619,1,0.3229506736289876,Normal
2014-02-19 03:00:00,0.134,3,2,0.12,0.0302324329156619,1,0.3371053423458672,Normal
2014-02-19 03:05:00,0.066,3,2,0.1068,0.037271973384837,1,0.2572316270360722,Normal
2014-02-19 03:10:00,0.132,3,2,0.12,0.0302324329156619,1,0.3315243735935402,Normal
2014-02-19 03:15:00,0.132,3,2,0.1192,0.0297523108346225,1,0.3247008620324617,Normal
2014-02-19 03:20:00,0.068,3,2,0.1064,0.0359833294735214,1,0.229947927448284,Normal
2014-02-19 03:25:00,0.134,3,2,0.1064,0.0359833294735214,1,0.2772585163802101,Normal
2014-02-19 03:30:00,0.134,3,2,0.12,0.0290860791444979,1,0.3364118499795261,Normal
2014-02-19 03:35:00,1.444,3,2,0.3823999999999999,0.5941269224669086,-1,-0.0366160696466282,High
2014-02-19 03:40:00,0.134,3,2,0.3827999999999999,0.593916829194122,1,0.0215163571741922,Normal
2014-02-19 03:45:00,0.066,3,2,0.3823999999999999,0.5941824635581228,1,0.0052209207969858,Normal
2014-02-19 03:50:00,0.134,3,2,0.3823999999999999,0.5941824635581228,1,0.0215163571741922,Normal
2014-02-19 03:55:00,0.132,3,2,0.382,0.5943921264619847,1,0.0182625039416873,Normal
2014-02-19 04:00:00,0.134,4,2,0.12,0.0301993377410813,1,0.337655427432841,Normal
2014-02-19 04:05:00,0.134,4,2,0.12,0.0301993377410813,1,0.337655427432841,Normal
2014-02-19 04:10:00,0.132,4,2,0.1331999999999999,0.0010954451149657,1,0.2668788339066326,Normal
2014-02-19 04:15:00,0.132,4,2,0.1328,0.0010954451149657,1,0.2651976697053346,Normal
2014-02-19 04:20:00,0.066,4,2,0.1196,0.0299799933288835,1,0.267214563197973,Normal
2014-02-19 04:25:00,0.134,4,2,0.1196,0.0299799933288835,1,0.336321327336341,Normal
2014-02-19 04:30:00,0.134,4,2,0.1196,0.0299799933288835,1,0.336321327336341,Normal
2014-02-19 04:35:00,0.066,4,2,0.1064,0.0368890227574531,1,0.2627781150590678,Normal
2014-02-19 04:40:00,0.2,4,2,0.12,0.0561782876207516,1,0.1699604985097925,Normal
2014-02-19 04:45:00,0.132,4,2,0.1331999999999999,0.0473835414463704,1,0.2872334751451706,Normal
2014-02-19 04:50:00,0.132,4,2,0.1328,0.0473835414463704,1,0.2861026846277284,Normal
2014-02-19 04:55:00,0.134,4,2,0.1327999999999999,0.0473835414463704,1,0.2881238072037738,Normal
2014-02-19 05:00:00,0.066,5,2,0.1328,0.0473835414463704,1,0.2354567079141043,Normal
2014-02-19 05:05:00,0.132,5,2,0.1192,0.0297523108346209,1,0.3336134407662339,Normal
2014-02-19 05:10:00,0.134,5,2,0.1196,0.0299799933288835,1,0.3432135579420305,Normal
2014-02-19 05:15:00,0.068,5,2,0.1068,0.0363483149540649,1,0.246812235365213,Normal
2014-02-19 05:20:00,0.132,5,2,0.1064,0.0359833294735201,1,0.2908162263674506,Normal
2014-02-19 05:25:00,0.134,5,2,0.12,0.0290860791444962,1,0.3429713901645136,Normal
2014-02-19 05:30:00,0.066,5,2,0.1068,0.0363483149540649,1,0.2759411845008941,Normal
2014-02-19 05:35:00,0.132,5,2,0.1064,0.0359833294735201,1,0.2908162263674506,Normal
2014-02-19 05:40:00,0.134,5,2,0.1196,0.0299799933288835,1,0.3432135579420305,Normal
2014-02-19 05:45:00,0.132,5,2,0.1196,0.0299799933288835,1,0.3387357908372342,Normal
2014-02-19 05:50:00,0.132,5,2,0.1192,0.0297523108346209,1,0.3336134407662339,Normal
2014-02-19 05:55:00,0.134,5,2,0.1327999999999999,0.0010954451149653,1,0.2766942289167899,Normal
2014-02-19 06:00:00,0.132,6,2,0.1328,0.0010954451149653,1,0.2739949778112118,Normal
2014-02-19 06:05:00,0.066,6,2,0.1192,0.0297523108346208,1,0.2651091200404005,Normal
2014-02-19 06:10:00,0.2019999999999999,6,2,0.1331999999999999,0.0480957378569026,1,0.1867356216890249,Normal
2014-02-19 06:15:00,0.066,6,2,0.1199999999999999,0.0567802782663126,1,0.2190381993864614,Normal
2014-02-19 06:20:00,0.132,6,2,0.1195999999999999,0.056663921502133,1,0.2706371557633918,Normal
2014-02-19 06:25:00,0.134,6,2,0.1199999999999999,0.0567802782663126,1,0.2752511141492292,Normal
2014-02-19 06:30:00,0.134,6,2,0.1336,0.0480915793044884,1,0.2892836345916256,Normal
2014-02-19 06:35:00,0.134,6,2,0.12,0.0301993377410813,1,0.3428039858655417,Normal
2014-02-19 06:40:00,0.066,6,2,0.12,0.0301993377410813,1,0.2725113318660909,Normal
2014-02-19 06:45:00,0.134,6,2,0.1204,0.0304105244939954,1,0.3422140818339912,Normal
2014-02-19 06:50:00,0.134,6,2,0.1204,0.0304105244939954,1,0.3422140818339912,Normal
2014-02-19 06:55:00,0.132,6,2,0.12,0.0301993377410813,1,0.3379043665625074,Normal
2014-02-19 07:00:00,0.066,7,2,0.1064,0.0368890227574531,1,0.27000928362925,Normal
2014-02-19 07:05:00,0.132,7,2,0.1196,0.0299799933288835,1,0.3365400053926687,Normal
2014-02-19 07:10:00,0.134,7,2,0.1196,0.0299799933288835,1,0.3416818199272403,Normal
2014-02-19 07:15:00,0.132,7,2,0.1192,0.0297523108346208,1,0.3328341088387548,Normal
2014-02-19 07:20:00,0.2,7,2,0.1328,0.0473835414463704,1,0.1902548213321855,Normal
2014-02-19 07:25:00,0.134,7,2,0.1464,0.0299799933288836,1,0.2640135944827267,Normal
2014-02-19 07:30:00,0.066,7,2,0.1332,0.0473835414463704,1,0.2343477894637977,Normal
2014-02-19 07:35:00,0.134,7,2,0.1331999999999999,0.0473835414463704,1,0.290355809598959,Normal
2014-02-19 07:40:00,0.134,7,2,0.1336,0.0473793203834742,1,0.288103931306937,Normal
2014-02-19 07:45:00,0.132,7,2,0.12,0.0301993377410813,1,0.3393242227585552,Normal
2014-02-19 07:50:00,0.132,7,2,0.1196,0.0299799933288835,1,0.3365400053926687,Normal
2014-02-19 07:55:00,0.134,7,2,0.1331999999999999,0.0010954451149662,1,0.2777342976924077,Normal
2014-02-19 08:00:00,0.066,8,2,0.1196,0.0299799933288835,1,0.2674883650502266,Normal
2014-02-19 08:05:00,0.134,8,2,0.1196,0.0299799933288835,1,0.3404018934060517,Normal
2014-02-19 08:10:00,0.132,8,2,0.1196,0.0299799933288835,1,0.3354176637458146,Normal
2014-02-19 08:15:00,0.066,8,2,0.1064,0.0368890227574531,1,0.2693394170705719,Normal
2014-02-19 08:20:00,0.134,8,2,0.1064,0.0368890227574531,1,0.2951040760396017,Normal
2014-02-19 08:25:00,0.066,8,2,0.1064,0.0368890227574531,1,0.2693394170705719,Normal
2014-02-19 08:30:00,0.134,8,2,0.1064,0.0368890227574531,1,0.2951040760396017,Normal
2014-02-19 08:35:00,0.132,8,2,0.1064,0.0368890227574531,1,0.2906280565689581,Normal
2014-02-19 08:40:00,0.134,8,2,0.12,0.0301993377410813,1,0.3437510872602559,Normal
2014-02-19 08:45:00,0.066,8,2,0.1064,0.0368890227574531,1,0.2693394170705719,Normal
2014-02-19 08:50:00,0.134,8,2,0.12,0.0301993377410813,1,0.3437510872602559,Normal
2014-02-19 08:55:00,0.2,8,2,0.1332,0.0473835414463704,1,0.1917207036558436,Normal
2014-02-19 09:00:00,0.068,9,2,0.1204,0.0557027826953007,1,0.2056014046806646,Normal
2014-02-19 09:05:00,0.134,9,2,0.1204,0.0557027826953007,1,0.2746600751187023,Normal
2014-02-19 09:10:00,0.134,9,2,0.1339999999999999,0.0466690475583111,1,0.2958617076851845,Normal
2014-02-19 09:15:00,0.132,9,2,0.1336,0.0466776177626911,1,0.2905985996595113,Normal
2014-02-19 09:20:00,0.134,9,2,0.1204,0.0293052896249107,1,0.3475155419440465,Normal
2014-02-19 09:25:00,0.136,9,2,0.1339999999999999,0.001414213562339,1,0.2521915106321785,Normal
2014-02-19 09:30:00,0.066,9,2,0.1204,0.0304433900871749,1,0.2752262615663521,Normal
2014-02-19 09:35:00,0.134,9,2,0.1204,0.0304433900871749,1,0.3482435129362161,Normal
2014-02-19 09:40:00,0.134,9,2,0.1208,0.030646370095003,1,0.3471188595169474,Normal
2014-02-19 09:45:00,0.066,9,2,0.1072,0.0376191440625633,1,0.2630740592808113,Normal
2014-02-19 09:50:00,0.134,9,2,0.1068,0.0372451339103498,1,0.300638603760004,Normal
2014-02-19 09:55:00,0.134,9,2,0.1204,0.0304105244939954,1,0.3482435129362161,Normal
2014-02-19 10:00:00,0.132,10,2,0.12,0.0301993377410813,1,0.3396366044760782,Normal
2014-02-19 10:05:00,0.134,10,2,0.12,0.0301993377410813,1,0.3456545581633919,Normal
2014-02-19 10:10:00,0.068,10,2,0.1204,0.0293052896249107,1,0.2489716807073132,Normal
2014-02-19 10:15:00,0.134,10,2,0.1204,0.0293052896249107,1,0.3448670010044553,Normal
2014-02-19 10:20:00,0.068,10,2,0.1072,0.0357938542210795,1,0.2288846793887117,Normal
2014-02-19 10:25:00,0.134,10,2,0.1076,0.0361496887953395,1,0.2908439358158222,Normal
2014-02-19 10:30:00,0.134,10,2,0.1076,0.0361496887953395,1,0.2908439358158222,Normal
2014-02-19 10:35:00,0.066,10,2,0.1072,0.0367042231902528,1,0.2630617065435177,Normal
2014-02-19 10:40:00,0.134,10,2,0.1072,0.0367042231902528,1,0.2946984333139515,Normal
2014-02-19 10:45:00,0.134,10,2,0.1204,0.0304105244939954,1,0.3453381299269895,Normal
2014-02-19 10:50:00,0.134,10,2,0.1204,0.0304105244939954,1,0.3453381299269895,Normal
2014-02-19 10:55:00,0.134,10,2,0.1204,0.0304105244939954,1,0.3453381299269895,Normal
2014-02-19 11:00:00,0.134,11,2,0.134,0.0,1,0.2707588205891203,Normal
2014-02-19 11:05:00,0.134,11,2,0.134,0.0,1,0.2707588205891203,Normal
2014-02-19 11:10:00,0.066,11,2,0.1204,0.0304105244939971,1,0.2769980810706168,Normal
2014-02-19 11:15:00,0.132,11,2,0.12,0.030199337741083,1,0.3392086184600877,Normal
2014-02-19 11:20:00,0.134,11,2,0.12,0.030199337741083,1,0.3460650491290349,Normal
2014-02-19 11:25:00,0.134,11,2,0.12,0.030199337741083,1,0.3460650491290349,Normal
2014-02-19 11:30:00,0.066,11,2,0.1064,0.0368890227574545,1,0.2703054435644834,Normal
2014-02-19 11:35:00,0.134,11,2,0.12,0.030199337741083,1,0.3460650491290349,Normal
2014-02-19 11:40:00,0.134,11,2,0.1204,0.0304105244939971,1,0.3457489566743087,Normal
2014-02-19 11:45:00,0.134,11,2,0.1204,0.0304105244939971,1,0.3457489566743087,Normal
2014-02-19 11:50:00,0.134,11,2,0.1204,0.0304105244939971,1,0.3457489566743087,Normal
2014-02-19 11:55:00,0.134,11,2,0.134,0.0,1,0.2707588205891203,Normal
2014-02-19 12:00:00,0.132,12,2,0.1336,0.0008944271909999,1,0.2723388269020814,Normal
2014-02-19 12:05:00,0.068,12,2,0.1204,0.0293052896249124,1,0.2507933216233422,Normal
2014-02-19 12:10:00,0.134,12,2,0.1204,0.0293052896249124,1,0.3461460188958947,Normal
2014-02-19 12:15:00,0.132,12,2,0.12,0.0290860791444979,1,0.337786836693672,Normal
2014-02-19 12:20:00,0.066,12,2,0.1064,0.0359833294735214,1,0.2632494720341651,Normal
2014-02-19 12:25:00,0.136,12,2,0.1072,0.0367314579073578,1,0.2703317818837419,Normal
2014-02-19 12:30:00,0.134,12,2,0.1204,0.0304433900871765,1,0.3468765796267284,Normal
2014-02-19 12:35:00,0.134,12,2,0.1204,0.0304433900871765,1,0.3468765796267284,Normal
2014-02-19 12:40:00,0.066,12,2,0.1072,0.0376191440625647,1,0.2587915363319778,Normal
2014-02-19 12:45:00,0.134,12,2,0.1208,0.0306463700950047,1,0.3445593261169821,Normal
2014-02-19 12:50:00,0.134,12,2,0.1204,0.0304105244939971,1,0.3468765796267284,Normal
2014-02-19 12:55:00,0.134,12,2,0.1204,0.0304105244939971,1,0.3468765796267284,Normal
2014-02-19 13:00:00,0.132,13,2,0.12,0.030199337741083,1,0.3395638914689369,Normal
2014-02-19 13:05:00,0.134,13,2,0.1336,0.0008944271909999,1,0.2924551572931854,Normal
2014-02-19 13:10:00,0.132,13,2,0.1332,0.0010954451150103,1,0.2816076705264756,Normal
2014-02-19 13:15:00,0.134,13,2,0.1331999999999999,0.0010954451150103,1,0.2916846017652134,Normal
2014-02-19 13:20:00,0.066,13,2,0.1196,0.0299799933288851,1,0.2706559111828308,Normal
2014-02-19 13:25:00,0.134,13,2,0.12,0.030199337741083,1,0.3465596143545931,Normal
2014-02-19 13:30:00,0.134,13,2,0.12,0.030199337741083,1,0.3465596143545931,Normal
2014-02-19 13:35:00,0.134,13,2,0.1204,0.0304105244939971,1,0.3465596143545931,Normal
2014-02-19 13:40:00,0.134,13,2,0.1204,0.0304105244939971,1,0.3465596143545931,Normal
2014-02-19 13:45:00,0.134,13,2,0.134,0.0,1,0.2803088883315628,Normal
2014-02-19 13:50:00,0.132,13,2,0.1336,0.0008944271909999,1,0.2792254129303479,Normal
2014-02-19 13:55:00,0.132,13,2,0.1331999999999999,0.0010954451150103,1,0.2816076705264756,Normal
2014-02-19 14:00:00,0.066,14,2,0.1196,0.0299799933288851,1,0.2683113714480974,Normal
2014-02-19 14:05:00,0.134,14,2,0.1196,0.0299799933288851,1,0.3410191929356692,Normal
2014-02-19 14:10:00,0.134,14,2,0.1196,0.0299799933288851,1,0.3410191929356692,Normal
2014-02-19 14:15:00,0.134,14,2,0.12,0.030199337741083,1,0.3426366463397212,Normal
2014-02-19 14:20:00,0.134,14,2,0.1204,0.0304105244939971,1,0.3429549862928275,Normal
2014-02-19 14:25:00,0.134,14,2,0.134,0.0,1,0.2809422833852497,Normal
2014-02-19 14:30:00,0.066,14,2,0.1204,0.0304105244939971,1,0.2723995297703779,Normal
2014-02-19 14:35:00,0.134,14,2,0.1204,0.0304105244939971,1,0.3429549862928275,Normal
2014-02-19 14:40:00,0.134,14,2,0.1204,0.0304105244939971,1,0.3429549862928275,Normal
2014-02-19 14:45:00,0.136,14,2,0.1208,0.0306463700950047,1,0.3139089751982379,Normal
2014-02-19 14:50:00,0.134,14,2,0.1208,0.0306463700950047,1,0.3397310630693049,Normal
2014-02-19 14:55:00,0.134,14,2,0.1344,0.0008944271909999,1,0.2785692972549151,Normal
2014-02-19 15:00:00,0.134,15,2,0.1344,0.0008944271909999,1,0.2782415020808007,Normal
2014-02-19 15:05:00,0.066,15,2,0.1207999999999999,0.0306463700950047,1,0.264313217944316,Normal
2014-02-19 15:10:00,0.2,15,2,0.1336,0.0473793203834753,1,0.1904504814636516,Normal
2014-02-19 15:15:00,0.134,15,2,0.1336,0.0473793203834753,1,0.2859671936149884,Normal
2014-02-19 15:20:00,0.134,15,2,0.1336,0.0473793203834753,1,0.2859671936149884,Normal
2014-02-19 15:25:00,0.134,15,2,0.1336,0.0473793203834753,1,0.2859671936149884,Normal
2014-02-19 15:30:00,0.066,15,2,0.1336,0.0473793203834753,1,0.2221862434417519,Normal
2014-02-19 15:35:00,0.132,15,2,0.12,0.030199337741083,1,0.3347714232394217,Normal
2014-02-19 15:40:00,0.132,15,2,0.1196,0.0299799933288851,1,0.3318693146346074,Normal
2014-02-19 15:45:00,0.134,15,2,0.1196,0.0299799933288851,1,0.3393273872112141,Normal
2014-02-19 15:50:00,0.134,15,2,0.1196,0.0299799933288851,1,0.3393273872112141,Normal
2014-02-19 15:55:00,0.134,15,2,0.1331999999999999,0.0010954451150104,1,0.292535701445105,Normal
2014-02-19 16:00:00,0.066,16,2,0.12,0.030199337741083,1,0.2664547222261548,Normal
2014-02-19 16:05:00,0.134,16,2,0.1204,0.0304105244939971,1,0.3393125510929864,Normal
2014-02-19 16:10:00,0.132,16,2,0.12,0.030199337741083,1,0.3313360944727703,Normal
2014-02-19 16:15:00,0.132,16,2,0.1196,0.0299799933288851,1,0.3284089184047858,Normal
2014-02-19 16:20:00,0.066,16,2,0.106,0.0365239647354993,1,0.2442162393942543,Normal
2014-02-19 16:25:00,0.132,16,2,0.1192,0.0297523108346225,1,0.3271681216187975,Normal
2014-02-19 16:30:00,0.134,16,2,0.1192,0.0297523108346225,1,0.3344011646767583,Normal
2014-02-19 16:35:00,0.066,16,2,0.106,0.0365239647354993,1,0.2442162393942543,Normal
2014-02-19 16:40:00,0.2,16,2,0.1196,0.0560606814086307,1,0.1651663553546815,Normal
2014-02-19 16:45:00,0.066,16,2,0.1196,0.0560606814086307,1,0.2050312803634359,Normal
2014-02-19 16:50:00,0.132,16,2,0.1196,0.0560606814086307,1,0.2575600835713934,Normal
2014-02-19 16:55:00,0.132,16,2,0.1192,0.0559392527658352,1,0.2557793075957819,Normal
2014-02-19 17:00:00,0.134,17,2,0.1327999999999999,0.0473835414463714,1,0.2878570798492931,Normal
2014-02-19 17:05:00,0.132,17,2,0.1192,0.0297523108346225,1,0.3316653983096082,Normal
2014-02-19 17:10:00,0.134,17,2,0.1327999999999999,0.0010954451150106,1,0.2957191106456919,Normal
2014-02-19 17:15:00,0.134,17,2,0.1332,0.0010954451150106,1,0.3012565483258126,Normal
2014-02-19 17:20:00,0.2,17,2,0.1467999999999999,0.0297523108346225,1,0.1662557930088781,Normal
2014-02-19 17:25:00,0.066,17,2,0.1332,0.0473835414463714,1,0.2199911457644253,Normal
2014-02-19 17:30:00,0.2019999999999999,17,2,0.1471999999999999,0.0564198546612803,1,0.1463918305025133,Normal
2014-02-19 17:35:00,0.066,17,2,0.1336,0.0675040739511327,1,0.1636358569836046,Normal
2014-02-19 17:40:00,0.134,17,2,0.1336,0.0675040739511327,1,0.2348758347215322,Normal
2014-02-19 17:45:00,0.132,17,2,0.1199999999999999,0.0567802782663135,1,0.2565508322129698,Normal
2014-02-19 17:50:00,0.134,17,2,0.1336,0.0480915793044894,1,0.2831864630850415,Normal
2014-02-19 17:55:00,0.134,17,2,0.12,0.030199337741083,1,0.3430716629183774,Normal
2014-02-19 18:00:00,0.132,18,2,0.1331999999999999,0.0010954451150104,1,0.2837262747742518,Normal
2014-02-19 18:05:00,0.134,18,2,0.1332,0.0010954451150104,1,0.2969275534774847,Normal
2014-02-19 18:10:00,0.134,18,2,0.1336,0.000894427191,1,0.2962661077203212,Normal
2014-02-19 18:15:00,0.134,18,2,0.1336,0.000894427191,1,0.2962661077203212,Normal
2014-02-19 18:20:00,0.134,18,2,0.1336,0.000894427191,1,0.2962661077203212,Normal
2014-02-19 18:25:00,0.132,18,2,0.1336,0.000894427191,1,0.2810388371578493,Normal
2014-02-19 18:30:00,0.134,18,2,0.1336,0.000894427191,1,0.2962661077203212,Normal
2014-02-19 18:35:00,0.134,18,2,0.1336,0.000894427191,1,0.2962661077203212,Normal
2014-02-19 18:40:00,0.134,18,2,0.1336,0.000894427191,1,0.2962661077203212,Normal
2014-02-19 18:45:00,0.132,18,2,0.1332,0.0010954451150104,1,0.2837262747742518,Normal
2014-02-19 18:50:00,0.132,18,2,0.1331999999999999,0.0010954451150104,1,0.2837262747742518,Normal
2014-02-19 18:55:00,0.132,18,2,0.1328,0.0010954451150105,1,0.278541159376558,Normal
2014-02-19 19:00:00,0.134,19,2,0.1327999999999999,0.0010954451150105,1,0.2880265081083037,Normal
2014-02-19 19:05:00,0.134,19,2,0.1328,0.0010954451150105,1,0.2880265081083037,Normal
2014-02-19 19:10:00,0.2019999999999999,19,2,0.1467999999999999,0.0308739372286722,1,0.1570961054614517,Normal
2014-02-19 19:15:00,0.066,19,2,0.1336,0.0480915793044894,1,0.2094248441729364,Normal
2014-02-19 19:20:00,0.134,19,2,0.1339999999999999,0.0480832611206852,1,0.2824924107092528,Normal
2014-02-19 19:25:00,0.132,19,2,0.1336,0.0480915793044894,1,0.273001956152469,Normal
2014-02-19 19:30:00,0.066,19,2,0.12,0.0567802782663135,1,0.2016554273349038,Normal
2014-02-19 19:35:00,0.134,19,2,0.1064,0.0368890227574546,1,0.2794816312309782,Normal
2014-02-19 19:40:00,0.132,19,2,0.1196,0.0299799933288852,1,0.3291247469463142,Normal
2014-02-19 19:45:00,0.134,19,2,0.1196,0.0299799933288852,1,0.3376981483997067,Normal
2014-02-19 19:50:00,0.134,19,2,0.12,0.030199337741083,1,0.3416784491301433,Normal
2014-02-19 19:55:00,0.134,19,2,0.1336,0.0008944271909998,1,0.2936764787011887,Normal
2014-02-19 20:00:00,0.134,20,2,0.1336,0.0008944271909998,1,0.282448434522612,Normal
2014-02-19 20:05:00,0.134,20,2,0.134,0.0,1,0.2680558978791716,Normal
2014-02-19 20:10:00,0.134,20,2,0.134,0.0,1,0.2680558978791716,Normal
2014-02-19 20:15:00,0.066,20,2,0.1204,0.0304105244939971,1,0.2507253864141554,Normal
2014-02-19 20:20:00,0.2,20,2,0.1336,0.0473793203834753,1,0.1731756625158713,Normal
2014-02-19 20:25:00,0.066,20,2,0.12,0.0561782876207525,1,0.1989596027309466,Normal
2014-02-19 20:30:00,0.134,20,2,0.12,0.0561782876207525,1,0.2612223674060083,Normal
2014-02-19 20:35:00,0.132,20,2,0.1196,0.0560606814086307,1,0.2490043930287253,Normal
2014-02-19 20:40:00,0.132,20,2,0.1327999999999999,0.0473835414463714,1,0.2676227042399422,Normal
2014-02-19 20:45:00,0.066,20,2,0.106,0.0365239647354993,1,0.2253179688960289,Normal
2014-02-19 20:50:00,0.2019999999999999,20,2,0.1331999999999999,0.0480957378569036,1,0.1681282599443351,Normal
2014-02-19 20:55:00,0.134,20,2,0.1331999999999999,0.0480957378569036,1,0.2720014564953825,Normal
2014-02-19 21:00:00,0.132,21,2,0.1331999999999999,0.0480957378569036,1,0.2576106923541825,Normal
2014-02-19 21:05:00,0.132,21,2,0.1331999999999999,0.0480957378569036,1,0.2576106923541825,Normal
2014-02-19 21:10:00,0.134,21,2,0.1467999999999999,0.0308739372286723,1,0.2538396319269563,Normal
2014-02-19 21:15:00,0.134,21,2,0.1332,0.0010954451150106,1,0.2762542787111752,Normal
2014-02-19 21:20:00,0.134,21,2,0.1332,0.0010954451150106,1,0.2762542787111752,Normal
2014-02-19 21:25:00,0.134,21,2,0.1336,0.0008944271910002,1,0.275430357114475,Normal
2014-02-19 21:30:00,0.066,21,2,0.1204,0.0304105244939971,1,0.245597755846951,Normal
2014-02-19 21:35:00,0.134,21,2,0.1204,0.0304105244939971,1,0.3243791776767712,Normal
2014-02-19 21:40:00,0.134,21,2,0.1204,0.0304105244939971,1,0.3243791776767712,Normal
2014-02-19 21:45:00,0.134,21,2,0.1204,0.0304105244939971,1,0.3243791776767712,Normal
2014-02-19 21:50:00,0.134,21,2,0.1204,0.0304105244939971,1,0.3243791776767712,Normal
2014-02-19 21:55:00,0.132,21,2,0.1336,0.0008944271909999,1,0.2607479566913934,Normal
2014-02-19 22:00:00,0.134,22,2,0.1336,0.0008944271909999,1,0.2657660076875434,Normal
2014-02-19 22:05:00,0.134,22,2,0.1336,0.0008944271909999,1,0.2657660076875434,Normal
2014-02-19 22:10:00,0.066,22,2,0.12,0.030199337741083,1,0.2418381218466412,Normal
2014-02-19 22:15:00,0.134,22,2,0.12,0.030199337741083,1,0.3181256892158673,Normal
2014-02-19 22:20:00,0.134,22,2,0.1204,0.0304105244939971,1,0.3170775290828604,Normal
2014-02-19 22:25:00,0.134,22,2,0.1204,0.0304105244939971,1,0.3170775290828604,Normal
2014-02-19 22:30:00,0.066,22,2,0.1068,0.0372451339103513,1,0.2219777065911268,Normal
2014-02-19 22:35:00,0.134,22,2,0.1204,0.0304105244939971,1,0.3170775290828604,Normal
2014-02-19 22:40:00,0.132,22,2,0.12,0.030199337741083,1,0.3110075284842928,Normal
2014-02-19 22:45:00,0.134,22,2,0.12,0.030199337741083,1,0.3181256892158673,Normal
2014-02-19 22:50:00,0.134,22,2,0.12,0.030199337741083,1,0.3181256892158673,Normal
2014-02-19 22:55:00,0.134,22,2,0.1336,0.0008944271909999,1,0.2657660076875434,Normal
2014-02-19 23:00:00,0.066,23,2,0.12,0.030199337741083,1,0.2350327245523447,Normal
2014-02-19 23:05:00,0.2019999999999999,23,2,0.1339999999999999,0.0480832611206852,1,0.1596894364185684,Normal
2014-02-19 23:10:00,0.134,23,2,0.1339999999999999,0.0480832611206852,1,0.2470653550390666,Normal
2014-02-19 23:15:00,0.066,23,2,0.1203999999999999,0.0568928818043171,1,0.1752829882520976,Normal
2014-02-19 23:20:00,0.134,23,2,0.1203999999999999,0.0568928818043171,1,0.2387390725619897,Normal
2014-02-19 23:25:00,0.134,23,2,0.1339999999999999,0.0480832611206852,1,0.2470653550390666,Normal
2014-02-19 23:30:00,0.136,23,2,0.1208,0.0306463700950047,1,0.2772681416344625,Normal
2014-02-19 23:35:00,0.066,23,2,0.1072,0.0376191440625647,1,0.2097898963799159,Normal
2014-02-19 23:40:00,0.134,23,2,0.1208,0.0306463700950047,1,0.2994786383458491,Normal
2014-02-19 23:45:00,0.132,23,2,0.1204,0.0304433900871765,1,0.2990341290926913,Normal
2014-02-19 23:50:00,0.134,23,2,0.1204,0.0304433900871765,1,0.3038867881224515,Normal
2014-02-19 23:55:00,0.128,23,2,0.1188,0.0296175623574932,1,0.2814258744674887,Normal
2014-02-20 00:00:00,0.068,0,3,0.1192,0.0287262945748316,1,0.2178411695736822,Normal
2014-02-20 00:05:00,0.134,0,3,0.1192,0.0287262945748316,1,0.3000812174908925,Normal
2014-02-20 00:10:00,0.136,0,3,0.12,0.0292232783924049,1,0.2849514357491955,Normal
2014-02-20 00:15:00,0.134,0,3,0.12,0.0292232783924049,1,0.3058884612500471,Normal
2014-02-20 00:20:00,0.198,0,3,0.134,0.0459782557302906,1,0.1471519318504595,Normal
2014-02-20 00:25:00,0.134,0,3,0.1472,0.0284112653713276,1,0.2137365905526765,Normal
2014-02-20 00:30:00,0.134,0,3,0.1472,0.0284112653713276,1,0.2137365905526765,Normal
2014-02-20 00:35:00,0.068,0,3,0.1336,0.0459652042310267,1,0.1860035341807551,Normal
2014-02-20 00:40:00,0.134,0,3,0.1336,0.0459652042310267,1,0.2529726488125959,Normal
2014-02-20 00:45:00,0.134,0,3,0.1208,0.0295160973029972,1,0.2995303893831749,Normal
2014-02-20 00:50:00,0.134,0,3,0.1208,0.0295160973029972,1,0.2995303893831749,Normal
2014-02-20 00:55:00,0.134,0,3,0.1208,0.0295160973029972,1,0.2995303893831749,Normal
2014-02-20 01:00:00,0.2019999999999999,1,3,0.1475999999999999,0.030410524493997,1,0.1416839646015875,Normal
2014-02-20 01:05:00,0.066,1,3,0.1339999999999999,0.0480832611206851,1,0.2048344028693505,Normal
2014-02-20 01:10:00,0.134,1,3,0.1339999999999999,0.0480832611206851,1,0.2634158671973889,Normal
2014-02-20 01:15:00,0.132,1,3,0.1336,0.0480915793044894,1,0.2629554819079863,Normal
2014-02-20 01:20:00,0.134,1,3,0.1336,0.0480915793044894,1,0.26716036529234,Normal
2014-02-20 01:25:00,0.134,1,3,0.12,0.030199337741083,1,0.3246230786199086,Normal
2014-02-20 01:30:00,0.068,1,3,0.1204,0.0293052896249124,1,0.2403154893162372,Normal
2014-02-20 01:35:00,0.136,1,3,0.1208,0.0295499576987852,1,0.2993738809409806,Normal
2014-02-20 01:40:00,0.132,1,3,0.1208,0.0295499576987852,1,0.3104615755924779,Normal
2014-02-20 01:45:00,0.134,1,3,0.1208,0.0295499576987852,1,0.319390194371864,Normal
2014-02-20 01:50:00,0.066,1,3,0.1072,0.0367314579073578,1,0.2498494915641197,Normal
2014-02-20 01:55:00,0.198,1,3,0.1332,0.0467033189398783,1,0.1701009920788946,Normal
2014-02-20 02:00:00,0.066,2,3,0.1192,0.0553461832469051,1,0.2224392310155409,Normal
2014-02-20 02:05:00,0.134,2,3,0.1196,0.0554689102110362,1,0.2690796561593665,Normal
2014-02-20 02:10:00,0.134,2,3,0.1196,0.0554689102110362,1,0.2690796561593665,Normal
2014-02-20 02:15:00,0.132,2,3,0.1327999999999999,0.0466819022748645,1,0.2765442058229842,Normal
2014-02-20 02:20:00,0.134,2,3,0.12,0.030199337741083,1,0.3320326953444221,Normal
2014-02-20 02:25:00,0.066,2,3,0.12,0.030199337741083,1,0.2708801883201631,Normal
2014-02-20 02:30:00,0.198,2,3,0.1328,0.0466819022748645,1,0.1796203236949598,Normal
2014-02-20 02:35:00,0.066,2,3,0.1192,0.0553461832469051,1,0.2224392310155409,Normal
2014-02-20 02:40:00,0.134,2,3,0.1196,0.0554689102110362,1,0.2690796561593665,Normal
2014-02-20 02:45:00,0.134,2,3,0.1196,0.0554689102110362,1,0.2690796561593665,Normal
2014-02-20 02:50:00,0.132,2,3,0.1327999999999999,0.0466819022748645,1,0.2765442058229842,Normal
2014-02-20 02:55:00,0.134,2,3,0.12,0.030199337741083,1,0.3320326953444221,Normal
2014-02-20 03:00:00,0.134,3,3,0.1336,0.0008944271909997,1,0.2606224021922188,Normal
2014-02-20 03:05:00,0.066,3,3,0.12,0.030199337741083,1,0.273424140647667,Normal
2014-02-20 03:10:00,0.132,3,3,0.1196,0.0299799933288852,1,0.3302399503626235,Normal
2014-02-20 03:15:00,0.134,3,3,0.12,0.030199337741083,1,0.3371312880421624,Normal
2014-02-20 03:20:00,0.132,3,3,0.1196,0.0299799933288852,1,0.3302399503626235,Normal
2014-02-20 03:25:00,0.066,3,3,0.106,0.0365239647354994,1,0.25696691290085,Normal
2014-02-20 03:30:00,0.136,3,3,0.12,0.0302324329156619,1,0.3174541227770225,Normal
2014-02-20 03:35:00,1.598,3,3,0.4132,0.6629790343593076,-1,-0.045513327205535,Critical
2014-02-20 03:40:00,0.066,3,3,0.3996,0.6707896838801265,-1,-0.0060935955266125,Low
2014-02-20 03:45:00,0.132,3,3,0.3996,0.6707896838801265,1,0.0054717109269125,Normal
2014-02-20 03:50:00,0.134,3,3,0.4131999999999999,0.6629790343593076,1,0.0025143845451934,Normal
2014-02-20 03:55:00,0.134,3,3,0.4128,0.6631886609404597,1,0.0025143845451934,Normal
2014-02-20 04:00:00,0.134,4,3,0.12,0.0301993377410831,1,0.338834481830972,Normal
2014-02-20 04:05:00,0.066,4,3,0.12,0.0301993377410831,1,0.2798303234674458,Normal
2014-02-20 04:10:00,0.2,4,3,0.1336,0.0473793203834754,1,0.1920495325780398,Normal
2014-02-20 04:15:00,0.134,4,3,0.1336,0.0473793203834754,1,0.2853352179892819,Normal
2014-02-20 04:20:00,0.068,4,3,0.1204,0.0557027826953017,1,0.2090457520846004,Normal
2014-02-20 04:25:00,0.134,4,3,0.1204,0.0557027826953017,1,0.2699250384304514,Normal
2014-02-20 04:30:00,0.134,4,3,0.1339999999999999,0.0466690475583122,1,0.2888175709535196,Normal
2014-02-20 04:35:00,0.066,4,3,0.1072,0.0367042231902544,1,0.2682626585749681,Normal
2014-02-20 04:40:00,0.132,4,3,0.1068,0.0363483149540664,1,0.2888531406124892,Normal
2014-02-20 04:45:00,0.134,4,3,0.12,0.0301993377410831,1,0.338834481830972,Normal
2014-02-20 04:50:00,0.134,4,3,0.12,0.0301993377410831,1,0.338834481830972,Normal
2014-02-20 04:55:00,0.132,4,3,0.1196,0.0299799933288853,1,0.3343619217628144,Normal
2014-02-20 05:00:00,0.134,5,3,0.1331999999999999,0.0010954451150137,1,0.2704271663865873,Normal
2014-02-20 05:05:00,0.132,5,3,0.1332,0.0010954451150137,1,0.2660076647674478,Normal
2014-02-20 05:10:00,0.066,5,3,0.1196,0.0299799933288853,1,0.2809410911734277,Normal
2014-02-20 05:15:00,0.132,5,3,0.1192,0.0297523108346227,1,0.3355727732722386,Normal
2014-02-20 05:20:00,0.134,5,3,0.1196,0.0299799933288853,1,0.3445323431562145,Normal
2014-02-20 05:25:00,0.066,5,3,0.106,0.0365239647354995,1,0.2707403121740527,Normal
2014-02-20 05:30:00,0.134,5,3,0.1064,0.0368890227574547,1,0.3014795888634837,Normal
2014-02-20 05:35:00,0.134,5,3,0.12,0.0301993377410831,1,0.3445789707358055,Normal
2014-02-20 05:40:00,0.066,5,3,0.1068,0.0372451339103514,1,0.2815505696703256,Normal
2014-02-20 05:45:00,0.132,5,3,0.1064,0.0368890227574547,1,0.2963449786617494,Normal
2014-02-20 05:50:00,0.134,5,3,0.12,0.0301993377410831,1,0.3445789707358055,Normal
2014-02-20 05:55:00,0.2019999999999999,5,3,0.1336,0.0480915793044894,1,0.1911393423600211,Normal
2014-02-20 06:00:00,0.132,6,3,0.1331999999999999,0.0480957378569037,1,0.281475547782936,Normal
2014-02-20 06:05:00,0.134,6,3,0.1467999999999999,0.0308739372286723,1,0.2640338649799476,Normal
2014-02-20 06:10:00,0.068,6,3,0.1339999999999999,0.0473919824442911,1,0.2171465258848839,Normal
2014-02-20 06:15:00,0.132,6,3,0.1336,0.0474004219390503,1,0.2878086939610237,Normal
2014-02-20 06:20:00,0.132,6,3,0.1196,0.0288582743766845,1,0.338235110278109,Normal
2014-02-20 06:25:00,0.066,6,3,0.1064,0.0359833294735216,1,0.2715918211544759,Normal
2014-02-20 06:30:00,0.134,6,3,0.1064,0.0359833294735216,1,0.2956895852535899,Normal
2014-02-20 06:35:00,0.134,6,3,0.1196,0.0299799933288853,1,0.3435142886070033,Normal
2014-02-20 06:40:00,0.132,6,3,0.1196,0.0299799933288853,1,0.3386111072075737,Normal
2014-02-20 06:45:00,0.134,6,3,0.12,0.0301993377410831,1,0.3448291154572663,Normal
2014-02-20 06:50:00,0.066,6,3,0.12,0.0301993377410831,1,0.2796176477379711,Normal
2014-02-20 06:55:00,0.132,6,3,0.1196,0.0299799933288853,1,0.3386111072075737,Normal
2014-02-20 07:00:00,0.132,7,3,0.1192,0.0297523108346227,1,0.3335884232004653,Normal
2014-02-20 07:05:00,0.132,7,3,0.1192,0.0297523108346227,1,0.3335884232004653,Normal
2014-02-20 07:10:00,0.134,7,3,0.1192,0.0297523108346227,1,0.3372431608589369,Normal
2014-02-20 07:15:00,0.066,7,3,0.1192,0.0297523108346227,1,0.2699490472823891,Normal
2014-02-20 07:20:00,0.136,7,3,0.12,0.030232432915662,1,0.3238938444435039,Normal
2014-02-20 07:25:00,0.068,7,3,0.1072,0.0367314579073579,1,0.241916680708725,Normal
2014-02-20 07:30:00,0.134,7,3,0.1076,0.037078295537956,1,0.2939956411232302,Normal
2014-02-20 07:35:00,0.132,7,3,0.1072,0.0367314579073579,1,0.2912435805370472,Normal
2014-02-20 07:40:00,0.134,7,3,0.1208,0.0295499576987854,1,0.3423318571655446,Normal
2014-02-20 07:45:00,0.132,7,3,0.12,0.0290860791444981,1,0.3406010382965254,Normal
2014-02-20 07:50:00,0.134,7,3,0.1331999999999999,0.0010954451150122,1,0.2691054736802719,Normal
2014-02-20 07:55:00,0.134,7,3,0.1332,0.0010954451150122,1,0.2691054736802719,Normal
2014-02-20 08:00:00,0.132,8,3,0.1331999999999999,0.0010954451150122,1,0.265734760834134,Normal
2014-02-20 08:05:00,0.132,8,3,0.1328,0.0010954451150122,1,0.2619906573566352,Normal
2014-02-20 08:10:00,0.066,8,3,0.1196,0.0299799933288853,1,0.2740172456609997,Normal
2014-02-20 08:15:00,0.134,8,3,0.1196,0.0299799933288853,1,0.3417485972433571,Normal
2014-02-20 08:20:00,0.068,8,3,0.1064,0.0359833294735216,1,0.2396032550326637,Normal
2014-02-20 08:25:00,0.134,8,3,0.1068,0.0363483149540664,1,0.2988987166841982,Normal
2014-02-20 08:30:00,0.134,8,3,0.1072,0.0367042231902544,1,0.2963510655592752,Normal
2014-02-20 08:35:00,0.132,8,3,0.1204,0.0293052896249125,1,0.3392587771863661,Normal
2014-02-20 08:40:00,0.068,8,3,0.1072,0.0357938542210811,1,0.2371521819034885,Normal
2014-02-20 08:45:00,0.134,8,3,0.1204,0.0293052896249125,1,0.3432068282710277,Normal
2014-02-20 08:50:00,0.134,8,3,0.1204,0.0293052896249125,1,0.3432068282710277,Normal
2014-02-20 08:55:00,0.132,8,3,0.12,0.029086079144498,1,0.3397905217395674,Normal
2014-02-20 09:00:00,0.134,9,3,0.1204,0.0293052896249125,1,0.348976339061896,Normal
2014-02-20 09:05:00,0.066,9,3,0.12,0.0301993377410831,1,0.2823040253679321,Normal
2014-02-20 09:10:00,0.134,9,3,0.12,0.0301993377410831,1,0.3493420920871243,Normal
2014-02-20 09:15:00,0.134,9,3,0.12,0.0301993377410831,1,0.3493420920871243,Normal
2014-02-20 09:20:00,0.066,9,3,0.1068,0.0372451339103514,1,0.277015299033196,Normal
2014-02-20 09:25:00,0.132,9,3,0.1064,0.0368890227574546,1,0.2978234698614463,Normal
2014-02-20 09:30:00,0.132,9,3,0.1196,0.0299799933288852,1,0.3430209136865057,Normal
2014-02-20 09:35:00,0.134,9,3,0.1196,0.0299799933288852,1,0.347279182930339,Normal
2014-02-20 09:40:00,0.066,9,3,0.106,0.0365239647354994,1,0.2667491859913659,Normal
2014-02-20 09:45:00,0.134,9,3,0.1196,0.0299799933288852,1,0.347279182930339,Normal
2014-02-20 09:50:00,0.134,9,3,0.12,0.0301993377410831,1,0.3493420920871243,Normal
2014-02-20 09:55:00,0.132,9,3,0.12,0.0301993377410831,1,0.3451066272712182,Normal
2014-02-20 10:00:00,0.134,10,3,0.12,0.0301993377410831,1,0.3476543897701409,Normal
2014-02-20 10:05:00,0.068,10,3,0.1204,0.0293052896249125,1,0.2540439821580848,Normal
2014-02-20 10:10:00,0.132,10,3,0.12,0.029086079144498,1,0.3437327948621408,Normal
2014-02-20 10:15:00,0.134,10,3,0.12,0.029086079144498,1,0.3480680938883259,Normal
2014-02-20 10:20:00,0.066,10,3,0.1068,0.0363483149540664,1,0.2761428093732904,Normal
2014-02-20 10:25:00,0.132,10,3,0.1064,0.0359833294735216,1,0.2923440481402125,Normal
2014-02-20 10:30:00,0.134,10,3,0.1196,0.0299799933288852,1,0.3463669184744544,Normal
2014-02-20 10:35:00,0.066,10,3,0.1064,0.0368890227574546,1,0.275581978145456,Normal
2014-02-20 10:40:00,0.2019999999999999,10,3,0.1199999999999999,0.0567802782663135,1,0.1789637210740816,Normal
2014-02-20 10:45:00,0.132,10,3,0.1331999999999999,0.0480957378569036,1,0.2842753409994265,Normal
2014-02-20 10:50:00,0.132,10,3,0.1331999999999999,0.0480957378569036,1,0.2842753409994265,Normal
2014-02-20 10:55:00,0.134,10,3,0.1331999999999999,0.0480957378569036,1,0.2899608927216592,Normal
2014-02-20 11:00:00,0.132,11,3,0.1464,0.0310934076614319,1,0.2780960899538817,Normal
2014-02-20 11:05:00,0.136,11,3,0.1331999999999999,0.0017888543820003,1,0.2467510210559165,Normal
2014-02-20 11:10:00,0.132,11,3,0.1332,0.0017888543820003,1,0.2604855971337018,Normal
2014-02-20 11:15:00,0.066,11,3,0.12,0.030232432915662,1,0.2825825903468547,Normal
2014-02-20 11:20:00,0.132,11,3,0.1196,0.0300133303716865,1,0.3400574206897869,Normal
2014-02-20 11:25:00,0.132,11,3,0.1196,0.0300133303716865,1,0.3400574206897869,Normal
2014-02-20 11:30:00,0.134,11,3,0.1192,0.0297523108346226,1,0.3426433233320288,Normal
2014-02-20 11:35:00,0.134,11,3,0.1196,0.0299799933288852,1,0.3453300293642386,Normal
2014-02-20 11:40:00,0.066,11,3,0.1196,0.0299799933288852,1,0.2794153725397719,Normal
2014-02-20 11:45:00,0.134,11,3,0.12,0.030199337741083,1,0.3474033768774245,Normal
2014-02-20 11:50:00,0.134,11,3,0.1204,0.0304105244939972,1,0.3474033768774245,Normal
2014-02-20 11:55:00,0.132,11,3,0.12,0.030199337741083,1,0.3422221924013164,Normal
2014-02-20 12:00:00,0.134,12,3,0.12,0.030199337741083,1,0.3480156947664627,Normal
2014-02-20 12:05:00,0.068,12,3,0.1204,0.0293052896249125,1,0.2544717447640929,Normal
2014-02-20 12:10:00,0.134,12,3,0.1204,0.0293052896249125,1,0.3476486755492413,Normal
2014-02-20 12:15:00,0.134,12,3,0.1204,0.0293052896249125,1,0.3476486755492413,Normal
2014-02-20 12:20:00,0.134,12,3,0.1208,0.0295160973029972,1,0.3457230991539594,Normal
2014-02-20 12:25:00,0.066,12,3,0.1072,0.0367042231902543,1,0.272757936899324,Normal
2014-02-20 12:30:00,0.134,12,3,0.1204,0.0304105244939972,1,0.3480156947664627,Normal
2014-02-20 12:35:00,0.132,12,3,0.12,0.030199337741083,1,0.3440277869938818,Normal
2014-02-20 12:40:00,0.134,12,3,0.12,0.030199337741083,1,0.3480156947664627,Normal
2014-02-20 12:45:00,0.066,12,3,0.1064,0.0368890227574546,1,0.2781139144193588,Normal
2014-02-20 12:50:00,0.134,12,3,0.12,0.030199337741083,1,0.3480156947664627,Normal
2014-02-20 12:55:00,0.134,12,3,0.12,0.030199337741083,1,0.3480156947664627,Normal
2014-02-20 13:00:00,0.134,13,3,0.1204,0.0304105244939972,1,0.3477577496611661,Normal
2014-02-20 13:05:00,0.132,13,3,0.12,0.030199337741083,1,0.3427528525182363,Normal
2014-02-20 13:10:00,0.132,13,3,0.1331999999999999,0.001095445115011,1,0.2800296998711294,Normal
2014-02-20 13:15:00,0.134,13,3,0.1332,0.001095445115011,1,0.2879093387946023,Normal
2014-02-20 13:20:00,0.132,13,3,0.1327999999999999,0.0010954451150111,1,0.2773619089114247,Normal
2014-02-20 13:25:00,0.134,13,3,0.1328,0.0010954451150111,1,0.2844683147241001,Normal
2014-02-20 13:30:00,0.134,13,3,0.1331999999999999,0.001095445115011,1,0.2879093387946023,Normal
2014-02-20 13:35:00,0.066,13,3,0.12,0.030199337741083,1,0.2787201342194918,Normal
2014-02-20 13:40:00,0.132,13,3,0.1196,0.0299799933288852,1,0.340816776565167,Normal
2014-02-20 13:45:00,0.134,13,3,0.12,0.030199337741083,1,0.3477577496611661,Normal
2014-02-20 13:50:00,0.068,13,3,0.1068,0.0363483149540664,1,0.2395958027275738,Normal
2014-02-20 13:55:00,0.132,13,3,0.1064,0.0359833294735215,1,0.2783099133057019,Normal
2014-02-20 14:00:00,0.136,14,3,0.1204,0.0293393933134276,1,0.3199958339959668,Normal
2014-02-20 14:05:00,0.134,14,3,0.1208,0.0295499576987853,1,0.3404897474849426,Normal
2014-02-20 14:10:00,0.134,14,3,0.1208,0.0295499576987853,1,0.3404897474849426,Normal
2014-02-20 14:15:00,0.066,14,3,0.1204,0.0304433900871766,1,0.277323381593589,Normal
2014-02-20 14:20:00,0.136,14,3,0.1212,0.0308739372286724,1,0.3155731551599128,Normal
2014-02-20 14:25:00,0.134,14,3,0.1208,0.0306463700950048,1,0.3394987714638126,Normal
2014-02-20 14:30:00,0.134,14,3,0.1208,0.0306463700950048,1,0.3394987714638126,Normal
2014-02-20 14:35:00,0.132,14,3,0.1204,0.0304433900871766,1,0.3388676398411629,Normal
2014-02-20 14:40:00,0.134,14,3,0.1339999999999999,0.0014142135623736,1,0.2827645280591438,Normal
2014-02-20 14:45:00,0.134,14,3,0.1336,0.0008944271910008,1,0.2895207750618429,Normal
2014-02-20 14:50:00,0.132,14,3,0.1331999999999999,0.0010954451150111,1,0.2800545298160256,Normal
2014-02-20 14:55:00,0.134,14,3,0.1332,0.0010954451150111,1,0.2889207448874106,Normal
2014-02-20 15:00:00,0.132,15,3,0.1331999999999999,0.0010954451150111,1,0.28051559336363,Normal
2014-02-20 15:05:00,0.132,15,3,0.1328,0.0010954451150112,1,0.2748732157214971,Normal
2014-02-20 15:10:00,0.134,15,3,0.1327999999999999,0.0010954451150112,1,0.2826873743787668,Normal
2014-02-20 15:15:00,0.132,15,3,0.1328,0.0010954451150112,1,0.2748732157214971,Normal
2014-02-20 15:20:00,0.066,15,3,0.1192,0.0297523108346226,1,0.2651265844702336,Normal
2014-02-20 15:25:00,0.136,15,3,0.12,0.030232432915662,1,0.3210448439016017,Normal
2014-02-20 15:30:00,0.134,15,3,0.1204,0.0304433900871766,1,0.3444828920003183,Normal
2014-02-20 15:35:00,0.134,15,3,0.1204,0.0304433900871766,1,0.3444828920003183,Normal
2014-02-20 15:40:00,0.134,15,3,0.1208,0.0306463700950048,1,0.3414511242977394,Normal
2014-02-20 15:45:00,0.066,15,3,0.1207999999999999,0.0306463700950048,1,0.2691782353005806,Normal
2014-02-20 15:50:00,0.2019999999999999,15,3,0.1339999999999999,0.0480832611206852,1,0.1928297138031446,Normal
2014-02-20 15:55:00,0.134,15,3,0.1339999999999999,0.0480832611206852,1,0.2783052883743685,Normal
2014-02-20 16:00:00,0.066,16,3,0.1203999999999999,0.0568928818043171,1,0.2107185208978431,Normal
2014-02-20 16:05:00,0.132,16,3,0.1199999999999999,0.0567802782663135,1,0.2589689343835526,Normal
2014-02-20 16:10:00,0.066,16,3,0.1199999999999999,0.0567802782663135,1,0.2110714222813121,Normal
2014-02-20 16:15:00,0.134,16,3,0.1064,0.0368890227574546,1,0.2791121399246507,Normal
2014-02-20 16:20:00,0.132,16,3,0.106,0.0365239647354994,1,0.271977524983591,Normal
2014-02-20 16:25:00,0.068,16,3,0.1064,0.0359833294735216,1,0.2221720431970831,Normal
2014-02-20 16:30:00,0.132,16,3,0.1064,0.0359833294735216,1,0.2691875113950074,Normal
2014-02-20 16:35:00,0.132,16,3,0.1196,0.0288582743766845,1,0.3298686736608516,Normal
2014-02-20 16:40:00,0.134,16,3,0.1196,0.0288582743766845,1,0.3362685612005815,Normal
2014-02-20 16:45:00,0.134,16,3,0.12,0.029086079144498,1,0.3389251941376946,Normal
2014-02-20 16:50:00,0.132,16,3,0.1327999999999999,0.0010954451150114,1,0.2753182822647398,Normal
2014-02-20 16:55:00,0.134,16,3,0.1332,0.0010954451150114,1,0.2916947083059003,Normal
2014-02-20 17:00:00,0.134,17,3,0.1336,0.0008944271910011,1,0.2964234453427161,Normal
2014-02-20 17:05:00,0.066,17,3,0.12,0.030199337741083,1,0.2669164404626952,Normal
2014-02-20 17:10:00,0.134,17,3,0.12,0.030199337741083,1,0.3417659230053377,Normal
2014-02-20 17:15:00,0.134,17,3,0.1204,0.0304105244939972,1,0.3405721876579805,Normal
2014-02-20 17:20:00,0.136,17,3,0.1208,0.0306463700950048,1,0.3136427111261009,Normal
2014-02-20 17:25:00,0.132,17,3,0.1204,0.0304433900871766,1,0.3344476660682151,Normal
2014-02-20 17:30:00,0.134,17,3,0.1339999999999999,0.0014142135623738,1,0.2903713720318127,Normal
2014-02-20 17:35:00,0.134,17,3,0.134,0.0014142135623738,1,0.2903713720318127,Normal
2014-02-20 17:40:00,0.066,17,3,0.1204,0.0304433900871766,1,0.2679972542237564,Normal
2014-02-20 17:45:00,0.132,17,3,0.1196,0.0299799933288852,1,0.3336877447787689,Normal
2014-02-20 17:50:00,0.134,17,3,0.12,0.030199337741083,1,0.3417659230053377,Normal
2014-02-20 17:55:00,0.132,17,3,0.1196,0.0299799933288852,1,0.3336877447787689,Normal
2014-02-20 18:00:00,0.134,18,3,0.1196,0.0299799933288852,1,0.3359956191461397,Normal
2014-02-20 18:05:00,0.134,18,3,0.1331999999999999,0.0010954451150116,1,0.2924543478604512,Normal
2014-02-20 18:10:00,0.2,18,3,0.1468,0.0297523108346225,1,0.1670092278711503,Normal
2014-02-20 18:15:00,0.134,18,3,0.1468,0.0297523108346225,1,0.2770666967939124,Normal
2014-02-20 18:20:00,0.134,18,3,0.1472,0.0295160973029972,1,0.2757314563115496,Normal
2014-02-20 18:25:00,0.134,18,3,0.1472,0.0295160973029972,1,0.2757314563115496,Normal
2014-02-20 18:30:00,0.066,18,3,0.1336,0.0473793203834753,1,0.2125425392380526,Normal
2014-02-20 18:35:00,0.134,18,3,0.1204,0.0304105244939972,1,0.3370111236668686,Normal
2014-02-20 18:40:00,0.134,18,3,0.1204,0.0304105244939972,1,0.3370111236668686,Normal
2014-02-20 18:45:00,0.134,18,3,0.1204,0.0304105244939972,1,0.3370111236668686,Normal
2014-02-20 18:50:00,0.066,18,3,0.1068,0.0372451339103513,1,0.2526012842827118,Normal
2014-02-20 18:55:00,0.2,18,3,0.1336,0.0473793203834753,1,0.1869883513364233,Normal
2014-02-20 19:00:00,0.066,19,3,0.12,0.0561782876207525,1,0.2073043424400955,Normal
2014-02-20 19:05:00,0.134,19,3,0.12,0.0561782876207525,1,0.2699304078722657,Normal
2014-02-20 19:10:00,0.134,19,3,0.12,0.0561782876207525,1,0.2699304078722657,Normal
2014-02-20 19:15:00,0.134,19,3,0.1336,0.0473793203834753,1,0.2836331499684514,Normal
2014-02-20 19:20:00,0.134,19,3,0.1204,0.0304105244939972,1,0.3376718723581386,Normal
2014-02-20 19:25:00,0.134,19,3,0.134,0.0,1,0.2761163474001316,Normal
2014-02-20 19:30:00,0.134,19,3,0.134,0.0,1,0.2761163474001316,Normal
2014-02-20 19:35:00,0.132,19,3,0.1336,0.0008944271909999,1,0.2748576308050689,Normal
2014-02-20 19:40:00,0.132,19,3,0.1332,0.0010954451150103,1,0.2788480464160184,Normal
2014-02-20 19:45:00,0.134,19,3,0.1331999999999999,0.0010954451150103,1,0.2900483904632384,Normal
2014-02-20 19:50:00,0.134,19,3,0.1332,0.0010954451150103,1,0.2900483904632384,Normal
2014-02-20 19:55:00,0.136,19,3,0.1336,0.0016733200530681,1,0.2532868932719427,Normal
2014-02-20 20:00:00,0.134,20,3,0.134,0.0014142135623731,1,0.2712594935871066,Normal
2014-02-20 20:05:00,0.134,20,3,0.1344,0.0008944271909999,1,0.257033524129978,Normal
2014-02-20 20:10:00,0.134,20,3,0.1344,0.0008944271909999,1,0.257033524129978,Normal
2014-02-20 20:15:00,0.134,20,3,0.1344,0.0008944271909999,1,0.257033524129978,Normal
2014-02-20 20:20:00,0.132,20,3,0.1336,0.0008944271909999,1,0.2673684785075911,Normal
2014-02-20 20:25:00,0.134,20,3,0.1336,0.0008944271909999,1,0.2782032595147428,Normal
2014-02-20 20:30:00,0.132,20,3,0.1332,0.0010954451150103,1,0.2722031748575855,Normal
2014-02-20 20:35:00,0.134,20,3,0.1331999999999999,0.0010954451150103,1,0.2809822146169863,Normal
2014-02-20 20:40:00,0.066,20,3,0.1196,0.0299799933288851,1,0.248224013481614,Normal
2014-02-20 20:45:00,0.134,20,3,0.12,0.030199337741083,1,0.330937246751147,Normal
2014-02-20 20:50:00,0.134,20,3,0.12,0.030199337741083,1,0.330937246751147,Normal
2014-02-20 20:55:00,0.134,20,3,0.1204,0.0304105244939971,1,0.3284685032404603,Normal
2014-02-20 21:00:00,0.132,21,3,0.12,0.030199337741083,1,0.3219423249538792,Normal
2014-02-20 21:05:00,0.132,21,3,0.1331999999999999,0.00109544511501,1,0.2646687523425624,Normal
2014-02-20 21:10:00,0.066,21,3,0.1196,0.0299799933288852,1,0.2426350656194184,Normal
2014-02-20 21:15:00,0.132,21,3,0.1192,0.0297523108346225,1,0.3158095054296844,Normal
2014-02-20 21:20:00,0.132,21,3,0.1188,0.0295160973029972,1,0.3136358239111524,Normal
2014-02-20 21:25:00,0.134,21,3,0.1192,0.0297523108346225,1,0.3198938983262365,Normal
2014-02-20 21:30:00,0.134,21,3,0.1196,0.0299799933288852,1,0.3226321713579005,Normal
2014-02-20 21:35:00,0.134,21,3,0.1331999999999999,0.0010954451150098,1,0.273901873968453,Normal
2014-02-20 21:40:00,0.2,21,3,0.1468,0.0297523108346225,1,0.1522316484124686,Normal
2014-02-20 21:45:00,0.066,21,3,0.1336,0.0473793203834753,1,0.2023052133385187,Normal
2014-02-20 21:50:00,0.132,21,3,0.1331999999999999,0.0473835414463714,1,0.2603502556792068,Normal
2014-02-20 21:55:00,0.132,21,3,0.1328,0.0473835414463714,1,0.2591793923814807,Normal
2014-02-20 22:00:00,0.132,22,3,0.1324,0.0473793203834753,1,0.2508727896027126,Normal
2014-02-20 22:05:00,0.132,22,3,0.1188,0.0295160973029972,1,0.3048181657845927,Normal
2014-02-20 22:10:00,0.132,22,3,0.132,0.0,1,0.2369421199835711,Normal
2014-02-20 22:15:00,0.068,22,3,0.1192,0.0286216701119973,1,0.2128339772668226,Normal
2014-02-20 22:20:00,0.134,22,3,0.1196,0.0288582743766844,1,0.3119581783002795,Normal
2014-02-20 22:25:00,0.134,22,3,0.12,0.0290860791444979,1,0.3153644314947245,Normal
2014-02-20 22:30:00,0.132,22,3,0.12,0.0290860791444979,1,0.3101074930457979,Normal
2014-02-20 22:35:00,0.066,22,3,0.1068,0.0363483149540663,1,0.2307855177400122,Normal
2014-02-20 22:40:00,0.134,22,3,0.12,0.030199337741083,1,0.3193561516618881,Normal
2014-02-20 22:45:00,0.134,22,3,0.12,0.030199337741083,1,0.3193561516618881,Normal
2014-02-20 22:50:00,0.132,22,3,0.1196,0.0299799933288851,1,0.3097724626848141,Normal
2014-02-20 22:55:00,0.134,22,3,0.12,0.030199337741083,1,0.3193561516618881,Normal
2014-02-20 23:00:00,0.132,23,3,0.1331999999999999,0.0010954451150103,1,0.2380879001193969,Normal
2014-02-20 23:05:00,0.066,23,3,0.1196,0.0299799933288851,1,0.2304700158421432,Normal
2014-02-20 23:10:00,0.134,23,3,0.1196,0.0299799933288851,1,0.2968151139940637,Normal
2014-02-20 23:15:00,0.132,23,3,0.1196,0.0299799933288851,1,0.2936116302828128,Normal
2014-02-20 23:20:00,0.068,23,3,0.1064,0.0359833294735214,1,0.1905486306134288,Normal
2014-02-20 23:25:00,0.132,23,3,0.1064,0.0359833294735214,1,0.2347021341973481,Normal
2014-02-20 23:30:00,0.066,23,3,0.1064,0.0359833294735214,1,0.215141160124572,Normal
2014-02-20 23:35:00,0.132,23,3,0.106,0.0356089876295297,1,0.2343159990937194,Normal
2014-02-20 23:40:00,0.136,23,3,0.1068,0.0363758161420469,1,0.2276589692206622,Normal
2014-02-20 23:45:00,0.134,23,3,0.12,0.0302324329156619,1,0.3012565316400286,Normal
2014-02-20 23:50:00,0.134,23,3,0.1204,0.0304433900871765,1,0.3012565316400286,Normal
2014-02-20 23:55:00,0.13,23,3,0.1331999999999999,0.002280350850198,1,0.2316041547674391,Normal
2014-02-21 00:00:00,0.066,0,4,0.12,0.0302654919008431,1,0.23103282186221,Normal
2014-02-21 00:05:00,0.134,0,4,0.1196,0.0300133303716865,1,0.3021277443969234,Normal
2014-02-21 00:10:00,0.136,0,4,0.12,0.0302654919008431,1,0.2834906394930965,Normal
2014-02-21 00:15:00,0.066,0,4,0.1064,0.0369431996448602,1,0.2307034747012681,Normal
2014-02-21 00:20:00,0.134,0,4,0.1072,0.0376191440625647,1,0.2569613597617273,Normal
2014-02-21 00:25:00,0.132,0,4,0.1204,0.0304433900871765,1,0.2898740565719376,Normal
2014-02-21 00:30:00,0.132,0,4,0.12,0.0302324329156619,1,0.2907715411117366,Normal
2014-02-21 00:35:00,0.134,0,4,0.1196,0.0299799933288851,1,0.3018364713209824,Normal
2014-02-21 00:40:00,0.068,0,4,0.12,0.0290860791444979,1,0.2053938938706523,Normal
2014-02-21 00:45:00,0.198,0,4,0.1328,0.045969555142507,1,0.1426895633944492,Normal
2014-02-21 00:50:00,0.132,0,4,0.1328,0.045969555142507,1,0.2345294250813271,Normal
2014-02-21 00:55:00,0.134,0,4,0.1332,0.045969555142507,1,0.2451424233897828,Normal
2014-02-21 01:00:00,0.2,1,4,0.1464,0.0548707572391706,1,0.1269616871528746,Normal
2014-02-21 01:05:00,0.134,1,4,0.1596,0.0359833294735214,1,0.2062321266834755,Normal
2014-02-21 01:10:00,0.066,1,4,0.1332,0.0473835414463714,1,0.1990014753853892,Normal
2014-02-21 01:15:00,0.132,1,4,0.1332,0.0473835414463714,1,0.254381967867565,Normal
2014-02-21 01:20:00,0.132,1,4,0.1328,0.0473835414463714,1,0.25234292837634,Normal
2014-02-21 01:25:00,0.068,1,4,0.1064,0.0359833294735215,1,0.2169544689226684,Normal
2014-02-21 01:30:00,0.134,1,4,0.1064,0.0359833294735215,1,0.2742290304134291,Normal
2014-02-21 01:35:00,0.134,1,4,0.12,0.0290860791444979,1,0.3198320709999781,Normal
2014-02-21 01:40:00,0.068,1,4,0.1072,0.035793854221081,1,0.2138844515979446,Normal
2014-02-21 01:45:00,0.134,1,4,0.1076,0.0361496887953409,1,0.2739170411937396,Normal
2014-02-21 01:50:00,0.134,1,4,0.1208,0.0295160973029972,1,0.3156780584238603,Normal
2014-02-21 01:55:00,0.132,1,4,0.1204,0.0293052896249124,1,0.3058306316106355,Normal
2014-02-21 02:00:00,0.134,2,4,0.1204,0.0293052896249124,1,0.3259476002942829,Normal
2014-02-21 02:05:00,0.134,2,4,0.1336,0.0008944271909988,1,0.2452801246024697,Normal
2014-02-21 02:10:00,0.066,2,4,0.12,0.0301993377410829,1,0.2545745824135622,Normal
2014-02-21 02:15:00,0.132,2,4,0.1196,0.0299799933288851,1,0.3147338970294572,Normal
2014-02-21 02:20:00,0.134,2,4,0.12,0.0301993377410829,1,0.3269414132043082,Normal
2014-02-21 02:25:00,0.066,2,4,0.1064,0.0368890227574545,1,0.2556468920380855,Normal
2014-02-21 02:30:00,0.134,2,4,0.1064,0.0368890227574545,1,0.2857180081790171,Normal
2014-02-21 02:35:00,0.134,2,4,0.12,0.0301993377410829,1,0.3269414132043082,Normal
2014-02-21 02:40:00,0.134,2,4,0.1204,0.0304105244939971,1,0.3269983147637124,Normal
2014-02-21 02:45:00,0.136,2,4,0.1208,0.0306463700950047,1,0.3055767643229346,Normal
2014-02-21 02:50:00,0.066,2,4,0.1207999999999999,0.0306463700950047,1,0.2473997228436327,Normal
2014-02-21 02:55:00,0.134,2,4,0.1208,0.0306463700950047,1,0.3241367405069922,Normal
2014-02-21 03:00:00,0.134,3,4,0.1208,0.0306463700950047,1,0.3311425907171649,Normal
2014-02-21 03:05:00,0.134,3,4,0.1208,0.0306463700950047,1,0.3311425907171649,Normal
2014-02-21 03:10:00,0.066,3,4,0.1068,0.0372451339103513,1,0.2599043763616402,Normal
2014-02-21 03:15:00,0.132,3,4,0.12,0.0301993377410829,1,0.3245717131472072,Normal
2014-02-21 03:20:00,0.068,3,4,0.1068,0.0363483149540663,1,0.2330879247650796,Normal
2014-02-21 03:25:00,1.6,3,4,0.4,0.6716323399003357,-1,-0.0465892642541501,Critical
2014-02-21 03:30:00,0.134,3,4,0.4,0.6716323399003357,1,0.0037834611005682,Normal
2014-02-21 03:35:00,0.066,3,4,0.4,0.6716323399003357,-1,-0.008473669342079,Medium
2014-02-21 03:40:00,0.132,3,4,0.4,0.6716323399003357,1,0.0004954224317084,Normal
2014-02-21 03:45:00,0.132,3,4,0.4128,0.6642930076404538,1,0.0,Normal
2014-02-21 03:50:00,0.134,3,4,0.1195999999999999,0.0299799933288861,1,0.334023970954511,Normal
2014-02-21 03:55:00,0.134,3,4,0.1195999999999999,0.0299799933288861,1,0.334023970954511,Normal
2014-02-21 04:00:00,0.134,4,4,0.1331999999999999,0.0010954451150355,1,0.2570100334642727,Normal
2014-02-21 04:05:00,0.066,4,4,0.1199999999999999,0.0301993377410839,1,0.2673673610623658,Normal
2014-02-21 04:10:00,0.2019999999999999,4,4,0.1339999999999999,0.0480832611206857,1,0.1799653197204981,Normal
2014-02-21 04:15:00,0.066,4,4,0.1203999999999999,0.0568928818043176,1,0.2174216387274382,Normal
2014-02-21 04:20:00,0.134,4,4,0.1203999999999999,0.0568928818043176,1,0.2689153365635192,Normal
2014-02-21 04:25:00,0.066,4,4,0.1067999999999999,0.0608210489879947,1,0.2043491784640407,Normal
2014-02-21 04:30:00,0.136,4,4,0.1207999999999999,0.0570192949798579,1,0.2529771891038503,Normal
2014-02-21 04:35:00,0.132,4,4,0.1067999999999999,0.0372719733848378,1,0.2851352658413073,Normal
2014-02-21 04:40:00,0.134,4,4,0.1203999999999999,0.0304433900871774,1,0.3340133695612743,Normal
2014-02-21 04:45:00,0.066,4,4,0.1067999999999999,0.0372719733848378,1,0.2661680020289301,Normal
2014-02-21 04:50:00,0.132,4,4,0.1199999999999999,0.0302324329156628,1,0.3264583205274929,Normal
2014-02-21 04:55:00,0.134,4,4,0.1195999999999999,0.0299799933288861,1,0.33381261432414,Normal
2014-02-21 05:00:00,0.132,5,4,0.1195999999999999,0.0299799933288861,1,0.3334132299298894,Normal
2014-02-21 05:05:00,0.068,5,4,0.1063999999999999,0.0359833294735223,1,0.2399216167833759,Normal
2014-02-21 05:10:00,0.134,5,4,0.1199999999999999,0.0290860791444989,1,0.3394860289308804,Normal
2014-02-21 05:15:00,0.134,5,4,0.1203999999999999,0.0293052896249133,1,0.3395411703679625,Normal
2014-02-21 05:20:00,0.132,5,4,0.1199999999999999,0.0290860791444989,1,0.3318574200204462,Normal
2014-02-21 05:25:00,0.132,5,4,0.1199999999999999,0.0290860791444989,1,0.3318574200204462,Normal
2014-02-21 05:30:00,0.132,5,4,0.1327999999999999,0.0010954451150349,1,0.2533590519331823,Normal
2014-02-21 05:35:00,0.066,5,4,0.1191999999999999,0.0297523108346235,1,0.2631001429537454,Normal
2014-02-21 05:40:00,0.132,5,4,0.1187999999999999,0.0295160973029981,1,0.3242002161243279,Normal
2014-02-21 05:45:00,0.066,5,4,0.1055999999999999,0.0361496887953418,1,0.2633701762332885,Normal
2014-02-21 05:50:00,0.134,5,4,0.1059999999999999,0.0365239647355001,1,0.2998629628273593,Normal
2014-02-21 05:55:00,0.132,5,4,0.1059999999999999,0.0365239647355001,1,0.2911363381017997,Normal
2014-02-21 06:00:00,0.134,6,4,0.1195999999999999,0.0299799933288861,1,0.3425369633236895,Normal
2014-02-21 06:05:00,0.132,6,4,0.1195999999999999,0.0299799933288861,1,0.3342914170902348,Normal
2014-02-21 06:10:00,0.132,6,4,0.1327999999999999,0.0010954451150342,1,0.256306201703862,Normal
2014-02-21 06:15:00,0.068,6,4,0.1195999999999999,0.0288582743766853,1,0.237866331121316,Normal
2014-02-21 06:20:00,0.132,6,4,0.1195999999999999,0.0288582743766853,1,0.3332596007702739,Normal
2014-02-21 06:25:00,0.134,6,4,0.1195999999999999,0.0288582743766853,1,0.341526513160159,Normal
2014-02-21 06:30:00,0.066,6,4,0.1063999999999999,0.0359833294735223,1,0.2683568664704366,Normal
2014-02-21 06:35:00,0.134,6,4,0.1067999999999999,0.0363483149540671,1,0.3042278631672485,Normal
2014-02-21 06:40:00,0.134,6,4,0.1199999999999999,0.0301993377410839,1,0.3430772442945947,Normal
2014-02-21 06:45:00,0.2,6,4,0.1335999999999999,0.0473793203834758,1,0.1980989878627019,Normal
2014-02-21 06:50:00,0.066,6,4,0.1199999999999999,0.056178287620753,1,0.2254985088253102,Normal
2014-02-21 06:55:00,0.198,6,4,0.1463999999999999,0.0554689102110366,1,0.1546763805987886,Normal
2014-02-21 07:00:00,0.068,7,4,0.1331999999999999,0.0660090902830818,1,0.1729304319855997,Normal
2014-02-21 07:05:00,0.134,7,4,0.1331999999999999,0.0660090902830818,1,0.2496645598917626,Normal
2014-02-21 07:10:00,0.132,7,4,0.1195999999999999,0.0548707572391711,1,0.2695550789658251,Normal
2014-02-21 07:15:00,0.066,7,4,0.1195999999999999,0.0548707572391711,1,0.2173406371897681,Normal
2014-02-21 07:20:00,0.134,7,4,0.1067999999999999,0.0363483149540671,1,0.3036676159290842,Normal
2014-02-21 07:25:00,0.134,7,4,0.1199999999999999,0.0301993377410839,1,0.3439267094256371,Normal
2014-02-21 07:30:00,0.066,7,4,0.1063999999999999,0.0368890227574553,1,0.2723114097343055,Normal
2014-02-21 07:35:00,0.132,7,4,0.1063999999999999,0.0368890227574553,1,0.2949558421944488,Normal
2014-02-21 07:40:00,0.132,7,4,0.1195999999999999,0.0299799933288861,1,0.3346271751113966,Normal
2014-02-21 07:45:00,0.134,7,4,0.1195999999999999,0.0299799933288861,1,0.3423511038802354,Normal
2014-02-21 07:50:00,0.134,7,4,0.1195999999999999,0.0299799933288861,1,0.3423511038802354,Normal
2014-02-21 07:55:00,0.134,7,4,0.1331999999999999,0.0010954451150328,1,0.2639606141129122,Normal
2014-02-21 08:00:00,0.134,8,4,0.1336,0.0008944271910273,1,0.2569619022186832,Normal
2014-02-21 08:05:00,0.068,8,4,0.1207999999999999,0.0295160973029981,1,0.2320421908755698,Normal
2014-02-21 08:10:00,0.132,8,4,0.1203999999999999,0.0293052896249133,1,0.3345004220536016,Normal
2014-02-21 08:15:00,0.066,8,4,0.1067999999999999,0.0363483149540671,1,0.2727056735498414,Normal
2014-02-21 08:20:00,0.134,8,4,0.1067999999999999,0.0363483149540671,1,0.3044192449713828,Normal
2014-02-21 08:25:00,0.132,8,4,0.1063999999999999,0.0359833294735223,1,0.2928357754448181,Normal
2014-02-21 08:30:00,0.068,8,4,0.1063999999999999,0.0359833294735223,1,0.2338887867986985,Normal
2014-02-21 08:35:00,0.134,8,4,0.1067999999999999,0.0363483149540671,1,0.3044192449713828,Normal
2014-02-21 08:40:00,0.134,8,4,0.1203999999999999,0.0293052896249133,1,0.3417911283849024,Normal
2014-02-21 08:45:00,0.066,8,4,0.1067999999999999,0.0363483149540671,1,0.2727056735498414,Normal
2014-02-21 08:50:00,0.136,8,4,0.1075999999999999,0.0370782955379567,1,0.2836309739935534,Normal
2014-02-21 08:55:00,0.132,8,4,0.1203999999999999,0.0304433900871774,1,0.3361535207203405,Normal
2014-02-21 09:00:00,0.136,9,4,0.1207999999999999,0.0306789830339934,1,0.3246944722497152,Normal
2014-02-21 09:05:00,0.132,9,4,0.1203999999999999,0.0304762202380816,1,0.3382992942721046,Normal
2014-02-21 09:10:00,0.066,9,4,0.1203999999999999,0.0304762202380816,1,0.2725799247496858,Normal
2014-02-21 09:15:00,0.134,9,4,0.1199999999999999,0.0302324329156628,1,0.345869672804465,Normal
2014-02-21 09:20:00,0.134,9,4,0.1203999999999999,0.0304433900871774,1,0.345869672804465,Normal
2014-02-21 09:25:00,0.134,9,4,0.1199999999999999,0.0301993377410839,1,0.345869672804465,Normal
2014-02-21 09:30:00,0.066,9,4,0.1067999999999999,0.0372451339103521,1,0.2714568494306376,Normal
2014-02-21 09:35:00,0.134,9,4,0.1203999999999999,0.030410524493998,1,0.345869672804465,Normal
2014-02-21 09:40:00,0.134,9,4,0.1203999999999999,0.030410524493998,1,0.345869672804465,Normal
2014-02-21 09:45:00,0.134,9,4,0.1203999999999999,0.030410524493998,1,0.345869672804465,Normal
2014-02-21 09:50:00,0.134,9,4,0.1203999999999999,0.030410524493998,1,0.345869672804465,Normal
2014-02-21 09:55:00,0.132,9,4,0.1335999999999999,0.0008944271909999,1,0.2557695620962327,Normal
2014-02-21 10:00:00,0.132,10,4,0.1331999999999999,0.0010954451150103,1,0.2551317537816824,Normal
2014-02-21 10:05:00,0.066,10,4,0.1195999999999999,0.0299799933288851,1,0.2704739096320932,Normal
2014-02-21 10:10:00,0.134,10,4,0.1195999999999999,0.0299799933288851,1,0.3429655306427344,Normal
2014-02-21 10:15:00,0.132,10,4,0.1191999999999999,0.0297523108346225,1,0.3304580056102595,Normal
2014-02-21 10:20:00,0.134,10,4,0.1195999999999999,0.0299799933288851,1,0.3429655306427344,Normal
2014-02-21 10:25:00,0.066,10,4,0.1063999999999999,0.0368890227574545,1,0.2717963546695866,Normal
2014-02-21 10:30:00,0.134,10,4,0.1199999999999999,0.030199337741083,1,0.3437504153271906,Normal
2014-02-21 10:35:00,0.132,10,4,0.1195999999999999,0.0299799933288851,1,0.3358113759964672,Normal
2014-02-21 10:40:00,0.066,10,4,0.1063999999999999,0.0368890227574545,1,0.2717963546695866,Normal
2014-02-21 10:45:00,0.134,10,4,0.1063999999999999,0.0368890227574545,1,0.3046017795673098,Normal
2014-02-21 10:50:00,0.134,10,4,0.1199999999999999,0.030199337741083,1,0.3437504153271906,Normal
2014-02-21 10:55:00,0.132,10,4,0.1195999999999999,0.0299799933288851,1,0.3358113759964672,Normal
2014-02-21 11:00:00,0.134,11,4,0.1199999999999999,0.030199337741083,1,0.3457109306825177,Normal
2014-02-21 11:05:00,0.136,11,4,0.1339999999999999,0.0014142135623728,1,0.233618682674645,Normal
2014-02-21 11:10:00,0.066,11,4,0.1203999999999999,0.0304433900871765,1,0.2728049759909578,Normal
2014-02-21 11:15:00,0.134,11,4,0.1203999999999999,0.0304433900871765,1,0.3463151432792754,Normal
2014-02-21 11:20:00,0.132,11,4,0.1203999999999999,0.0304433900871765,1,0.3378821191223288,Normal
2014-02-21 11:25:00,0.134,11,4,0.1203999999999999,0.0304433900871765,1,0.3463151432792754,Normal
2014-02-21 11:30:00,0.134,11,4,0.1199999999999999,0.030199337741083,1,0.3457109306825177,Normal
2014-02-21 11:35:00,0.132,11,4,0.1331999999999999,0.00109544511501,1,0.2553260973651569,Normal
2014-02-21 11:40:00,0.134,11,4,0.1331999999999999,0.00109544511501,1,0.2664228346250004,Normal
2014-02-21 11:45:00,0.066,11,4,0.1199999999999999,0.030199337741083,1,0.2723062820491763,Normal
2014-02-21 11:50:00,0.134,11,4,0.1199999999999999,0.030199337741083,1,0.3457109306825177,Normal
2014-02-21 11:55:00,0.134,11,4,0.1199999999999999,0.030199337741083,1,0.3457109306825177,Normal
2014-02-21 12:00:00,0.134,12,4,0.1203999999999999,0.0304105244939971,1,0.3436268378723599,Normal
2014-02-21 12:05:00,0.134,12,4,0.1203999999999999,0.0304105244939971,1,0.3436268378723599,Normal
2014-02-21 12:10:00,0.068,12,4,0.1207999999999999,0.0295160973029972,1,0.2354633166040731,Normal
2014-02-21 12:15:00,0.134,12,4,0.1207999999999999,0.0295160973029972,1,0.3392038312845143,Normal
2014-02-21 12:20:00,0.066,12,4,0.1071999999999999,0.0367042231902542,1,0.2664672642150039,Normal
2014-02-21 12:25:00,0.136,12,4,0.1075999999999999,0.0370782955379559,1,0.2746842673655474,Normal
2014-02-21 12:30:00,0.134,12,4,0.1075999999999999,0.0370782955379559,1,0.2918415128473622,Normal
2014-02-21 12:35:00,0.066,12,4,0.1071999999999999,0.0376191440625647,1,0.2603505419568813,Normal
2014-02-21 12:40:00,0.134,12,4,0.1071999999999999,0.0376191440625647,1,0.287523496786466,Normal
2014-02-21 12:45:00,0.134,12,4,0.1207999999999999,0.0306463700950047,1,0.342579438260259,Normal
2014-02-21 12:50:00,0.136,12,4,0.1207999999999999,0.0306463700950047,1,0.3185948544491105,Normal
2014-02-21 12:55:00,0.134,12,4,0.1207999999999999,0.0306463700950047,1,0.342579438260259,Normal
2014-02-21 13:00:00,0.134,13,4,0.1343999999999999,0.0008944271910005,1,0.2587217188763268,Normal
2014-02-21 13:05:00,0.134,13,4,0.1344,0.0008944271910005,1,0.2587217188763268,Normal
2014-02-21 13:10:00,0.066,13,4,0.1207999999999999,0.0306463700950047,1,0.2611124306072162,Normal
2014-02-21 13:15:00,0.134,13,4,0.1203999999999999,0.0304105244939971,1,0.3437465962067413,Normal
2014-02-21 13:20:00,0.066,13,4,0.1067999999999999,0.0372451339103513,1,0.2659119510869759,Normal
2014-02-21 13:25:00,0.134,13,4,0.1067999999999999,0.0372451339103513,1,0.2923412480406804,Normal
2014-02-21 13:30:00,0.134,13,4,0.1067999999999999,0.0372451339103513,1,0.2923412480406804,Normal
2014-02-21 13:35:00,0.134,13,4,0.1203999999999999,0.0304105244939971,1,0.3437465962067413,Normal
2014-02-21 13:40:00,0.068,13,4,0.1071999999999999,0.0367042231902542,1,0.2263545244101826,Normal
2014-02-21 13:45:00,0.136,13,4,0.1211999999999999,0.0297523108346225,1,0.3151150073461584,Normal
2014-02-21 13:50:00,0.132,13,4,0.1207999999999999,0.0295499576987853,1,0.3304602391766109,Normal
2014-02-21 13:55:00,0.134,13,4,0.1207999999999999,0.0295499576987853,1,0.3400206158429203,Normal
2014-02-21 14:00:00,0.134,14,4,0.1207999999999999,0.0295499576987853,1,0.3368119838884958,Normal
2014-02-21 14:05:00,0.134,14,4,0.1339999999999999,0.0014142135623734,1,0.2678379242320807,Normal
2014-02-21 14:10:00,0.198,14,4,0.1463999999999999,0.0288582743766844,1,0.1748747516991218,Normal
2014-02-21 14:15:00,0.066,14,4,0.1331999999999999,0.0466819022748645,1,0.2110016523961222,Normal
2014-02-21 14:20:00,0.132,14,4,0.1327999999999999,0.0466819022748645,1,0.269171824114522,Normal
2014-02-21 14:25:00,0.134,14,4,0.1327999999999999,0.0466819022748645,1,0.280389923095264,Normal
2014-02-21 14:30:00,0.066,14,4,0.1191999999999999,0.0553461832469051,1,0.2135928413328862,Normal
2014-02-21 14:35:00,0.132,14,4,0.1059999999999999,0.0365239647354993,1,0.2774863952216111,Normal
2014-02-21 14:40:00,0.134,14,4,0.1195999999999999,0.0299799933288851,1,0.3398466275428602,Normal
2014-02-21 14:45:00,0.132,14,4,0.1195999999999999,0.0299799933288851,1,0.3306662851328769,Normal
2014-02-21 14:50:00,0.066,14,4,0.1059999999999999,0.0365239647354993,1,0.2566728804218599,Normal
2014-02-21 14:55:00,0.134,14,4,0.1195999999999999,0.0299799933288851,1,0.3398466275428602,Normal
2014-02-21 15:00:00,0.134,15,4,0.1199999999999999,0.030199337741083,1,0.3392543558659094,Normal
2014-02-21 15:05:00,0.134,15,4,0.1199999999999999,0.030199337741083,1,0.3392543558659094,Normal
2014-02-21 15:10:00,0.066,15,4,0.1067999999999999,0.0372451339103512,1,0.2588791280878522,Normal
2014-02-21 15:15:00,0.134,15,4,0.1203999999999999,0.0304105244939971,1,0.3403784408211307,Normal
2014-02-21 15:20:00,0.066,15,4,0.1067999999999999,0.0372451339103512,1,0.2588791280878522,Normal
2014-02-21 15:25:00,0.132,15,4,0.1063999999999999,0.0368890227574545,1,0.2781668936573258,Normal
2014-02-21 15:30:00,0.134,15,4,0.1063999999999999,0.0368890227574545,1,0.2862332012491442,Normal
2014-02-21 15:35:00,0.066,15,4,0.1063999999999999,0.0368890227574545,1,0.2598895785164426,Normal
2014-02-21 15:40:00,0.134,15,4,0.1063999999999999,0.0368890227574545,1,0.2862332012491442,Normal
2014-02-21 15:45:00,0.134,15,4,0.1199999999999999,0.0301993377410829,1,0.3392543558659094,Normal
2014-02-21 15:50:00,0.066,15,4,0.1067999999999999,0.0372451339103512,1,0.2588791280878522,Normal
2014-02-21 15:55:00,0.2,15,4,0.1199999999999999,0.0561782876207525,1,0.1811465838268372,Normal
2014-02-21 16:00:00,0.066,16,4,0.1199999999999999,0.0561782876207525,1,0.212638966757373,Normal
2014-02-21 16:05:00,0.134,16,4,0.1199999999999999,0.0561782876207525,1,0.2702748693242628,Normal
2014-02-21 16:10:00,0.132,16,4,0.1195999999999999,0.0560606814086307,1,0.2571976193503191,Normal
2014-02-21 16:15:00,0.066,16,4,0.1195999999999999,0.0560606814086307,1,0.2091588146352901,Normal
2014-02-21 16:20:00,0.134,16,4,0.1063999999999999,0.0368890227574545,1,0.282143183525106,Normal
2014-02-21 16:25:00,0.134,16,4,0.1199999999999999,0.030199337741083,1,0.3369496968272967,Normal
2014-02-21 16:30:00,0.066,16,4,0.1063999999999999,0.0368890227574545,1,0.2584046567343327,Normal
2014-02-21 16:35:00,0.134,16,4,0.1067999999999999,0.0372451339103512,1,0.2820593893709778,Normal
2014-02-21 16:40:00,0.132,16,4,0.1199999999999999,0.030199337741083,1,0.3274456203923961,Normal
2014-02-21 16:45:00,0.134,16,4,0.1199999999999999,0.030199337741083,1,0.3369496968272967,Normal
2014-02-21 16:50:00,0.198,16,4,0.1327999999999999,0.0466819022748645,1,0.1761663844395942,Normal
2014-02-21 16:55:00,0.134,16,4,0.1463999999999999,0.0288582743766844,1,0.2691374816108681,Normal
2014-02-21 17:00:00,0.134,17,4,0.1463999999999999,0.0288582743766844,1,0.2733309691701884,Normal
2014-02-21 17:05:00,0.134,17,4,0.1467999999999999,0.0286216701119973,1,0.2677356385317182,Normal
2014-02-21 17:10:00,0.136,17,4,0.1471999999999999,0.0284112653713276,1,0.2462770451833733,Normal
2014-02-21 17:15:00,0.134,17,4,0.1343999999999999,0.0008944271910008,1,0.2647810030939364,Normal
2014-02-21 17:20:00,0.134,17,4,0.1343999999999999,0.0008944271910008,1,0.2647810030939364,Normal
2014-02-21 17:25:00,0.132,17,4,0.1339999999999999,0.0014142135623736,1,0.2621288019165313,Normal
2014-02-21 17:30:00,0.134,17,4,0.1339999999999999,0.0014142135623736,1,0.2760668540338891,Normal
2014-02-21 17:35:00,0.134,17,4,0.1335999999999999,0.0008944271910008,1,0.2814201296047287,Normal
2014-02-21 17:40:00,0.134,17,4,0.1335999999999999,0.0008944271910008,1,0.2814201296047287,Normal
2014-02-21 17:45:00,0.068,17,4,0.1203999999999999,0.0293052896249124,1,0.2323763319673415,Normal
2014-02-21 17:50:00,0.134,17,4,0.1207999999999999,0.0295160973029972,1,0.3396977700214081,Normal
2014-02-21 17:55:00,0.134,17,4,0.1207999999999999,0.0295160973029972,1,0.3396977700214081,Normal
2014-02-21 18:00:00,0.134,18,4,0.1207999999999999,0.0295160973029972,1,0.3346024763609564,Normal
2014-02-21 18:05:00,0.132,18,4,0.1203999999999999,0.0293052896249124,1,0.3259664746641475,Normal
2014-02-21 18:10:00,0.066,18,4,0.1199999999999999,0.030199337741083,1,0.2535220422775091,Normal
2014-02-21 18:15:00,0.134,18,4,0.1199999999999999,0.030199337741083,1,0.3362085386245774,Normal
2014-02-21 18:20:00,0.134,18,4,0.1199999999999999,0.030199337741083,1,0.3362085386245774,Normal
2014-02-21 18:25:00,0.068,18,4,0.1067999999999999,0.0363483149540662,1,0.2198828177067328,Normal
2014-02-21 18:30:00,0.134,18,4,0.1071999999999999,0.0367042231902542,1,0.2831178115608158,Normal
2014-02-21 18:35:00,0.134,18,4,0.1207999999999999,0.0295160973029972,1,0.3346024763609564,Normal
2014-02-21 18:40:00,0.066,18,4,0.1071999999999999,0.0367042231902542,1,0.2476831049150947,Normal
2014-02-21 18:45:00,0.136,18,4,0.1075999999999999,0.0370782955379558,1,0.2570779645643946,Normal
2014-02-21 18:50:00,0.132,18,4,0.1203999999999999,0.0304433900871765,1,0.3245048573391059,Normal
2014-02-21 18:55:00,0.134,18,4,0.1203999999999999,0.0304433900871765,1,0.334783746039171,Normal
2014-02-21 19:00:00,0.066,19,4,0.1067999999999999,0.037271973384837,1,0.244727151026917,Normal
2014-02-21 19:05:00,0.132,19,4,0.1199999999999999,0.0302324329156619,1,0.3276154168177467,Normal
2014-02-21 19:10:00,0.134,19,4,0.1195999999999999,0.0299799933288851,1,0.3361995416081876,Normal
2014-02-21 19:15:00,0.134,19,4,0.1199999999999999,0.030199337741083,1,0.3382714165915863,Normal
2014-02-21 19:20:00,0.134,19,4,0.1199999999999999,0.030199337741083,1,0.3382714165915863,Normal
2014-02-21 19:25:00,0.134,19,4,0.1335999999999999,0.0008944271910006,1,0.2737776922696053,Normal
2014-02-21 19:30:00,0.196,19,4,0.1463999999999999,0.0277272429209974,1,0.1510225022037216,Normal
2014-02-21 19:35:00,0.136,19,4,0.1467999999999999,0.0275172673061843,1,0.2316229792081727,Normal
2014-02-21 19:40:00,0.068,19,4,0.1336,0.0452857593510366,1,0.1799270057351888,Normal
2014-02-21 19:45:00,0.132,19,4,0.1331999999999999,0.0452901755350981,1,0.2663661149757368,Normal
2014-02-21 19:50:00,0.134,19,4,0.1331999999999999,0.0452901755350981,1,0.2805402898607611,Normal
2014-02-21 19:55:00,0.132,19,4,0.1203999999999999,0.0293393933134275,1,0.3257258524283604,Normal
2014-02-21 20:00:00,0.066,20,4,0.1063999999999999,0.0359833294735214,1,0.237999784909388,Normal
2014-02-21 20:05:00,0.134,20,4,0.1195999999999999,0.0299799933288851,1,0.328562172041426,Normal
2014-02-21 20:10:00,0.132,20,4,0.1195999999999999,0.0299799933288851,1,0.3183141058761208,Normal
2014-02-21 20:15:00,0.066,20,4,0.1059999999999999,0.0365239647354993,1,0.2316676682166472,Normal
2014-02-21 20:20:00,0.134,20,4,0.1063999999999999,0.0368890227574545,1,0.2733908573023591,Normal
2014-02-21 20:25:00,0.134,20,4,0.1199999999999999,0.0301993377410829,1,0.3312893326485334,Normal
2014-02-21 20:30:00,0.066,20,4,0.1063999999999999,0.0368890227574545,1,0.2411235993889743,Normal
2014-02-21 20:35:00,0.134,20,4,0.1067999999999999,0.0372451339103512,1,0.273461669457164,Normal
2014-02-21 20:40:00,0.134,20,4,0.1203999999999999,0.0304105244939971,1,0.3288227537806783,Normal
2014-02-21 20:45:00,0.136,20,4,0.1207999999999999,0.0306463700950047,1,0.3029189441701401,Normal
2014-02-21 20:50:00,0.134,20,4,0.1207999999999999,0.0306463700950047,1,0.3269115670464567,Normal
2014-02-21 20:55:00,0.132,20,4,0.1339999999999999,0.0014142135623732,1,0.2465725751264668,Normal
2014-02-21 21:00:00,0.134,21,4,0.1339999999999999,0.0014142135623732,1,0.2508386493568448,Normal
2014-02-21 21:05:00,0.066,21,4,0.1203999999999999,0.0304433900871765,1,0.243769017699821,Normal
2014-02-21 21:10:00,0.132,21,4,0.1195999999999999,0.0299799933288851,1,0.3155085966444798,Normal
2014-02-21 21:15:00,0.134,21,4,0.1195999999999999,0.0299799933288851,1,0.3245669155598555,Normal
2014-02-21 21:20:00,0.132,21,4,0.1195999999999999,0.0299799933288851,1,0.3155085966444798,Normal
2014-02-21 21:25:00,0.132,21,4,0.1191999999999999,0.0297523108346225,1,0.3129398579505586,Normal
2014-02-21 21:30:00,0.066,21,4,0.1191999999999999,0.0297523108346225,1,0.2343069765054523,Normal
2014-02-21 21:35:00,0.134,21,4,0.1195999999999999,0.0299799933288851,1,0.3245669155598555,Normal
2014-02-21 21:40:00,0.134,21,4,0.1195999999999999,0.0299799933288851,1,0.3245669155598555,Normal
2014-02-21 21:45:00,0.066,21,4,0.1063999999999999,0.0368890227574545,1,0.2349742710343167,Normal
2014-02-21 21:50:00,0.132,21,4,0.1063999999999999,0.0368890227574545,1,0.255083482501788,Normal
2014-02-21 21:55:00,0.134,21,4,0.1199999999999999,0.0301993377410829,1,0.3271907187124828,Normal
2014-02-21 22:00:00,0.134,22,4,0.1199999999999999,0.0301993377410829,1,0.319557160255145,Normal
2014-02-21 22:05:00,0.066,22,4,0.1063999999999999,0.0368890227574545,1,0.2304110373340978,Normal
2014-02-21 22:10:00,0.134,22,4,0.1199999999999999,0.0301993377410829,1,0.319557160255145,Normal
2014-02-21 22:15:00,0.134,22,4,0.1203999999999999,0.0304105244939971,1,0.3179520644355512,Normal
2014-02-21 22:20:00,0.132,22,4,0.1199999999999999,0.0301993377410829,1,0.3105492917454485,Normal
2014-02-21 22:25:00,0.066,22,4,0.1063999999999999,0.0368890227574545,1,0.2304110373340978,Normal
2014-02-21 22:30:00,0.132,22,4,0.1195999999999999,0.0299799933288851,1,0.3059614196802137,Normal
2014-02-21 22:35:00,0.134,22,4,0.1195999999999999,0.0299799933288851,1,0.3157576527111012,Normal
2014-02-21 22:40:00,0.066,22,4,0.1059999999999999,0.0365239647354993,1,0.2214409506629094,Normal
2014-02-21 22:45:00,0.132,22,4,0.1059999999999999,0.0365239647354993,1,0.2472636749960517,Normal
2014-02-21 22:50:00,0.134,22,4,0.1195999999999999,0.0299799933288851,1,0.3157576527111012,Normal
2014-02-21 22:55:00,0.134,22,4,0.1199999999999999,0.0301993377410829,1,0.319557160255145,Normal
2014-02-21 23:00:00,0.066,23,4,0.1063999999999999,0.0368890227574545,1,0.2212513688387994,Normal
2014-02-21 23:05:00,0.134,23,4,0.1199999999999999,0.0301993377410829,1,0.303528646477727,Normal
2014-02-21 23:10:00,0.134,23,4,0.1203999999999999,0.0304105244939971,1,0.3026570820835844,Normal
2014-02-21 23:15:00,0.134,23,4,0.1203999999999999,0.0304105244939971,1,0.3026570820835844,Normal
2014-02-21 23:20:00,0.066,23,4,0.1067999999999999,0.0372451339103512,1,0.2209946696699319,Normal
2014-02-21 23:25:00,0.132,23,4,0.1199999999999999,0.0301993377410829,1,0.2964435935111044,Normal
2014-02-21 23:30:00,0.134,23,4,0.1199999999999999,0.0301993377410829,1,0.303528646477727,Normal
2014-02-21 23:35:00,0.134,23,4,0.1199999999999999,0.0301993377410829,1,0.303528646477727,Normal
2014-02-21 23:40:00,0.134,23,4,0.1199999999999999,0.0301993377410829,1,0.303528646477727,Normal
2014-02-21 23:45:00,0.066,23,4,0.1199999999999999,0.0301993377410829,1,0.2304546832765908,Normal
2014-02-21 23:50:00,0.134,23,4,0.1203999999999999,0.0304105244939971,1,0.3026570820835844,Normal
2014-02-21 23:55:00,0.132,23,4,0.1199999999999999,0.0301993377410829,1,0.2964435935111044,Normal
2014-02-22 00:00:00,0.134,0,5,0.1199999999999999,0.0301993377410829,1,0.3020269218113476,Normal
2014-02-22 00:05:00,0.066,0,5,0.1063999999999999,0.0368890227574545,1,0.2302552086643516,Normal
2014-02-22 00:10:00,0.134,0,5,0.1199999999999999,0.0301993377410829,1,0.3020269218113476,Normal
2014-02-22 00:15:00,0.136,0,5,0.1203999999999999,0.0304433900871765,1,0.2825530412919703,Normal
2014-02-22 00:20:00,0.066,0,5,0.1071999999999999,0.0376191440625647,1,0.2253638516985316,Normal
2014-02-22 00:25:00,0.132,0,5,0.1067999999999999,0.037271973384837,1,0.2526348169776951,Normal
2014-02-22 00:30:00,0.136,0,5,0.1207999999999999,0.0306789830339925,1,0.2770349220318311,Normal
2014-02-22 00:35:00,0.066,0,5,0.1071999999999999,0.0376457168878479,1,0.2253638516985316,Normal
2014-02-22 00:40:00,0.132,0,5,0.1063999999999999,0.0369161211396863,1,0.2511737739851367,Normal
2014-02-22 00:45:00,0.132,0,5,0.1195999999999999,0.0300133303716865,1,0.286271872441116,Normal
2014-02-22 00:50:00,0.066,0,5,0.1063999999999999,0.0369161211396863,1,0.2302552086643516,Normal
2014-02-22 00:55:00,0.132,0,5,0.1055999999999999,0.0361496887953409,1,0.2426805903351563,Normal
2014-02-22 01:00:00,0.132,1,5,0.1187999999999999,0.0295160973029972,1,0.2905086929351474,Normal
2014-02-22 01:05:00,0.132,1,5,0.1187999999999999,0.0295160973029972,1,0.2905086929351474,Normal
2014-02-22 01:10:00,0.066,1,5,0.1055999999999999,0.0361496887953409,1,0.2307115248018031,Normal
2014-02-22 01:15:00,0.134,1,5,0.1191999999999999,0.0297523108346225,1,0.3078502488726122,Normal
2014-02-22 01:20:00,0.134,1,5,0.1195999999999999,0.0299799933288851,1,0.3136277693091396,Normal
2014-02-22 01:25:00,0.134,1,5,0.1199999999999999,0.030199337741083,1,0.3136613245895543,Normal
2014-02-22 01:30:00,0.132,1,5,0.1199999999999999,0.030199337741083,1,0.3004126621879866,Normal
2014-02-22 01:35:00,0.066,1,5,0.1199999999999999,0.030199337741083,1,0.2376093296393451,Normal
2014-02-22 01:40:00,0.134,1,5,0.1199999999999999,0.030199337741083,1,0.3136613245895543,Normal
2014-02-22 01:45:00,0.134,1,5,0.1199999999999999,0.030199337741083,1,0.3136613245895543,Normal
2014-02-22 01:50:00,0.134,1,5,0.1199999999999999,0.030199337741083,1,0.3136613245895543,Normal
2014-02-22 01:55:00,0.134,1,5,0.1203999999999999,0.0304105244939971,1,0.3128709219180858,Normal
2014-02-22 02:00:00,0.066,2,5,0.1203999999999999,0.0304105244939971,1,0.2444379458519764,Normal
2014-02-22 02:05:00,0.132,2,5,0.1199999999999999,0.030199337741083,1,0.3099171156950385,Normal
2014-02-22 02:10:00,0.134,2,5,0.1199999999999999,0.030199337741083,1,0.3201118816851928,Normal
2014-02-22 02:15:00,0.066,2,5,0.1063999999999999,0.0368890227574545,1,0.2531396615506186,Normal
2014-02-22 02:20:00,0.134,2,5,0.1063999999999999,0.0368890227574545,1,0.2843352475468834,Normal
2014-02-22 02:25:00,0.134,2,5,0.1199999999999999,0.030199337741083,1,0.3201118816851928,Normal
2014-02-22 02:30:00,0.066,2,5,0.1067999999999999,0.0372451339103512,1,0.2522536260852552,Normal
2014-02-22 02:35:00,0.132,2,5,0.1063999999999999,0.0368890227574545,1,0.2734080031481851,Normal
2014-02-22 02:40:00,0.134,2,5,0.1199999999999999,0.030199337741083,1,0.3201118816851928,Normal
2014-02-22 02:45:00,0.066,2,5,0.1063999999999999,0.0368890227574545,1,0.2531396615506186,Normal
2014-02-22 02:50:00,0.134,2,5,0.1063999999999999,0.0368890227574545,1,0.2843352475468834,Normal
2014-02-22 02:55:00,0.132,2,5,0.1195999999999999,0.0299799933288851,1,0.3088646207512494,Normal
2014-02-22 03:00:00,0.134,3,5,0.1199999999999999,0.030199337741083,1,0.3259026649721,Normal
2014-02-22 03:05:00,0.066,3,5,0.1063999999999999,0.0368890227574545,1,0.256839865911145,Normal
2014-02-22 03:10:00,0.136,3,5,0.1203999999999999,0.0304433900871765,1,0.3087169649361498,Normal
2014-02-22 03:15:00,0.134,3,5,0.1203999999999999,0.0304433900871765,1,0.3260183883038448,Normal
2014-02-22 03:20:00,0.066,3,5,0.1071999999999999,0.0376191440625647,1,0.2482985387326284,Normal
2014-02-22 03:25:00,0.134,3,5,0.1071999999999999,0.0376191440625647,1,0.2807721605011924,Normal
2014-02-22 03:30:00,1.4680000000000002,3,5,0.3876,0.6046939721875852,-1,-0.0408026492341191,High
2014-02-22 03:35:00,0.068,3,5,0.374,0.6124818364653764,-1,-0.0078842695912685,Medium
2014-02-22 03:40:00,0.132,3,5,0.3736,0.612678382187588,-1,-0.0024035843934333,Low
2014-02-22 03:45:00,0.132,3,5,0.3868,0.6050580137474423,1,0.002551795800298,Normal
2014-02-22 03:50:00,0.068,3,5,0.3736,0.6126245179553297,-1,-0.0073835145748307,Medium
2014-02-22 03:55:00,0.132,3,5,0.1063999999999999,0.0350542436803286,1,0.2726375894793421,Normal
2014-02-22 04:00:00,0.198,4,5,0.1323999999999999,0.0459652042310252,1,0.170591941939833,Normal
2014-02-22 04:05:00,0.134,4,5,0.1327999999999999,0.0459695551425055,1,0.2671673019624297,Normal
2014-02-22 04:10:00,0.068,4,5,0.1199999999999999,0.0543874985635473,1,0.194367519572876,Normal
2014-02-22 04:15:00,0.132,4,5,0.1327999999999999,0.0459695551425055,1,0.2637366018020533,Normal
2014-02-22 04:20:00,0.132,4,5,0.1327999999999999,0.0459695551425055,1,0.2637366018020533,Normal
2014-02-22 04:25:00,0.134,4,5,0.1199999999999999,0.0290860791444955,1,0.3249683910511965,Normal
2014-02-22 04:30:00,0.132,4,5,0.1195999999999999,0.0288582743766819,1,0.3183333989102804,Normal
2014-02-22 04:35:00,0.066,4,5,0.1191999999999999,0.0297523108346202,1,0.2511078381175428,Normal
2014-02-22 04:40:00,0.132,4,5,0.1191999999999999,0.0297523108346202,1,0.3143866241363102,Normal
2014-02-22 04:45:00,0.136,4,5,0.1199999999999999,0.0302324329156596,1,0.3084517565259932,Normal
2014-02-22 04:50:00,0.066,4,5,0.1063999999999999,0.0369161211396844,1,0.26408220968479,Normal
2014-02-22 04:55:00,0.134,4,5,0.1067999999999999,0.0372719733848351,1,0.2900331268997256,Normal
2014-02-22 05:00:00,0.134,5,5,0.1203999999999999,0.0304433900871742,1,0.3354935882978474,Normal
2014-02-22 05:05:00,0.134,5,5,0.1207999999999999,0.0306463700950024,1,0.3302214011406814,Normal
2014-02-22 05:10:00,0.066,5,5,0.1067999999999999,0.0372451339103494,1,0.2752975926307437,Normal
2014-02-22 05:15:00,0.134,5,5,0.1203999999999999,0.0304105244939948,1,0.3354935882978474,Normal
2014-02-22 05:20:00,0.066,5,5,0.1067999999999999,0.0372451339103494,1,0.2752975926307437,Normal
2014-02-22 05:25:00,0.132,5,5,0.1063999999999999,0.0368890227574526,1,0.2923071689790317,Normal
2014-02-22 05:30:00,0.134,5,5,0.1063999999999999,0.0368890227574526,1,0.3001265044187155,Normal
2014-02-22 05:35:00,0.066,5,5,0.1063999999999999,0.0368890227574526,1,0.2751543282678282,Normal
2014-02-22 05:40:00,0.134,5,5,0.1063999999999999,0.0368890227574526,1,0.3001265044187155,Normal
2014-02-22 05:45:00,0.134,5,5,0.1199999999999999,0.0301993377410806,1,0.3353805626017841,Normal
2014-02-22 05:50:00,0.132,5,5,0.1199999999999999,0.0301993377410806,1,0.3285974585418966,Normal
2014-02-22 05:55:00,0.066,5,5,0.1063999999999999,0.0368890227574526,1,0.2751543282678282,Normal
2014-02-22 06:00:00,0.132,6,5,0.1195999999999999,0.0299799933288828,1,0.3308950725566427,Normal
2014-02-22 06:05:00,0.132,6,5,0.1191999999999999,0.0297523108346202,1,0.325685291668388,Normal
2014-02-22 06:10:00,0.066,6,5,0.1055999999999999,0.036149688795339,1,0.2610277007570708,Normal
2014-02-22 06:15:00,0.134,6,5,0.1059999999999999,0.0365239647354974,1,0.2969931244497914,Normal
2014-02-22 06:20:00,0.134,6,5,0.1195999999999999,0.0299799933288828,1,0.3390566625383885,Normal
2014-02-22 06:25:00,0.068,6,5,0.1067999999999999,0.0363483149540643,1,0.2420629096106993,Normal
2014-02-22 06:30:00,0.134,6,5,0.1071999999999999,0.0367042231902523,1,0.3007516130576166,Normal
2014-02-22 06:35:00,0.134,6,5,0.1207999999999999,0.0295160973029948,1,0.3331680842466051,Normal
2014-02-22 06:40:00,0.134,6,5,0.1207999999999999,0.0295160973029948,1,0.3331680842466051,Normal
2014-02-22 06:45:00,0.068,6,5,0.1075999999999999,0.036149688795339,1,0.2362481505232405,Normal
2014-02-22 06:50:00,0.134,6,5,0.1207999999999999,0.0295160973029948,1,0.3331680842466051,Normal
2014-02-22 06:55:00,0.134,6,5,0.1207999999999999,0.0295160973029948,1,0.3331680842466051,Normal
2014-02-22 07:00:00,0.132,7,5,0.1203999999999999,0.02930528962491,1,0.3296857346942213,Normal
2014-02-22 07:05:00,0.136,7,5,0.1207999999999999,0.0295499576987829,1,0.3154621975067384,Normal
2014-02-22 07:10:00,0.132,7,5,0.1335999999999999,0.0016733200530263,1,0.2319270709541797,Normal
2014-02-22 07:15:00,0.132,7,5,0.1331999999999999,0.0017888543819606,1,0.2329078399523175,Normal
2014-02-22 07:20:00,0.066,7,5,0.1195999999999999,0.0300133303716841,1,0.2646628506074156,Normal
2014-02-22 07:25:00,0.134,7,5,0.1199999999999999,0.0302324329156596,1,0.340282238066222,Normal
2014-02-22 07:30:00,0.134,7,5,0.1195999999999999,0.0299799933288828,1,0.3385369308020832,Normal
2014-02-22 07:35:00,0.066,7,5,0.1063999999999999,0.0368890227574526,1,0.2727706430684962,Normal
2014-02-22 07:40:00,0.132,7,5,0.1063999999999999,0.0368890227574526,1,0.2915223407566247,Normal
2014-02-22 07:45:00,0.134,7,5,0.1199999999999999,0.0301993377410806,1,0.340282238066222,Normal
2014-02-22 07:50:00,0.066,7,5,0.1063999999999999,0.0368890227574526,1,0.2727706430684962,Normal
2014-02-22 07:55:00,0.2019999999999999,7,5,0.1199999999999999,0.0567802782663122,1,0.1871965376563922,Normal
2014-02-22 08:00:00,0.134,8,5,0.1335999999999999,0.0480915793044879,1,0.2634435425851546,Normal
2014-02-22 08:05:00,0.134,8,5,0.1339999999999999,0.0480832611206837,1,0.261944223957926,Normal
2014-02-22 08:10:00,0.134,8,5,0.1339999999999999,0.0480832611206837,1,0.261944223957926,Normal
2014-02-22 08:15:00,0.066,8,5,0.1339999999999999,0.0480832611206837,1,0.2065668670795994,Normal
2014-02-22 08:20:00,0.134,8,5,0.1203999999999999,0.0304105244939948,1,0.3388220562270912,Normal
2014-02-22 08:25:00,0.066,8,5,0.1067999999999999,0.0372451339103494,1,0.272946272210148,Normal
2014-02-22 08:30:00,0.134,8,5,0.1067999999999999,0.0372451339103494,1,0.2966245880210145,Normal
2014-02-22 08:35:00,0.134,8,5,0.1067999999999999,0.0372451339103494,1,0.2966245880210145,Normal
2014-02-22 08:40:00,0.066,8,5,0.1067999999999999,0.0372451339103494,1,0.272946272210148,Normal
2014-02-22 08:45:00,0.132,8,5,0.1063999999999999,0.0368890227574526,1,0.2899287029689233,Normal
2014-02-22 08:50:00,0.068,8,5,0.1067999999999999,0.0363483149540644,1,0.2408193259976221,Normal
2014-02-22 08:55:00,0.132,8,5,0.1063999999999999,0.0359833294735195,1,0.2883324407002384,Normal
2014-02-22 09:00:00,0.134,9,5,0.1063999999999999,0.0359833294735195,1,0.2970698100074653,Normal
2014-02-22 09:05:00,0.134,9,5,0.1199999999999999,0.0290860791444955,1,0.3390460488907624,Normal
2014-02-22 09:10:00,0.066,9,5,0.1067999999999999,0.0363483149540644,1,0.2770745440356302,Normal
2014-02-22 09:15:00,0.132,9,5,0.1195999999999999,0.0299799933288828,1,0.3335096072484617,Normal
2014-02-22 09:20:00,0.134,9,5,0.1199999999999999,0.0301993377410806,1,0.3422175543640519,Normal
2014-02-22 09:25:00,0.068,9,5,0.1067999999999999,0.0363483149540644,1,0.2416789400378884,Normal
2014-02-22 09:30:00,0.134,9,5,0.1067999999999999,0.0363483149540644,1,0.3022008846631416,Normal
2014-02-22 09:35:00,0.134,9,5,0.1203999999999999,0.02930528962491,1,0.3391028360995383,Normal
2014-02-22 09:40:00,0.066,9,5,0.1071999999999999,0.0367042231902523,1,0.2732331137114062,Normal
2014-02-22 09:45:00,0.136,9,5,0.1075999999999999,0.037078295537954,1,0.2815133706001456,Normal
2014-02-22 09:50:00,0.132,9,5,0.1203999999999999,0.0304433900871742,1,0.334325887992856,Normal
2014-02-22 09:55:00,0.134,9,5,0.1203999999999999,0.0304433900871742,1,0.3422738838132321,Normal
2014-02-22 10:00:00,0.134,10,5,0.1203999999999999,0.0304433900871742,1,0.3418429351439515,Normal
2014-02-22 10:05:00,0.066,10,5,0.1203999999999999,0.0304433900871742,1,0.2678150835130262,Normal
2014-02-22 10:10:00,0.134,10,5,0.1199999999999999,0.0301993377410806,1,0.3406940816083676,Normal
2014-02-22 10:15:00,0.134,10,5,0.1203999999999999,0.0304105244939948,1,0.3407506309481576,Normal
2014-02-22 10:20:00,0.066,10,5,0.1067999999999999,0.0372451339103494,1,0.2700791226365827,Normal
2014-02-22 10:25:00,0.132,10,5,0.1063999999999999,0.0368890227574526,1,0.2903293609884918,Normal
2014-02-22 10:30:00,0.068,10,5,0.1067999999999999,0.0363483149540644,1,0.2428271543377929,Normal
2014-02-22 10:35:00,0.134,10,5,0.1067999999999999,0.0363483149540644,1,0.2997654648130376,Normal
2014-02-22 10:40:00,0.132,10,5,0.1063999999999999,0.0359833294735195,1,0.2888611835575588,Normal
2014-02-22 10:45:00,0.132,10,5,0.1195999999999999,0.028858274376682,1,0.3300716999775788,Normal
2014-02-22 10:50:00,0.066,10,5,0.1063999999999999,0.0359833294735195,1,0.2656446948848119,Normal
2014-02-22 10:55:00,0.134,10,5,0.1195999999999999,0.0299799933288828,1,0.3397485790480988,Normal
2014-02-22 11:00:00,0.136,11,5,0.1199999999999999,0.0302324329156596,1,0.3180062458314601,Normal
2014-02-22 11:05:00,0.134,11,5,0.1203999999999999,0.0304433900871742,1,0.342985090586994,Normal
2014-02-22 11:10:00,0.066,11,5,0.1071999999999999,0.0376191440625629,1,0.2605742669300459,Normal
2014-02-22 11:15:00,0.134,11,5,0.1207999999999999,0.0306463700950024,1,0.339072847073206,Normal
2014-02-22 11:20:00,0.132,11,5,0.1203999999999999,0.0304433900871742,1,0.3342282097663172,Normal
2014-02-22 11:25:00,0.132,11,5,0.1195999999999999,0.0299799933288828,1,0.332722611919965,Normal
2014-02-22 11:30:00,0.066,11,5,0.1059999999999999,0.0365239647354974,1,0.2617593945481185,Normal
2014-02-22 11:35:00,0.132,11,5,0.1191999999999999,0.0297523108346202,1,0.3285119652542186,Normal
2014-02-22 11:40:00,0.134,11,5,0.1191999999999999,0.0297523108346202,1,0.3361040036514048,Normal
2014-02-22 11:45:00,0.134,11,5,0.1195999999999999,0.0299799933288828,1,0.340583110849478,Normal
2014-02-22 11:50:00,0.066,11,5,0.1063999999999999,0.0368890227574526,1,0.2694247944769827,Normal
2014-02-22 11:55:00,0.132,11,5,0.1195999999999999,0.0299799933288828,1,0.332722611919965,Normal
2014-02-22 12:00:00,0.132,12,5,0.1195999999999999,0.0299799933288828,1,0.331501125212978,Normal
2014-02-22 12:05:00,0.134,12,5,0.1195999999999999,0.0299799933288828,1,0.3385740167792412,Normal
2014-02-22 12:10:00,0.066,12,5,0.1059999999999999,0.0365239647354974,1,0.2646242931255688,Normal
2014-02-22 12:15:00,0.134,12,5,0.1195999999999999,0.0299799933288828,1,0.3385740167792412,Normal
2014-02-22 12:20:00,0.134,12,5,0.1199999999999999,0.0301993377410807,1,0.3403191597419018,Normal
2014-02-22 12:25:00,0.066,12,5,0.1067999999999999,0.0372451339103494,1,0.2725945982189532,Normal
2014-02-22 12:30:00,0.134,12,5,0.1067999999999999,0.0372451339103494,1,0.2881622109491862,Normal
2014-02-22 12:35:00,0.132,12,5,0.1199999999999999,0.0301993377410807,1,0.3333422285124995,Normal
2014-02-22 12:40:00,0.068,12,5,0.1067999999999999,0.0363483149540644,1,0.2356975604732188,Normal
2014-02-22 12:45:00,0.134,12,5,0.1067999999999999,0.0363483149540644,1,0.2908216069513519,Normal
2014-02-22 12:50:00,0.134,12,5,0.1203999999999999,0.02930528962491,1,0.3371892904615673,Normal
2014-02-22 12:55:00,0.136,12,5,0.1207999999999999,0.0295499576987829,1,0.308699952394306,Normal
2014-02-22 13:00:00,0.066,13,5,0.1075999999999999,0.037078295537954,1,0.261005436727651,Normal
2014-02-22 13:05:00,0.134,13,5,0.1207999999999999,0.0306463700950024,1,0.3339869018721938,Normal
2014-02-22 13:10:00,0.132,13,5,0.1203999999999999,0.0304433900871742,1,0.3269464589327925,Normal
2014-02-22 13:15:00,0.132,13,5,0.1199999999999999,0.0302324329156596,1,0.3281376283000195,Normal
2014-02-22 13:20:00,0.066,13,5,0.1059999999999999,0.0365239647354974,1,0.2602973506896618,Normal
2014-02-22 13:25:00,0.134,13,5,0.1195999999999999,0.0299799933288828,1,0.3359504882260934,Normal
2014-02-22 13:30:00,0.134,13,5,0.1195999999999999,0.0299799933288828,1,0.3359504882260934,Normal
2014-02-22 13:35:00,0.136,13,5,0.1203999999999999,0.0304433900871742,1,0.3132599204929229,Normal
2014-02-22 13:40:00,0.066,13,5,0.1071999999999999,0.0376191440625629,1,0.2574277502255641,Normal
2014-02-22 13:45:00,0.134,13,5,0.1207999999999999,0.0306463700950024,1,0.3339869018721938,Normal
2014-02-22 13:50:00,0.136,13,5,0.1211999999999999,0.0308739372286701,1,0.3085363395455228,Normal
2014-02-22 13:55:00,0.136,13,5,0.1215999999999999,0.0310934076614298,1,0.3047804099842444,Normal
2014-02-22 14:00:00,0.066,14,5,0.1075999999999999,0.0379842072445886,1,0.2459291000242109,Normal
2014-02-22 14:05:00,0.132,14,5,0.1207999999999999,0.0306789830339902,1,0.3185844380058425,Normal
2014-02-22 14:10:00,0.132,14,5,0.1203999999999999,0.0304762202380784,1,0.3231872228241192,Normal
2014-02-22 14:15:00,0.066,14,5,0.1063999999999999,0.0369161211396845,1,0.259246949504143,Normal
2014-02-22 14:20:00,0.132,14,5,0.1055999999999999,0.036149688795339,1,0.2635272913315807,Normal
2014-02-22 14:25:00,0.134,14,5,0.1191999999999999,0.0297523108346202,1,0.3299609028122441,Normal
2014-02-22 14:30:00,0.068,14,5,0.1063999999999999,0.0359833294735195,1,0.2214579396972503,Normal
2014-02-22 14:35:00,0.134,14,5,0.1067999999999999,0.0363483149540644,1,0.2801884379433585,Normal
2014-02-22 14:40:00,0.066,14,5,0.1067999999999999,0.0363483149540644,1,0.2640373760281401,Normal
2014-02-22 14:45:00,0.132,14,5,0.1067999999999999,0.0363483149540644,1,0.2716687650130993,Normal
2014-02-22 14:50:00,0.132,14,5,0.1063999999999999,0.0359833294735195,1,0.2672026530131017,Normal
2014-02-22 14:55:00,0.2019999999999999,14,5,0.1331999999999999,0.0480957378569022,1,0.1680271670291719,Normal
2014-02-22 15:00:00,0.134,15,5,0.1331999999999999,0.0480957378569022,1,0.2477948805955919,Normal
2014-02-22 15:05:00,0.134,15,5,0.1467999999999999,0.03087393722867,1,0.255279429057046,Normal
2014-02-22 15:10:00,0.134,15,5,0.1471999999999999,0.0306463700950024,1,0.2543921071927221,Normal
2014-02-22 15:15:00,0.134,15,5,0.1475999999999999,0.0304105244939948,1,0.2571275819952512,Normal
2014-02-22 15:20:00,0.066,15,5,0.1203999999999999,0.0304105244939971,1,0.2592249307957829,Normal
2014-02-22 15:25:00,0.134,15,5,0.1203999999999999,0.0304105244939971,1,0.3364969010457322,Normal
2014-02-22 15:30:00,0.134,15,5,0.1203999999999999,0.0304105244939971,1,0.3364969010457322,Normal
2014-02-22 15:35:00,0.066,15,5,0.1067999999999999,0.0372451339103513,1,0.2590924091024408,Normal
2014-02-22 15:40:00,0.132,15,5,0.1063999999999999,0.0368890227574545,1,0.267302884375886,Normal
2014-02-22 15:45:00,0.134,15,5,0.1199999999999999,0.030199337741083,1,0.335304361317551,Normal
2014-02-22 15:50:00,0.068,15,5,0.1067999999999999,0.0363483149540663,1,0.2232441732193942,Normal
2014-02-22 15:55:00,0.134,15,5,0.1067999999999999,0.0363483149540663,1,0.2803315997961276,Normal
2014-02-22 16:00:00,0.134,16,5,0.1203999999999999,0.0293052896249124,1,0.3320623910185062,Normal
2014-02-22 16:05:00,0.134,16,5,0.1207999999999999,0.0295160973029972,1,0.3292247712964935,Normal
2014-02-22 16:10:00,0.068,16,5,0.1075999999999999,0.0361496887953409,1,0.2104847222365876,Normal
2014-02-22 16:15:00,0.134,16,5,0.1207999999999999,0.0295160973029972,1,0.3292247712964935,Normal
2014-02-22 16:20:00,0.132,16,5,0.1203999999999999,0.0293052896249124,1,0.3193928206162969,Normal
2014-02-22 16:25:00,0.134,16,5,0.1203999999999999,0.0293052896249124,1,0.3320623910185062,Normal
2014-02-22 16:30:00,0.066,16,5,0.1067999999999999,0.0363483149540663,1,0.2611086719681012,Normal
2014-02-22 16:35:00,0.132,16,5,0.1195999999999999,0.0299799933288851,1,0.3186006121834013,Normal
2014-02-22 16:40:00,0.066,16,5,0.1059999999999999,0.0365239647354993,1,0.2517716046782786,Normal
2014-02-22 16:45:00,0.134,16,5,0.1063999999999999,0.0368890227574545,1,0.2718677882684939,Normal
2014-02-22 16:50:00,0.132,16,5,0.1059999999999999,0.0365239647354993,1,0.2657282493350346,Normal
2014-02-22 16:55:00,0.134,16,5,0.1195999999999999,0.0299799933288851,1,0.3303407004876132,Normal
2014-02-22 17:00:00,0.134,17,5,0.1199999999999999,0.030199337741083,1,0.3360538007831599,Normal
2014-02-22 17:05:00,0.136,17,5,0.1339999999999999,0.0014142135623733,1,0.2353152726204549,Normal
2014-02-22 17:10:00,0.066,17,5,0.1203999999999999,0.0304433900871765,1,0.2577498747613654,Normal
2014-02-22 17:15:00,0.134,17,5,0.1207999999999999,0.0306463700950047,1,0.3307177152245244,Normal
2014-02-22 17:20:00,0.136,17,5,0.1211999999999999,0.0308739372286723,1,0.3051933873201285,Normal
2014-02-22 17:25:00,0.134,17,5,0.1211999999999999,0.0308739372286723,1,0.3305596546894649,Normal
2014-02-22 17:30:00,0.134,17,5,0.1207999999999999,0.0306463700950047,1,0.3307177152245244,Normal
2014-02-22 17:35:00,0.134,17,5,0.1343999999999999,0.0008944271910008,1,0.2475402486327514,Normal
2014-02-22 17:40:00,0.134,17,5,0.1344,0.0008944271910008,1,0.2475402486327514,Normal
2014-02-22 17:45:00,0.066,17,5,0.1203999999999999,0.0304105244939971,1,0.2564171766661129,Normal
2014-02-22 17:50:00,0.134,17,5,0.1203999999999999,0.0304105244939971,1,0.3349000075673138,Normal
2014-02-22 17:55:00,0.134,17,5,0.1203999999999999,0.0304105244939971,1,0.3349000075673138,Normal
2014-02-22 18:00:00,0.134,18,5,0.1203999999999999,0.0304105244939971,1,0.3303700194242336,Normal
2014-02-22 18:05:00,0.066,18,5,0.1067999999999999,0.0372451339103512,1,0.2522709998791472,Normal
2014-02-22 18:10:00,0.134,18,5,0.1203999999999999,0.0304105244939971,1,0.3303700194242336,Normal
2014-02-22 18:15:00,0.132,18,5,0.1199999999999999,0.030199337741083,1,0.3181767398138947,Normal
2014-02-22 18:20:00,0.066,18,5,0.1063999999999999,0.0368890227574545,1,0.2523705709777607,Normal
2014-02-22 18:25:00,0.134,18,5,0.1063999999999999,0.0368890227574545,1,0.2734526394383727,Normal
2014-02-22 18:30:00,0.134,18,5,0.1199999999999999,0.030199337741083,1,0.3307986066125901,Normal
2014-02-22 18:35:00,0.066,18,5,0.1063999999999999,0.0368890227574545,1,0.2523705709777607,Normal
2014-02-22 18:40:00,0.132,18,5,0.1063999999999999,0.0368890227574545,1,0.2616049914682777,Normal
2014-02-22 18:45:00,0.068,18,5,0.1067999999999999,0.0363483149540663,1,0.2170695948968443,Normal
2014-02-22 18:50:00,0.132,18,5,0.1063999999999999,0.0359833294735214,1,0.2617886316103293,Normal
2014-02-22 18:55:00,0.134,18,5,0.1063999999999999,0.0359833294735214,1,0.2727626806797259,Normal
2014-02-22 19:00:00,0.134,19,5,0.1199999999999999,0.0290860791444979,1,0.3289066669021429,Normal
2014-02-22 19:05:00,0.066,19,5,0.1067999999999999,0.0363483149540663,1,0.2512213028664366,Normal
2014-02-22 19:10:00,0.134,19,5,0.1199999999999999,0.030199337741083,1,0.3329947151445636,Normal
2014-02-22 19:15:00,0.134,19,5,0.1203999999999999,0.0304105244939971,1,0.3316391260007553,Normal
2014-02-22 19:20:00,0.134,19,5,0.1203999999999999,0.0304105244939971,1,0.3316391260007553,Normal
2014-02-22 19:25:00,0.066,19,5,0.1067999999999999,0.0372451339103512,1,0.2479189971419588,Normal
2014-02-22 19:30:00,0.134,19,5,0.1203999999999999,0.0304105244939971,1,0.3316391260007553,Normal
2014-02-22 19:35:00,0.134,19,5,0.1203999999999999,0.0304105244939971,1,0.3316391260007553,Normal
2014-02-22 19:40:00,0.134,19,5,0.1203999999999999,0.0304105244939971,1,0.3316391260007553,Normal
2014-02-22 19:45:00,0.066,19,5,0.1067999999999999,0.0372451339103512,1,0.2479189971419588,Normal
2014-02-22 19:50:00,0.134,19,5,0.1203999999999999,0.0304105244939971,1,0.3316391260007553,Normal
2014-02-22 19:55:00,0.134,19,5,0.1203999999999999,0.0304105244939971,1,0.3316391260007553,Normal
2014-02-22 20:00:00,0.134,20,5,0.1203999999999999,0.0304105244939971,1,0.3226687971966033,Normal
2014-02-22 20:05:00,0.066,20,5,0.1067999999999999,0.0372451339103512,1,0.2413820655431991,Normal
2014-02-22 20:10:00,0.134,20,5,0.1203999999999999,0.0304105244939971,1,0.3226687971966033,Normal
2014-02-22 20:15:00,0.134,20,5,0.1203999999999999,0.0304105244939971,1,0.3226687971966033,Normal
2014-02-22 20:20:00,0.134,20,5,0.1203999999999999,0.0304105244939971,1,0.3226687971966033,Normal
2014-02-22 20:25:00,0.068,20,5,0.1071999999999999,0.0367042231902542,1,0.2069314085331607,Normal
2014-02-22 20:30:00,0.134,20,5,0.1207999999999999,0.0295160973029972,1,0.3183500756421764,Normal
2014-02-22 20:35:00,0.132,20,5,0.1203999999999999,0.0293052896249124,1,0.3071231627139999,Normal
2014-02-22 20:40:00,0.068,20,5,0.1071999999999999,0.035793854221081,1,0.205390760572211,Normal
2014-02-22 20:45:00,0.134,20,5,0.1071999999999999,0.035793854221081,1,0.2662387090473674,Normal
2014-02-22 20:50:00,0.134,20,5,0.1203999999999999,0.0293052896249124,1,0.3197780301386263,Normal
2014-02-22 20:55:00,0.132,20,5,0.1199999999999999,0.0290860791444979,1,0.3070417820927775,Normal
2014-02-22 21:00:00,0.066,21,5,0.1067999999999999,0.0363483149540663,1,0.2379537121891127,Normal
2014-02-22 21:05:00,0.134,21,5,0.1199999999999999,0.030199337741083,1,0.320406907388007,Normal
2014-02-22 21:10:00,0.134,21,5,0.1199999999999999,0.030199337741083,1,0.320406907388007,Normal
2014-02-22 21:15:00,0.068,21,5,0.1067999999999999,0.0363483149540663,1,0.202557628613242,Normal
2014-02-22 21:20:00,0.134,21,5,0.1071999999999999,0.0367042231902542,1,0.2613035482130365,Normal
2014-02-22 21:25:00,0.134,21,5,0.1207999999999999,0.0295160973029972,1,0.3142158142981021,Normal
2014-02-22 21:30:00,0.066,21,5,0.1071999999999999,0.0367042231902542,1,0.2339894186640994,Normal
2014-02-22 21:35:00,0.132,21,5,0.1067999999999999,0.0363483149540663,1,0.2486552962921593,Normal
2014-02-22 21:40:00,0.134,21,5,0.1199999999999999,0.030199337741083,1,0.320406907388007,Normal
2014-02-22 21:45:00,0.066,21,5,0.1063999999999999,0.0368890227574545,1,0.2347334602335828,Normal
2014-02-22 21:50:00,0.132,21,5,0.1059999999999999,0.0365239647354993,1,0.2463721053952388,Normal
2014-02-22 21:55:00,0.132,21,5,0.1191999999999999,0.0297523108346226,1,0.3038128675343111,Normal
2014-02-22 22:00:00,0.132,22,5,0.1191999999999999,0.0297523108346226,1,0.2983751727368843,Normal
2014-02-22 22:05:00,0.134,22,5,0.1191999999999999,0.0297523108346226,1,0.3074132654431368,Normal
2014-02-22 22:10:00,0.066,22,5,0.1191999999999999,0.0297523108346226,1,0.2244468680745129,Normal
2014-02-22 22:15:00,0.134,22,5,0.1195999999999999,0.0299799933288852,1,0.3103902135590015,Normal
2014-02-22 22:20:00,0.132,22,5,0.1195999999999999,0.0299799933288852,1,0.3010330860430508,Normal
2014-02-22 22:25:00,0.134,22,5,0.1199999999999999,0.030199337741083,1,0.3157929955719927,Normal
2014-02-22 22:30:00,0.066,22,5,0.1063999999999999,0.0368890227574545,1,0.2301680177898303,Normal
2014-02-22 22:35:00,0.134,22,5,0.1199999999999999,0.030199337741083,1,0.3157929955719927,Normal
2014-02-22 22:40:00,0.134,22,5,0.1199999999999999,0.030199337741083,1,0.3157929955719927,Normal
2014-02-22 22:45:00,0.132,22,5,0.1199999999999999,0.030199337741083,1,0.3066245895532476,Normal
2014-02-22 22:50:00,0.132,22,5,0.1195999999999999,0.0299799933288852,1,0.3010330860430508,Normal
2014-02-22 22:55:00,0.134,22,5,0.1331999999999999,0.0010954451150117,1,0.2340068881436295,Normal
2014-02-22 23:00:00,0.068,23,5,0.1199999999999999,0.029086079144498,1,0.1887129867409315,Normal
2014-02-22 23:05:00,0.134,23,5,0.1199999999999999,0.029086079144498,1,0.2906780257115002,Normal
2014-02-22 23:10:00,0.132,23,5,0.1199999999999999,0.029086079144498,1,0.2825902284593303,Normal
2014-02-22 23:15:00,0.066,23,5,0.1067999999999999,0.0363483149540663,1,0.2223723598341785,Normal
2014-02-22 23:20:00,0.134,23,5,0.1067999999999999,0.0363483149540663,1,0.2398572122158864,Normal
2014-02-22 23:25:00,0.132,23,5,0.1195999999999999,0.0299799933288852,1,0.2839978869158376,Normal
2014-02-22 23:30:00,0.132,23,5,0.1191999999999999,0.0297523108346226,1,0.2808361025122124,Normal
2014-02-22 23:35:00,0.066,23,5,0.1059999999999999,0.0365239647354993,1,0.2120456877494941,Normal
2014-02-22 23:40:00,0.132,23,5,0.1191999999999999,0.0297523108346226,1,0.2808361025122124,Normal
2014-02-22 23:45:00,0.134,23,5,0.1191999999999999,0.0297523108346226,1,0.2888623018408011,Normal
2014-02-22 23:50:00,0.134,23,5,0.1195999999999999,0.0299799933288852,1,0.2923582638394552,Normal
2014-02-22 23:55:00,0.132,23,5,0.1195999999999999,0.0299799933288852,1,0.2839978869158376,Normal
2014-02-23 00:00:00,0.066,0,6,0.1195999999999999,0.0299799933288852,1,0.204543794047375,Normal
2014-02-23 00:05:00,0.132,0,6,0.1195999999999999,0.0299799933288852,1,0.2620469953402959,Normal
2014-02-23 00:10:00,0.066,0,6,0.1059999999999999,0.0365239647354993,1,0.2040190192892295,Normal
2014-02-23 00:15:00,0.2,0,6,0.1191999999999999,0.0559392527658352,1,0.1319086868112404,Normal
2014-02-23 00:20:00,0.132,0,6,0.1191999999999999,0.0559392527658352,1,0.19722393001588,Normal
2014-02-23 00:25:00,0.134,0,6,0.1327999999999999,0.0473835414463714,1,0.2080505069663892,Normal
2014-02-23 00:30:00,0.132,0,6,0.1327999999999999,0.0473835414463714,1,0.1994413947301722,Normal
2014-02-23 00:35:00,0.066,0,6,0.1327999999999999,0.0473835414463714,1,0.1506193282416357,Normal
2014-02-23 00:40:00,0.134,0,6,0.1195999999999999,0.0299799933288852,1,0.2780967300485499,Normal
2014-02-23 00:45:00,0.066,0,6,0.1063999999999999,0.0368890227574545,1,0.2135981173161573,Normal
2014-02-23 00:50:00,0.132,0,6,0.1059999999999999,0.0365239647354993,1,0.2264939632340891,Normal
2014-02-23 00:55:00,0.134,0,6,0.1063999999999999,0.0368890227574545,1,0.2420019447933913,Normal
2014-02-23 01:00:00,0.134,1,6,0.1199999999999999,0.030199337741083,1,0.2929736130406896,Normal
2014-02-23 01:05:00,0.134,1,6,0.1199999999999999,0.030199337741083,1,0.2929736130406896,Normal
2014-02-23 01:10:00,0.068,1,6,0.1203999999999999,0.0293052896249124,1,0.1958257064024892,Normal
2014-02-23 01:15:00,0.2019999999999999,1,6,0.1343999999999999,0.0473793203834753,1,0.1328529171000219,Normal
2014-02-23 01:20:00,0.066,1,6,0.1207999999999999,0.0564198546612803,1,0.159572968659624,Normal
2014-02-23 01:25:00,0.134,1,6,0.1207999999999999,0.0564198546612803,1,0.219647027272687,Normal
2014-02-23 01:30:00,0.134,1,6,0.1207999999999999,0.0564198546612803,1,0.219647027272687,Normal
2014-02-23 01:35:00,0.068,1,6,0.1207999999999999,0.0564198546612803,1,0.1511564365154196,Normal
2014-02-23 01:40:00,0.136,1,6,0.1075999999999999,0.0370782955379559,1,0.2412525493239206,Normal
2014-02-23 01:45:00,0.132,1,6,0.1207999999999999,0.0295499576987853,1,0.2719415850992569,Normal
2014-02-23 01:50:00,0.066,1,6,0.1071999999999999,0.0367314579073578,1,0.2218729195034612,Normal
2014-02-23 01:55:00,0.198,1,6,0.1199999999999999,0.0550090901579002,1,0.1468150330094008,Normal
2014-02-23 02:00:00,0.066,2,6,0.1195999999999999,0.0554869353992451,1,0.1726257860233171,Normal
2014-02-23 02:05:00,0.132,2,6,0.1187999999999999,0.055219561751249,1,0.2168941427527578,Normal
2014-02-23 02:10:00,0.132,2,6,0.1187999999999999,0.055219561751249,1,0.2168941427527578,Normal
2014-02-23 02:15:00,0.136,2,6,0.1327999999999999,0.0467033189398783,1,0.2144466716040548,Normal
2014-02-23 02:20:00,0.134,2,6,0.1199999999999999,0.0302324329156619,1,0.3005665794104182,Normal
2014-02-23 02:25:00,0.068,2,6,0.1203999999999999,0.0293393933134276,1,0.2010893433495287,Normal
2014-02-23 02:30:00,0.134,2,6,0.1207999999999999,0.0295499576987853,1,0.2962043939503501,Normal
2014-02-23 02:35:00,0.066,2,6,0.1075999999999999,0.0370782955379559,1,0.2310098269138858,Normal
2014-02-23 02:40:00,0.134,2,6,0.1071999999999999,0.0367042231902542,1,0.2702155907580253,Normal
2014-02-23 02:45:00,0.134,2,6,0.1071999999999999,0.0367042231902542,1,0.2702155907580253,Normal
2014-02-23 02:50:00,0.066,2,6,0.1067999999999999,0.0372451339103513,1,0.23070667960109,Normal
2014-02-23 02:55:00,0.132,2,6,0.1063999999999999,0.0368890227574545,1,0.2551060906718991,Normal
2014-02-23 03:00:00,0.134,3,6,0.1199999999999999,0.030199337741083,1,0.3045161405124449,Normal
2014-02-23 03:05:00,0.134,3,6,0.1199999999999999,0.030199337741083,1,0.3045161405124449,Normal
2014-02-23 03:10:00,0.066,3,6,0.1063999999999999,0.0368890227574545,1,0.2376782860233479,Normal
2014-02-23 03:15:00,0.134,3,6,0.1199999999999999,0.030199337741083,1,0.3045161405124449,Normal
2014-02-23 03:20:00,0.136,3,6,0.1207999999999999,0.0306463700950047,1,0.2806530842094706,Normal
2014-02-23 03:25:00,0.068,3,6,0.1075999999999999,0.0370782955379559,1,0.2138992460212595,Normal
2014-02-23 03:30:00,0.134,3,6,0.1075999999999999,0.0370782955379559,1,0.2709017083380139,Normal
2014-02-23 03:35:00,1.444,3,6,0.3831999999999999,0.5937080090414816,-1,-0.0455257839417541,Critical
2014-02-23 03:40:00,0.066,3,6,0.3695999999999999,0.6015702785211384,-1,-0.0112786342915819,Medium
2014-02-23 03:45:00,0.134,3,6,0.3691999999999999,0.6017650704386223,-1,-0.0025301001458948,Low
2014-02-23 03:50:00,0.136,3,6,0.3827999999999999,0.5939740735082635,-1,-0.0065311339945161,Medium
2014-02-23 03:55:00,0.134,3,6,0.3827999999999999,0.5939740735082635,-1,-0.0030275702974267,Low
2014-02-23 04:00:00,0.068,4,6,0.1075999999999999,0.0370782955379572,1,0.21744399757679,Normal
2014-02-23 04:05:00,0.132,4,6,0.1207999999999999,0.0295499576987869,1,0.2888866050965104,Normal
2014-02-23 04:10:00,0.066,4,6,0.1071999999999999,0.0367314579073592,1,0.2435441485772445,Normal
2014-02-23 04:15:00,0.134,4,6,0.1067999999999999,0.0363483149540677,1,0.2761722773255194,Normal
2014-02-23 04:20:00,0.134,4,6,0.1067999999999999,0.0363483149540677,1,0.2761722773255194,Normal
2014-02-23 04:25:00,0.066,4,6,0.1063999999999999,0.0368890227574559,1,0.2436145588996738,Normal
2014-02-23 04:30:00,0.134,4,6,0.1067999999999999,0.0372451339103526,1,0.271557755067972,Normal
2014-02-23 04:35:00,0.068,4,6,0.1071999999999999,0.0367042231902556,1,0.2189496310289612,Normal
2014-02-23 04:40:00,0.134,4,6,0.1071999999999999,0.0367042231902556,1,0.2741242799029313,Normal
2014-02-23 04:45:00,0.132,4,6,0.1067999999999999,0.0363483149540677,1,0.2677997444679945,Normal
2014-02-23 04:50:00,0.066,4,6,0.1067999999999999,0.0363483149540677,1,0.2470583130060494,Normal
2014-02-23 04:55:00,0.134,4,6,0.1067999999999999,0.0363483149540677,1,0.2761722773255194,Normal
2014-02-23 05:00:00,0.134,5,6,0.1199999999999999,0.0301993377410846,1,0.3137010871472039,Normal
2014-02-23 05:05:00,0.134,5,6,0.1199999999999999,0.0301993377410846,1,0.3137010871472039,Normal
2014-02-23 05:10:00,0.066,5,6,0.1067999999999999,0.0372451339103526,1,0.2561690845700436,Normal
2014-02-23 05:15:00,0.134,5,6,0.1203999999999999,0.0304105244939987,1,0.3135369239517048,Normal
2014-02-23 05:20:00,0.066,5,6,0.1067999999999999,0.0372451339103526,1,0.2561690845700436,Normal
2014-02-23 05:25:00,0.134,5,6,0.1067999999999999,0.0372451339103526,1,0.2842761448285542,Normal
2014-02-23 05:30:00,0.066,5,6,0.0931999999999999,0.0372451339103526,1,0.2171174104380991,Normal
2014-02-23 05:35:00,0.134,5,6,0.1067999999999999,0.0372451339103526,1,0.2842761448285542,Normal
2014-02-23 05:40:00,0.134,5,6,0.1067999999999999,0.0372451339103526,1,0.2842761448285542,Normal
2014-02-23 05:45:00,0.066,5,6,0.1067999999999999,0.0372451339103526,1,0.2561690845700436,Normal
2014-02-23 05:50:00,0.134,5,6,0.1067999999999999,0.0372451339103526,1,0.2842761448285542,Normal
2014-02-23 05:55:00,0.132,5,6,0.1199999999999999,0.0301993377410846,1,0.3015101993136044,Normal
2014-02-23 06:00:00,0.066,6,6,0.1063999999999999,0.0368890227574559,1,0.255420145096561,Normal
2014-02-23 06:05:00,0.134,6,6,0.1063999999999999,0.0368890227574559,1,0.2814787325481563,Normal
2014-02-23 06:10:00,0.134,6,6,0.1199999999999999,0.0301993377410846,1,0.3186263181679566,Normal
2014-02-23 06:15:00,0.066,6,6,0.1063999999999999,0.0368890227574559,1,0.255420145096561,Normal
2014-02-23 06:20:00,0.134,6,6,0.1067999999999999,0.0372451339103526,1,0.2835199474185267,Normal
2014-02-23 06:25:00,0.134,6,6,0.1203999999999999,0.0304105244939987,1,0.3181838692659169,Normal
2014-02-23 06:30:00,0.068,6,6,0.1071999999999999,0.0367042231902556,1,0.230128213063214,Normal
2014-02-23 06:35:00,0.134,6,6,0.1071999999999999,0.0367042231902556,1,0.2863582852759884,Normal
2014-02-23 06:40:00,0.134,6,6,0.1207999999999999,0.0295160973029989,1,0.3132347602920676,Normal
2014-02-23 06:45:00,0.068,6,6,0.1075999999999999,0.0361496887953423,1,0.2264906591386091,Normal
2014-02-23 06:50:00,0.134,6,6,0.1075999999999999,0.0361496887953423,1,0.2835882071998788,Normal
2014-02-23 06:55:00,0.198,6,6,0.1335999999999999,0.0459652042310278,1,0.1646272074321302,Normal
2014-02-23 07:00:00,0.066,7,6,0.1199999999999999,0.054990908339471,1,0.1768997337534666,Normal
2014-02-23 07:05:00,0.134,7,6,0.1199999999999999,0.054990908339471,1,0.2368753388975413,Normal
2014-02-23 07:10:00,0.066,7,6,0.1195999999999999,0.0554689102110371,1,0.1753360820524696,Normal
2014-02-23 07:15:00,0.134,7,6,0.1195999999999999,0.0554689102110371,1,0.2346796508192555,Normal
2014-02-23 07:20:00,0.066,7,6,0.0931999999999999,0.0372451339103526,1,0.2138887280190634,Normal
2014-02-23 07:25:00,0.134,7,6,0.1067999999999999,0.0372451339103526,1,0.2794947321391176,Normal
2014-02-23 07:30:00,0.066,7,6,0.0931999999999999,0.0372451339103526,1,0.2138887280190634,Normal
2014-02-23 07:35:00,0.134,7,6,0.1067999999999999,0.0372451339103526,1,0.2794947321391176,Normal
2014-02-23 07:40:00,0.134,7,6,0.1067999999999999,0.0372451339103526,1,0.2794947321391176,Normal
2014-02-23 07:45:00,0.066,7,6,0.1067999999999999,0.0372451339103526,1,0.2537347886625177,Normal
2014-02-23 07:50:00,0.132,7,6,0.1063999999999999,0.0368890227574559,1,0.2701894585363376,Normal
2014-02-23 07:55:00,0.134,7,6,0.1199999999999999,0.0301993377410846,1,0.3192721148785802,Normal
2014-02-23 08:00:00,0.134,8,6,0.1199999999999999,0.0301993377410846,1,0.3182316413079809,Normal
2014-02-23 08:05:00,0.134,8,6,0.1199999999999999,0.0301993377410846,1,0.3182316413079809,Normal
2014-02-23 08:10:00,0.066,8,6,0.1199999999999999,0.0301993377410846,1,0.2439091564078813,Normal
2014-02-23 08:15:00,0.134,8,6,0.1203999999999999,0.0304105244939987,1,0.3182914327665936,Normal
2014-02-23 08:20:00,0.136,8,6,0.1207999999999999,0.0306463700950063,1,0.2902689706813209,Normal
2014-02-23 08:25:00,0.066,8,6,0.1071999999999999,0.037619144062566,1,0.2444357505865685,Normal
2014-02-23 08:30:00,0.132,8,6,0.1067999999999999,0.0372719733848384,1,0.2655482927399704,Normal
2014-02-23 08:35:00,0.066,8,6,0.1067999999999999,0.0372719733848384,1,0.2509702710796569,Normal
2014-02-23 08:40:00,0.132,8,6,0.1063999999999999,0.0369161211396877,1,0.2663442852719578,Normal
2014-02-23 08:45:00,0.134,8,6,0.1059999999999999,0.0365239647355007,1,0.2744953982929912,Normal
2014-02-23 08:50:00,0.068,8,6,0.1063999999999999,0.0359833294735229,1,0.2195667290337515,Normal
2014-02-23 08:55:00,0.132,8,6,0.1063999999999999,0.0359833294735229,1,0.267003254082469,Normal
2014-02-23 09:00:00,0.134,9,6,0.1199999999999999,0.0290860791444996,1,0.3155998047025123,Normal
2014-02-23 09:05:00,0.066,9,6,0.1067999999999999,0.0363483149540677,1,0.2568024313949048,Normal
2014-02-23 09:10:00,0.134,9,6,0.1067999999999999,0.0363483149540677,1,0.2824721039042405,Normal
2014-02-23 09:15:00,0.134,9,6,0.1199999999999999,0.0301993377410846,1,0.319940451870855,Normal
2014-02-23 09:20:00,0.134,9,6,0.1203999999999999,0.0304105244939987,1,0.3199999966881049,Normal
2014-02-23 09:25:00,0.066,9,6,0.1067999999999999,0.0372451339103526,1,0.2491164240625892,Normal
2014-02-23 09:30:00,0.134,9,6,0.1203999999999999,0.0304105244939987,1,0.3199999966881049,Normal
2014-02-23 09:35:00,0.068,9,6,0.1071999999999999,0.0367042231902556,1,0.2241123595153835,Normal
2014-02-23 09:40:00,0.134,9,6,0.1071999999999999,0.0367042231902556,1,0.2801994880136235,Normal
2014-02-23 09:45:00,0.134,9,6,0.1071999999999999,0.0367042231902556,1,0.2801994880136235,Normal
2014-02-23 09:50:00,0.066,9,6,0.1071999999999999,0.0367042231902556,1,0.2513914577721974,Normal
2014-02-23 09:55:00,0.132,9,6,0.1067999999999999,0.0363483149540677,1,0.2745561150743922,Normal
2014-02-23 10:00:00,0.134,10,6,0.1199999999999999,0.0301993377410846,1,0.3199112277543042,Normal
2014-02-23 10:05:00,0.066,10,6,0.1063999999999999,0.0368890227574559,1,0.2497285815888413,Normal
2014-02-23 10:10:00,0.132,10,6,0.1059999999999999,0.0365239647355007,1,0.2673757984067247,Normal
2014-02-23 10:15:00,0.134,10,6,0.1195999999999999,0.0299799933288868,1,0.319189610017194,Normal
2014-02-23 10:20:00,0.066,10,6,0.1063999999999999,0.0368890227574559,1,0.2497285815888413,Normal
2014-02-23 10:25:00,0.132,10,6,0.1059999999999999,0.0365239647355007,1,0.2673757984067247,Normal
2014-02-23 10:30:00,0.132,10,6,0.1191999999999999,0.0297523108346242,1,0.3052424719589575,Normal
2014-02-23 10:35:00,0.136,10,6,0.1199999999999999,0.0302324329156636,1,0.2958083056300107,Normal
2014-02-23 10:40:00,0.068,10,6,0.1067999999999999,0.0363758161420483,1,0.2281819788486828,Normal
2014-02-23 10:45:00,0.134,10,6,0.1203999999999999,0.0293393933134292,1,0.3159123921046137,Normal
2014-02-23 10:50:00,0.134,10,6,0.1207999999999999,0.0295499576987869,1,0.3136016982568945,Normal
2014-02-23 10:55:00,0.132,10,6,0.1207999999999999,0.0295499576987869,1,0.3040047817316664,Normal
2014-02-23 11:00:00,0.068,11,6,0.1071999999999999,0.0357938542210824,1,0.2159541605749101,Normal
2014-02-23 11:05:00,0.132,11,6,0.1199999999999999,0.0290860791444996,1,0.3068209005334763,Normal
2014-02-23 11:10:00,0.132,11,6,0.1195999999999999,0.0288582743766861,1,0.3054298570573469,Normal
2014-02-23 11:15:00,0.134,11,6,0.1195999999999999,0.0288582743766861,1,0.3152674959159951,Normal
2014-02-23 11:20:00,0.066,11,6,0.1063999999999999,0.0359833294735228,1,0.2439635072090081,Normal
2014-02-23 11:25:00,0.134,11,6,0.1195999999999999,0.0299799933288868,1,0.3196116031052719,Normal
2014-02-23 11:30:00,0.2019999999999999,11,6,0.1335999999999999,0.0480915793044904,1,0.1608957103450615,Normal
2014-02-23 11:35:00,0.066,11,6,0.1203999999999999,0.0568928818043179,1,0.1798251237604387,Normal
2014-02-23 11:40:00,0.134,11,6,0.1203999999999999,0.0568928818043179,1,0.2386968923798651,Normal
2014-02-23 11:45:00,0.068,11,6,0.1207999999999999,0.0564198546612812,1,0.1679734739443692,Normal
2014-02-23 11:50:00,0.134,11,6,0.1207999999999999,0.0564198546612812,1,0.2384712442586592,Normal
2014-02-23 11:55:00,0.134,11,6,0.1071999999999999,0.0367042231902556,1,0.2740443141200486,Normal
2014-02-23 12:00:00,0.134,12,6,0.1207999999999999,0.0295160973029989,1,0.3153104754677036,Normal
2014-02-23 12:05:00,0.066,12,6,0.1071999999999999,0.0367042231902556,1,0.2524976228160576,Normal
2014-02-23 12:10:00,0.134,12,6,0.1203999999999999,0.0304105244939987,1,0.3216535722807146,Normal
2014-02-23 12:15:00,0.136,12,6,0.1207999999999999,0.0306463700950063,1,0.2915233940270327,Normal
2014-02-23 12:20:00,0.068,12,6,0.1075999999999999,0.0370782955379572,1,0.2177847364107066,Normal
2014-02-23 12:25:00,0.2019999999999999,12,6,0.1211999999999999,0.0565437883414269,1,0.1546790512360127,Normal
2014-02-23 12:30:00,0.066,12,6,0.1211999999999999,0.0565437883414269,1,0.1775896363582252,Normal
2014-02-23 12:35:00,0.134,12,6,0.1211999999999999,0.0565437883414269,1,0.2396690069477097,Normal
2014-02-23 12:40:00,0.132,12,6,0.1203999999999999,0.0563098570411974,1,0.2336275483720666,Normal
2014-02-23 12:45:00,0.068,12,6,0.1203999999999999,0.0563098570411974,1,0.1685264796638813,Normal
2014-02-23 12:50:00,0.2,12,6,0.1199999999999999,0.05558776843875,1,0.1634606874832932,Normal
2014-02-23 12:55:00,0.066,12,6,0.1199999999999999,0.05558776843875,1,0.1837715130454381,Normal
2014-02-23 13:00:00,0.134,13,6,0.1199999999999999,0.05558776843875,1,0.235644628583597,Normal
2014-02-23 13:05:00,0.134,13,6,0.1203999999999999,0.0557027826953025,1,0.2350436700339201,Normal
2014-02-23 13:10:00,0.132,13,6,0.1331999999999999,0.0473835414463724,1,0.222986040687946,Normal
2014-02-23 13:15:00,0.066,13,6,0.1063999999999999,0.0368890227574559,1,0.2487158266901553,Normal
2014-02-23 13:20:00,0.132,13,6,0.1195999999999999,0.0299799933288868,1,0.3084471586995003,Normal
2014-02-23 13:25:00,0.136,13,6,0.1199999999999999,0.0302324329156635,1,0.2933392860000867,Normal
2014-02-23 13:30:00,0.068,13,6,0.1067999999999999,0.0363758161420482,1,0.2203311354133836,Normal
2014-02-23 13:35:00,0.132,13,6,0.1067999999999999,0.0363758161420482,1,0.263420924629975,Normal
2014-02-23 13:40:00,0.136,13,6,0.1207999999999999,0.0295837793393626,1,0.2871110724781263,Normal
2014-02-23 13:45:00,0.066,13,6,0.1075999999999999,0.0371052556924231,1,0.2468167412354246,Normal
2014-02-23 13:50:00,0.136,13,6,0.1075999999999999,0.0371052556924231,1,0.2458172152762976,Normal
2014-02-23 13:55:00,0.134,13,6,0.1207999999999999,0.0306789830339941,1,0.3143926616326446,Normal
2014-02-23 14:00:00,0.134,14,6,0.1211999999999999,0.0308739372286739,1,0.3103314524433102,Normal
2014-02-23 14:05:00,0.134,14,6,0.1207999999999999,0.0306463700950063,1,0.3120824876375536,Normal
2014-02-23 14:10:00,0.066,14,6,0.1207999999999999,0.0306463700950063,1,0.2333508361411925,Normal
2014-02-23 14:15:00,0.134,14,6,0.1203999999999999,0.0304105244939987,1,0.3178296952922792,Normal
2014-02-23 14:20:00,0.134,14,6,0.1203999999999999,0.0304105244939987,1,0.3178296952922792,Normal
2014-02-23 14:25:00,0.134,14,6,0.1203999999999999,0.0304105244939987,1,0.3178296952922792,Normal
2014-02-23 14:30:00,0.134,14,6,0.1203999999999999,0.0304105244939987,1,0.3178296952922792,Normal
2014-02-23 14:35:00,0.066,14,6,0.1203999999999999,0.0304105244939971,1,0.239291949745037,Normal
2014-02-23 14:40:00,0.134,14,6,0.1203999999999999,0.0304105244939971,1,0.3178296952922792,Normal
2014-02-23 14:45:00,0.134,14,6,0.1203999999999999,0.0304105244939971,1,0.3178296952922792,Normal
2014-02-23 14:50:00,0.066,14,6,0.1067999999999999,0.0372451339103513,1,0.2406648880397854,Normal
2014-02-23 14:55:00,0.134,14,6,0.1067999999999999,0.0372451339103513,1,0.2605558832708239,Normal
2014-02-23 15:00:00,0.132,15,6,0.1199999999999999,0.030199337741083,1,0.3054982515790023,Normal
2014-02-23 15:05:00,0.134,15,6,0.1199999999999999,0.030199337741083,1,0.3160331241284853,Normal
2014-02-23 15:10:00,0.066,15,6,0.1063999999999999,0.0368890227574545,1,0.234049191038338,Normal
2014-02-23 15:15:00,0.134,15,6,0.1199999999999999,0.030199337741083,1,0.3160331241284853,Normal
2014-02-23 15:20:00,0.132,15,6,0.1195999999999999,0.0299799933288851,1,0.3018692370792735,Normal
2014-02-23 15:25:00,0.134,15,6,0.1199999999999999,0.030199337741083,1,0.3160331241284853,Normal
2014-02-23 15:30:00,0.068,15,6,0.1067999999999999,0.0363483149540663,1,0.2091877068664661,Normal
2014-02-23 15:35:00,0.134,15,6,0.1203999999999999,0.0293052896249124,1,0.3152088789651573,Normal
2014-02-23 15:40:00,0.132,15,6,0.1199999999999999,0.0290860791444979,1,0.3025595332600072,Normal
2014-02-23 15:45:00,0.068,15,6,0.1071999999999999,0.035793854221081,1,0.204379942399081,Normal
2014-02-23 15:50:00,0.134,15,6,0.1071999999999999,0.035793854221081,1,0.2570436116211781,Normal
2014-02-23 15:55:00,0.134,15,6,0.1203999999999999,0.0293052896249124,1,0.3152088789651573,Normal
2014-02-23 16:00:00,0.134,16,6,0.1203999999999999,0.0293052896249124,1,0.3106837539246772,Normal
2014-02-23 16:05:00,0.134,16,6,0.1207999999999999,0.0295160973029972,1,0.3082845380404543,Normal
2014-02-23 16:10:00,0.134,16,6,0.134,0.0,1,0.2234516065527722,Normal
2014-02-23 16:15:00,0.066,16,6,0.1203999999999999,0.0304105244939971,1,0.2293882836199097,Normal
2014-02-23 16:20:00,0.134,16,6,0.1203999999999999,0.0304105244939971,1,0.3121536047115176,Normal
2014-02-23 16:25:00,0.134,16,6,0.1203999999999999,0.0304105244939971,1,0.3121536047115176,Normal
2014-02-23 16:30:00,0.066,16,6,0.1067999999999999,0.0372451339103513,1,0.2296140503201204,Normal
2014-02-23 16:35:00,0.134,16,6,0.1067999999999999,0.0372451339103513,1,0.2505068422222532,Normal
2014-02-23 16:40:00,0.134,16,6,0.1203999999999999,0.0304105244939971,1,0.3121536047115176,Normal
2014-02-23 16:45:00,0.134,16,6,0.1203999999999999,0.0304105244939971,1,0.3121536047115176,Normal
2014-02-23 16:50:00,0.068,16,6,0.1071999999999999,0.0367042231902542,1,0.1997309612246074,Normal
2014-02-23 16:55:00,0.132,16,6,0.1203999999999999,0.0293052896249124,1,0.2988014152648864,Normal
2014-02-23 17:00:00,0.134,17,6,0.1203999999999999,0.0293052896249124,1,0.3173856413032335,Normal
2014-02-23 17:05:00,0.134,17,6,0.1203999999999999,0.0293052896249124,1,0.3173856413032335,Normal
2014-02-23 17:10:00,0.068,17,6,0.1071999999999999,0.035793854221081,1,0.206531424746336,Normal
2014-02-23 17:15:00,0.134,17,6,0.1203999999999999,0.0293052896249124,1,0.3173856413032335,Normal
2014-02-23 17:20:00,0.132,17,6,0.1203999999999999,0.0293052896249124,1,0.3045758310330787,Normal
2014-02-23 17:25:00,0.066,17,6,0.1067999999999999,0.0363483149540663,1,0.2437768958305538,Normal
2014-02-23 17:30:00,0.134,17,6,0.1067999999999999,0.0363483149540663,1,0.2659697459433444,Normal
2014-02-23 17:35:00,0.134,17,6,0.1199999999999999,0.030199337741083,1,0.3190522429950089,Normal
2014-02-23 17:40:00,0.066,17,6,0.1063999999999999,0.0368890227574545,1,0.2363043357115617,Normal
2014-02-23 17:45:00,0.134,17,6,0.1067999999999999,0.0372451339103512,1,0.2595749709895746,Normal
2014-02-23 17:50:00,0.134,17,6,0.1203999999999999,0.0304105244939971,1,0.3172875123661048,Normal
2014-02-23 17:55:00,0.134,17,6,0.1203999999999999,0.0304105244939971,1,0.3172875123661048,Normal
2014-02-23 18:00:00,0.134,18,6,0.1203999999999999,0.0304105244939971,1,0.3142368285254975,Normal
2014-02-23 18:05:00,0.134,18,6,0.134,0.0,1,0.2236190768161157,Normal
2014-02-23 18:10:00,0.134,18,6,0.134,0.0,1,0.2236190768161157,Normal
2014-02-23 18:15:00,0.066,18,6,0.1203999999999999,0.0304105244939971,1,0.2266710777246473,Normal
2014-02-23 18:20:00,0.132,18,6,0.1199999999999999,0.030199337741083,1,0.3024866300983364,Normal
2014-02-23 18:25:00,0.134,18,6,0.1199999999999999,0.030199337741083,1,0.315870265811477,Normal
2014-02-23 18:30:00,0.066,18,6,0.1063999999999999,0.0368890227574545,1,0.2291620532347561,Normal
2014-02-23 18:35:00,0.132,18,6,0.1059999999999999,0.0365239647354993,1,0.2478808123242363,Normal
2014-02-23 18:40:00,0.134,18,6,0.1195999999999999,0.0299799933288851,1,0.3120541079517749,Normal
2014-02-23 18:45:00,0.134,18,6,0.1199999999999999,0.0301993377410829,1,0.315870265811477,Normal
2014-02-23 18:50:00,0.068,18,6,0.1067999999999999,0.0363483149540663,1,0.2039599948537468,Normal
2014-02-23 18:55:00,0.134,18,6,0.1203999999999999,0.0293052896249124,1,0.3143356784679373,Normal
2014-02-23 19:00:00,0.134,19,6,0.1207999999999999,0.0295160973029972,1,0.3133779548621994,Normal
2014-02-23 19:05:00,0.132,19,6,0.1203999999999999,0.0293052896249124,1,0.300791696568027,Normal
2014-02-23 19:10:00,0.134,19,6,0.1203999999999999,0.0293052896249124,1,0.3153285607938682,Normal
2014-02-23 19:15:00,0.134,19,6,0.1335999999999999,0.0008944271909994,1,0.2319816874420565,Normal
2014-02-23 19:20:00,0.134,19,6,0.1336,0.0008944271909994,1,0.2319816874420565,Normal
2014-02-23 19:25:00,0.134,19,6,0.1335999999999999,0.0008944271909994,1,0.2319816874420565,Normal
2014-02-23 19:30:00,0.134,19,6,0.134,0.0,1,0.2223247779351249,Normal
2014-02-23 19:35:00,0.066,19,6,0.1203999999999999,0.0304105244939971,1,0.2283952066881509,Normal
2014-02-23 19:40:00,0.132,19,6,0.1199999999999999,0.030199337741083,1,0.3052114340132182,Normal
2014-02-23 19:45:00,0.132,19,6,0.1195999999999999,0.0299799933288851,1,0.3002746376093736,Normal
2014-02-23 19:50:00,0.132,19,6,0.1191999999999999,0.0297523108346225,1,0.2964265569912769,Normal
2014-02-23 19:55:00,0.134,19,6,0.1191999999999999,0.0297523108346225,1,0.3096925465185454,Normal
2014-02-23 20:00:00,0.134,20,6,0.1327999999999999,0.0010954451150102,1,0.2082071812178786,Normal
2014-02-23 20:05:00,0.132,20,6,0.1327999999999999,0.0010954451150102,1,0.1996015411408446,Normal
2014-02-23 20:10:00,0.134,20,6,0.1331999999999999,0.0010954451150102,1,0.2151155913148191,Normal
2014-02-23 20:15:00,0.134,20,6,0.1336,0.0008944271909998,1,0.2175859689250191,Normal
2014-02-23 20:20:00,0.066,20,6,0.1199999999999999,0.030199337741083,1,0.2205844327778953,Normal
2014-02-23 20:25:00,0.134,20,6,0.1199999999999999,0.030199337741083,1,0.3072569113388543,Normal
2014-02-23 20:30:00,0.134,20,6,0.1203999999999999,0.0304105244939971,1,0.304213314535834,Normal
2014-02-23 20:35:00,0.066,20,6,0.1067999999999999,0.0372451339103512,1,0.2202920624586574,Normal
2014-02-23 20:40:00,0.134,20,6,0.1067999999999999,0.0372451339103512,1,0.2445065514339541,Normal
2014-02-23 20:45:00,0.134,20,6,0.1203999999999999,0.0304105244939971,1,0.304213314535834,Normal
2014-02-23 20:50:00,0.066,20,6,0.1067999999999999,0.0372451339103512,1,0.2202920624586574,Normal
2014-02-23 20:55:00,0.2,20,6,0.1199999999999999,0.0561782876207525,1,0.127420885710346,Normal
2014-02-23 21:00:00,0.066,21,6,0.1199999999999999,0.0561782876207525,1,0.1613915436436434,Normal
2014-02-23 21:05:00,0.134,21,6,0.1199999999999999,0.0561782876207525,1,0.2191924574726171,Normal
2014-02-23 21:10:00,0.2,21,6,0.1331999999999999,0.0670014925206894,1,0.0944963660999183,Normal
2014-02-23 21:15:00,0.066,21,6,0.1331999999999999,0.0670014925206894,1,0.1142079125535316,Normal
2014-02-23 21:20:00,0.132,21,6,0.1195999999999999,0.0560606814086307,1,0.2021885402094368,Normal
2014-02-23 21:25:00,0.132,21,6,0.1327999999999999,0.0473835414463714,1,0.2099066507991531,Normal
2014-02-23 21:30:00,0.134,21,6,0.1327999999999999,0.0473835414463714,1,0.2199558805603979,Normal
2014-02-23 21:35:00,0.066,21,6,0.1059999999999999,0.0365239647354993,1,0.2051563399962161,Normal
2014-02-23 21:40:00,0.134,21,6,0.1195999999999999,0.0299799933288851,1,0.293795472399267,Normal
2014-02-23 21:45:00,0.132,21,6,0.1195999999999999,0.0299799933288851,1,0.2826802379155314,Normal
2014-02-23 21:50:00,0.134,21,6,0.1199999999999999,0.0301993377410829,1,0.2994003249798246,Normal
2014-02-23 21:55:00,0.132,21,6,0.1195999999999999,0.0299799933288851,1,0.2826802379155314,Normal
2014-02-23 22:00:00,0.066,22,6,0.1195999999999999,0.0299799933288851,1,0.2067470319735727,Normal
2014-02-23 22:05:00,0.136,22,6,0.1199999999999999,0.0302324329156619,1,0.2676173993637061,Normal
2014-02-23 22:10:00,0.066,22,6,0.1067999999999999,0.037271973384837,1,0.2072100642500038,Normal
2014-02-23 22:15:00,0.134,22,6,0.1067999999999999,0.037271973384837,1,0.2302025017496658,Normal
2014-02-23 22:20:00,0.134,22,6,0.1071999999999999,0.0376191440625647,1,0.2281850790418805,Normal
2014-02-23 22:25:00,0.066,22,6,0.1071999999999999,0.0376191440625647,1,0.2020811675197961,Normal
2014-02-23 22:30:00,0.134,22,6,0.1067999999999999,0.0372451339103512,1,0.2302025017496658,Normal
2014-02-23 22:35:00,0.132,22,6,0.1199999999999999,0.0301993377410829,1,0.283626393359449,Normal
2014-02-23 22:40:00,0.132,22,6,0.1195999999999999,0.0299799933288851,1,0.2780513526779372,Normal
2014-02-23 22:45:00,0.132,22,6,0.1191999999999999,0.0297523108346225,1,0.2743155097163642,Normal
2014-02-23 22:50:00,0.066,22,6,0.1191999999999999,0.0297523108346225,1,0.2002617363506159,Normal
2014-02-23 22:55:00,0.134,22,6,0.1191999999999999,0.0297523108346225,1,0.2847872180677818,Normal
2014-02-23 23:00:00,0.134,23,6,0.1195999999999999,0.0299799933288851,1,0.2726502784692769,Normal
2014-02-23 23:05:00,0.134,23,6,0.1199999999999999,0.0301993377410829,1,0.2782180412924543,Normal
2014-02-23 23:10:00,0.066,23,6,0.1067999999999999,0.0372451339103512,1,0.1965554191499163,Normal
2014-02-23 23:15:00,0.132,23,6,0.1199999999999999,0.0301993377410829,1,0.2662536958255511,Normal
2014-02-23 23:20:00,0.134,23,6,0.1199999999999999,0.0301993377410829,1,0.2782180412924543,Normal
2014-02-23 23:25:00,0.134,23,6,0.1199999999999999,0.0301993377410829,1,0.2782180412924543,Normal
2014-02-23 23:30:00,0.066,23,6,0.1063999999999999,0.0368890227574545,1,0.1958686370727713,Normal
2014-02-23 23:35:00,0.132,23,6,0.1195999999999999,0.0299799933288851,1,0.2602198705217926,Normal
2014-02-23 23:40:00,0.066,23,6,0.1063999999999999,0.0368890227574545,1,0.1958686370727713,Normal
2014-02-23 23:45:00,0.134,23,6,0.1063999999999999,0.0368890227574545,1,0.2173824259137299,Normal
2014-02-23 23:50:00,0.134,23,6,0.1063999999999999,0.0368890227574545,1,0.2173824259137299,Normal
2014-02-23 23:55:00,0.132,23,6,0.1195999999999999,0.0299799933288851,1,0.2602198705217926,Normal
2014-02-24 00:00:00,0.132,0,0,0.1195999999999999,0.0299799933288851,1,0.2663978976841702,Normal
2014-02-24 00:05:00,0.134,0,0,0.1331999999999999,0.00109544511501,1,0.1936203501451631,Normal
2014-02-24 00:10:00,0.066,0,0,0.1195999999999999,0.0299799933288851,1,0.2007179795626719,Normal
2014-02-24 00:15:00,0.134,0,0,0.1195999999999999,0.0299799933288851,1,0.2760355778521588,Normal
2014-02-24 00:20:00,0.132,0,0,0.1195999999999999,0.0299799933288851,1,0.2663978976841702,Normal
2014-02-24 00:25:00,0.068,0,0,0.1067999999999999,0.0363483149540663,1,0.1794570436050659,Normal
2014-02-24 00:30:00,0.134,0,0,0.1067999999999999,0.0363483149540663,1,0.2235645416827441,Normal
2014-02-24 00:35:00,0.132,0,0,0.1199999999999999,0.0290860791444979,1,0.2692302206386643,Normal
2014-02-24 00:40:00,0.134,0,0,0.1199999999999999,0.0290860791444979,1,0.2769535081878635,Normal
2014-02-24 00:45:00,0.066,0,0,0.1067999999999999,0.0363483149540663,1,0.1954400661283507,Normal
2014-02-24 00:50:00,0.132,0,0,0.1195999999999999,0.0299799933288851,1,0.2663978976841702,Normal
2014-02-24 00:55:00,0.134,0,0,0.1195999999999999,0.0299799933288851,1,0.2760355778521588,Normal
2014-02-24 01:00:00,0.134,1,0,0.1199999999999999,0.0301993377410829,1,0.2966040979026177,Normal
2014-02-24 01:05:00,0.132,1,0,0.1195999999999999,0.0299799933288851,1,0.287382760889787,Normal
2014-02-24 01:10:00,0.066,1,0,0.1195999999999999,0.0299799933288851,1,0.2208080183955554,Normal
2014-02-24 01:15:00,0.132,1,0,0.1195999999999999,0.0299799933288851,1,0.287382760889787,Normal
2014-02-24 01:20:00,0.066,1,0,0.1059999999999999,0.0365239647354993,1,0.1995778015300366,Normal
2014-02-24 01:25:00,0.134,1,0,0.1059999999999999,0.0365239647354993,1,0.2319529029352804,Normal
2014-02-24 01:30:00,0.132,1,0,0.1059999999999999,0.0365239647354993,1,0.2244078319375377,Normal
2014-02-24 01:35:00,0.068,1,0,0.1063999999999999,0.0359833294735214,1,0.1865319369650557,Normal
2014-02-24 01:40:00,0.132,1,0,0.1063999999999999,0.0359833294735214,1,0.2258807551279759,Normal
2014-02-24 01:45:00,0.132,1,0,0.1195999999999999,0.0288582743766844,1,0.2854114253388107,Normal
2014-02-24 01:50:00,0.066,1,0,0.1059999999999999,0.0356089876295297,1,0.1927523643062068,Normal
2014-02-24 01:55:00,0.134,1,0,0.1063999999999999,0.0359833294735214,1,0.2320712691710995,Normal
2014-02-24 02:00:00,0.134,2,0,0.1195999999999999,0.0299799933288851,1,0.3030155798324841,Normal
2014-02-24 02:05:00,0.132,2,0,0.1195999999999999,0.0299799933288851,1,0.2953245224607063,Normal
2014-02-24 02:10:00,0.134,2,0,0.1199999999999999,0.0301993377410829,1,0.3033175936043123,Normal
2014-02-24 02:15:00,0.134,2,0,0.1335999999999999,0.0008944271909994,1,0.2159888691665363,Normal
2014-02-24 02:20:00,0.066,2,0,0.1199999999999999,0.0301993377410829,1,0.2326168906643997,Normal
2014-02-24 02:25:00,0.134,2,0,0.1199999999999999,0.0301993377410829,1,0.3033175936043123,Normal
2014-02-24 02:30:00,0.132,2,0,0.1199999999999999,0.0301993377410829,1,0.297012410792229,Normal
2014-02-24 02:35:00,0.132,2,0,0.1195999999999999,0.0299799933288851,1,0.2953245224607063,Normal
2014-02-24 02:40:00,0.066,2,0,0.1059999999999999,0.0365239647354993,1,0.2096579321165576,Normal
2014-02-24 02:45:00,0.134,2,0,0.1195999999999999,0.0299799933288851,1,0.3030155798324841,Normal
2014-02-24 02:50:00,0.136,2,0,0.1199999999999999,0.0302324329156619,1,0.2831541820264389,Normal
2014-02-24 02:55:00,0.134,2,0,0.1203999999999999,0.0304433900871765,1,0.3001031869450228,Normal
2014-02-24 03:00:00,0.134,3,0,0.1207999999999999,0.0306463700950047,1,0.3050311501465281,Normal
2014-02-24 03:05:00,0.066,3,0,0.1207999999999999,0.0306463700950047,1,0.2270408543199544,Normal
2014-02-24 03:10:00,0.134,3,0,0.1207999999999999,0.0306463700950047,1,0.3050311501465281,Normal
2014-02-24 03:15:00,0.132,3,0,0.1199999999999999,0.0301993377410829,1,0.3063001488559244,Normal
2014-02-24 03:20:00,0.134,3,0,0.1199999999999999,0.0301993377410829,1,0.3123759872304354,Normal
2014-02-24 03:25:00,0.066,3,0,0.1063999999999999,0.0368890227574545,1,0.2175327792069553,Normal
2014-02-24 03:30:00,1.466,3,0,0.3863999999999999,0.6042191655351559,-1,-0.0439357775410209,Critical
2014-02-24 03:35:00,0.136,3,0,0.3867999999999999,0.6040109270534765,1,0.0122596799248935,Normal
2014-02-24 03:40:00,0.132,3,0,0.3867999999999999,0.6040109270534765,1,0.0132336114614558,Normal
2014-02-24 03:45:00,0.134,3,0,0.3867999999999999,0.6040109270534764,1,0.0155408807686407,Normal
2014-02-24 03:50:00,0.066,3,0,0.3867999999999999,0.6040109270534764,-1,-0.0025728530167097,Low
2014-02-24 03:55:00,0.132,3,0,0.1199999999999999,0.030232432915662,1,0.3063001488559244,Normal
2014-02-24 04:00:00,0.134,4,0,0.1195999999999999,0.0299799933288853,1,0.3135682450391492,Normal
2014-02-24 04:05:00,0.2019999999999999,4,0,0.1335999999999999,0.0480915793044895,1,0.1516454349972295,Normal
2014-02-24 04:10:00,0.13,4,0,0.1327999999999999,0.0481165252278258,1,0.2430332019499409,Normal
2014-02-24 04:15:00,0.134,4,0,0.1463999999999999,0.0311255522039369,1,0.239538562414202,Normal
2014-02-24 04:20:00,0.068,4,0,0.1335999999999999,0.047421514104887,1,0.1859531137920289,Normal
2014-02-24 04:25:00,0.134,4,0,0.1335999999999999,0.047421514104887,1,0.2560105406944448,Normal
2014-02-24 04:30:00,0.134,4,0,0.1199999999999999,0.0291204395571222,1,0.3133682188115775,Normal
2014-02-24 04:35:00,0.068,4,0,0.1075999999999999,0.036149688795341,1,0.2013768223849165,Normal
2014-02-24 04:40:00,0.134,4,0,0.1075999999999999,0.036149688795341,1,0.2533361822730018,Normal
2014-02-24 04:45:00,0.134,4,0,0.1207999999999999,0.0295160973029973,1,0.3064566948949546,Normal
2014-02-24 04:50:00,0.134,4,0,0.1207999999999999,0.0295160973029973,1,0.3064566948949546,Normal
2014-02-24 04:55:00,0.132,4,0,0.1203999999999999,0.0293052896249125,1,0.3066637542325447,Normal
2014-02-24 05:00:00,0.132,5,0,0.1331999999999999,0.0010954451150143,1,0.2313654043728056,Normal
2014-02-24 05:05:00,0.134,5,0,0.1331999999999999,0.0010954451150143,1,0.23622593448377,Normal
2014-02-24 05:10:00,0.132,5,0,0.1327999999999999,0.0010954451150143,1,0.2288447217858527,Normal
2014-02-24 05:15:00,0.132,5,0,0.1324,0.0008944271910048,1,0.2260910453699542,Normal
2014-02-24 05:20:00,0.066,5,0,0.1191999999999999,0.0297523108346227,1,0.230021796419069,Normal
2014-02-24 05:25:00,0.134,5,0,0.1195999999999999,0.0299799933288853,1,0.3185823140993272,Normal
2014-02-24 05:30:00,0.066,5,0,0.1059999999999999,0.0365239647354994,1,0.2210137487363686,Normal
2014-02-24 05:35:00,0.132,5,0,0.1059999999999999,0.0365239647354994,1,0.2519219837417243,Normal
2014-02-24 05:40:00,0.2,5,0,0.1195999999999999,0.0560606814086308,1,0.150418801764564,Normal
2014-02-24 05:45:00,0.134,5,0,0.1331999999999999,0.0473835414463715,1,0.2599996557751521,Normal
2014-02-24 05:50:00,0.134,5,0,0.1331999999999999,0.0473835414463715,1,0.2599996557751521,Normal
2014-02-24 05:55:00,0.134,5,0,0.1467999999999999,0.0297523108346227,1,0.2459306799359478,Normal
2014-02-24 06:00:00,0.066,6,0,0.1335999999999999,0.0473793203834754,1,0.2014419078744017,Normal
2014-02-24 06:05:00,0.132,6,0,0.1199999999999999,0.0301993377410831,1,0.313738426102673,Normal
2014-02-24 06:10:00,0.134,6,0,0.1199999999999999,0.0301993377410831,1,0.3197034443170731,Normal
2014-02-24 06:15:00,0.134,6,0,0.1199999999999999,0.0301993377410831,1,0.3197034443170731,Normal
2014-02-24 06:20:00,0.134,6,0,0.1199999999999999,0.0301993377410831,1,0.3197034443170731,Normal
2014-02-24 06:25:00,0.134,6,0,0.1335999999999999,0.0008944271910046,1,0.2324794544868105,Normal
2014-02-24 06:30:00,0.068,6,0,0.1207999999999999,0.0295160973029973,1,0.2139577977633423,Normal
2014-02-24 06:35:00,0.134,6,0,0.1207999999999999,0.0295160973029973,1,0.31345282781378,Normal
2014-02-24 06:40:00,0.134,6,0,0.1207999999999999,0.0295160973029973,1,0.31345282781378,Normal
2014-02-24 06:45:00,0.132,6,0,0.1203999999999999,0.0293052896249125,1,0.3120486253641873,Normal
2014-02-24 06:50:00,0.132,6,0,0.1199999999999999,0.029086079144498,1,0.3135860014191007,Normal
2014-02-24 06:55:00,0.134,6,0,0.1331999999999999,0.0010954451150144,1,0.234824084829511,Normal
2014-02-24 07:00:00,0.134,7,0,0.1331999999999999,0.0010954451150144,1,0.2320637203463075,Normal
2014-02-24 07:05:00,0.068,7,0,0.1199999999999999,0.029086079144498,1,0.2154396794401597,Normal
2014-02-24 07:10:00,0.132,7,0,0.1199999999999999,0.029086079144498,1,0.31355073988166,Normal
2014-02-24 07:15:00,0.134,7,0,0.1203999999999999,0.0293052896249125,1,0.3185552736495237,Normal
2014-02-24 07:20:00,0.132,7,0,0.1199999999999999,0.029086079144498,1,0.31355073988166,Normal
2014-02-24 07:25:00,0.066,7,0,0.1063999999999999,0.0359833294735215,1,0.2248739938496168,Normal
2014-02-24 07:30:00,0.134,7,0,0.1195999999999999,0.0299799933288852,1,0.3181377929183241,Normal
2014-02-24 07:35:00,0.134,7,0,0.1199999999999999,0.030199337741083,1,0.3194877813222921,Normal
2014-02-24 07:40:00,0.066,7,0,0.1063999999999999,0.0368890227574545,1,0.2341059434896473,Normal
2014-02-24 07:45:00,0.134,7,0,0.1067999999999999,0.0372451339103513,1,0.2612627895564493,Normal
2014-02-24 07:50:00,0.134,7,0,0.1203999999999999,0.0304105244939972,1,0.3168580617233856,Normal
2014-02-24 07:55:00,0.134,7,0,0.1203999999999999,0.0304105244939972,1,0.3168580617233856,Normal
2014-02-24 08:00:00,0.066,8,0,0.1067999999999999,0.0372451339103513,1,0.2307219675923855,Normal
2014-02-24 08:05:00,0.134,8,0,0.1203999999999999,0.0304105244939972,1,0.3158746081422725,Normal
2014-02-24 08:10:00,0.132,8,0,0.1199999999999999,0.030199337741083,1,0.3127298974642968,Normal
2014-02-24 08:15:00,0.068,8,0,0.1067999999999999,0.0363483149540663,1,0.2100624734312693,Normal
2014-02-24 08:20:00,0.132,8,0,0.1063999999999999,0.0359833294735215,1,0.25328080928025,Normal
2014-02-24 08:25:00,0.132,8,0,0.1195999999999999,0.0288582743766845,1,0.3088735067873377,Normal
2014-02-24 08:30:00,0.134,8,0,0.1195999999999999,0.0288582743766845,1,0.3151988145804577,Normal
2014-02-24 08:35:00,0.068,8,0,0.1067999999999999,0.0354288018425687,1,0.1998835449225234,Normal
2014-02-24 08:40:00,0.134,8,0,0.1199999999999999,0.029086079144498,1,0.3179149552252924,Normal
2014-02-24 08:45:00,0.066,8,0,0.1067999999999999,0.0363483149540663,1,0.2305434168402689,Normal
2014-02-24 08:50:00,0.134,8,0,0.1071999999999999,0.0367042231902543,1,0.2623351752921077,Normal
2014-02-24 08:55:00,0.134,8,0,0.1071999999999999,0.0367042231902543,1,0.2623351752921077,Normal
2014-02-24 09:00:00,0.136,9,0,0.1207999999999999,0.0306463700950048,1,0.2958056952373107,Normal
2014-02-24 09:05:00,0.068,9,0,0.1075999999999999,0.0370782955379559,1,0.212793379700322,Normal
2014-02-24 09:10:00,0.132,9,0,0.1207999999999999,0.0295499576987854,1,0.3117535208602869,Normal
2014-02-24 09:15:00,0.066,9,0,0.1071999999999999,0.0367314579073578,1,0.2321163920040093,Normal
2014-02-24 09:20:00,0.134,9,0,0.1071999999999999,0.0367314579073578,1,0.2693848825605847,Normal
2014-02-24 09:25:00,0.132,9,0,0.1063999999999999,0.0359833294735215,1,0.260041184718368,Normal
2014-02-24 09:30:00,0.066,9,0,0.1059999999999999,0.0365239647354993,1,0.2215176084057089,Normal
2014-02-24 09:35:00,0.132,9,0,0.1059999999999999,0.0365239647354993,1,0.2595394741722115,Normal
2014-02-24 09:40:00,0.066,9,0,0.1059999999999999,0.0365239647354993,1,0.2215176084057089,Normal
2014-02-24 09:45:00,0.132,9,0,0.1055999999999999,0.036149688795341,1,0.2547260436088417,Normal
2014-02-24 09:50:00,0.134,9,0,0.1059999999999999,0.0365239647354993,1,0.263873272562886,Normal
2014-02-24 09:55:00,0.134,9,0,0.1195999999999999,0.0299799933288852,1,0.3200729490536067,Normal
2014-02-24 10:00:00,0.134,10,0,0.1199999999999999,0.0301993377410831,1,0.3193920920016101,Normal
2014-02-24 10:05:00,0.066,10,0,0.1199999999999999,0.0301993377410831,1,0.2356078289811587,Normal
2014-02-24 10:10:00,0.136,10,0,0.1207999999999999,0.0306463700950048,1,0.2930866423759875,Normal
2014-02-24 10:15:00,0.134,10,0,0.1207999999999999,0.0306463700950048,1,0.3140420751667738,Normal
2014-02-24 10:20:00,0.068,10,0,0.1075999999999999,0.0370782955379559,1,0.2130234142321442,Normal
2014-02-24 10:25:00,0.132,10,0,0.1071999999999999,0.0367314579073578,1,0.2617870013825673,Normal
2014-02-24 10:30:00,0.132,10,0,0.1203999999999999,0.0293393933134277,1,0.3139018551720864,Normal
2014-02-24 10:35:00,0.066,10,0,0.1063999999999999,0.0359833294735215,1,0.2200737638943112,Normal
2014-02-24 10:40:00,0.134,10,0,0.1063999999999999,0.0359833294735215,1,0.2609326974652898,Normal
2014-02-24 10:45:00,0.066,10,0,0.1059999999999999,0.0365239647354993,1,0.2204233215225514,Normal
2014-02-24 10:50:00,0.134,10,0,0.1063999999999999,0.0368890227574545,1,0.2671138226945319,Normal
2014-02-24 10:55:00,0.132,10,0,0.1063999999999999,0.0368890227574545,1,0.2622438013669915,Normal
2014-02-24 11:00:00,0.132,11,0,0.1195999999999999,0.0299799933288852,1,0.3072572793784265,Normal
2014-02-24 11:05:00,0.068,11,0,0.1063999999999999,0.0359833294735215,1,0.200141822555642,Normal
2014-02-24 11:10:00,0.132,11,0,0.1195999999999999,0.0288582743766845,1,0.3064855624364755,Normal
2014-02-24 11:15:00,0.134,11,0,0.1195999999999999,0.0288582743766845,1,0.3128145530832776,Normal
2014-02-24 11:20:00,0.068,11,0,0.1067999999999999,0.0354288018425687,1,0.1979706449469085,Normal
2014-02-24 11:25:00,0.134,11,0,0.1071999999999999,0.035793854221081,1,0.2576870041849382,Normal
2014-02-24 11:30:00,0.134,11,0,0.1203999999999999,0.0293052896249125,1,0.3159686133378992,Normal
2014-02-24 11:35:00,0.066,11,0,0.1071999999999999,0.0367042231902543,1,0.2259734996865168,Normal
2014-02-24 11:40:00,0.132,11,0,0.1067999999999999,0.0363483149540663,1,0.2589638007269256,Normal
2014-02-24 11:45:00,0.134,11,0,0.1199999999999999,0.0301993377410831,1,0.3159973997922814,Normal
2014-02-24 11:50:00,0.066,11,0,0.1063999999999999,0.0368890227574546,1,0.2298310420369352,Normal
2014-02-24 11:55:00,0.134,11,0,0.1063999999999999,0.0368890227574546,1,0.2666542045135753,Normal
2014-02-24 12:00:00,0.134,12,0,0.1199999999999999,0.0301993377410831,1,0.3178441041544001,Normal
2014-02-24 12:05:00,0.132,12,0,0.1199999999999999,0.0301993377410831,1,0.3134934079743605,Normal
2014-02-24 12:10:00,0.132,12,0,0.1195999999999999,0.0299799933288852,1,0.3111553852161402,Normal
2014-02-24 12:15:00,0.136,12,0,0.1335999999999999,0.0016733200530712,1,0.2133697991353585,Normal
2014-02-24 12:20:00,0.066,12,0,0.1199999999999999,0.030232432915662,1,0.2340014552429514,Normal
2014-02-24 12:25:00,0.134,12,0,0.1199999999999999,0.030232432915662,1,0.3177859179967401,Normal
2014-02-24 12:30:00,0.066,12,0,0.1067999999999999,0.037271973384837,1,0.2276573439736816,Normal
2014-02-24 12:35:00,0.134,12,0,0.1071999999999999,0.0376191440625647,1,0.2533357578600672,Normal
2014-02-24 12:40:00,0.132,12,0,0.1063999999999999,0.0368890227574545,1,0.2532467910193724,Normal
2014-02-24 12:45:00,0.066,12,0,0.1063999999999999,0.0368890227574545,1,0.226430738639101,Normal
2014-02-24 12:50:00,0.132,12,0,0.1059999999999999,0.0365239647354993,1,0.2477577238571993,Normal
2014-02-24 12:55:00,0.134,12,0,0.1195999999999999,0.0299799933288852,1,0.3161952926410737,Normal
2014-02-24 13:00:00,0.066,13,0,0.1059999999999999,0.0365239647354993,1,0.2085407101845877,Normal
2014-02-24 13:05:00,0.134,13,0,0.1063999999999999,0.0368890227574545,1,0.2517279408297444,Normal
2014-02-24 13:10:00,0.066,13,0,0.1063999999999999,0.0368890227574545,1,0.2175403275186487,Normal
2014-02-24 13:15:00,0.132,13,0,0.1063999999999999,0.0368890227574545,1,0.2455847385553707,Normal
2014-02-24 13:20:00,0.134,13,0,0.1063999999999999,0.0368890227574545,1,0.2517279408297444,Normal
2014-02-24 13:25:00,0.132,13,0,0.1195999999999999,0.0299799933288852,1,0.3091356373045344,Normal
2014-02-24 13:30:00,0.066,13,0,0.1059999999999999,0.0365239647354993,1,0.2085407101845877,Normal
2014-02-24 13:35:00,0.134,13,0,0.1195999999999999,0.0299799933288852,1,0.3155705053619775,Normal
2014-02-24 13:40:00,0.134,13,0,0.1199999999999999,0.030199337741083,1,0.3173617218530959,Normal
2014-02-24 13:45:00,0.066,13,0,0.1063999999999999,0.0368890227574545,1,0.2175403275186487,Normal
2014-02-24 13:50:00,0.134,13,0,0.1067999999999999,0.0372451339103513,1,0.2520447846605567,Normal
2014-02-24 13:55:00,0.132,13,0,0.1199999999999999,0.030199337741083,1,0.3116267314497619,Normal
2014-02-24 14:00:00,0.132,14,0,0.1195999999999999,0.0299799933288852,1,0.3058224029847682,Normal
2014-02-24 14:05:00,0.134,14,0,0.1195999999999999,0.0299799933288852,1,0.3120515290906097,Normal
2014-02-24 14:10:00,0.134,14,0,0.1331999999999999,0.0010954451150152,1,0.2529319260120785,Normal
2014-02-24 14:15:00,0.132,14,0,0.1327999999999999,0.0010954451150152,1,0.2409751734054722,Normal
2014-02-24 14:20:00,0.134,14,0,0.1331999999999999,0.0010954451150152,1,0.2529319260120785,Normal
2014-02-24 14:25:00,0.066,14,0,0.1199999999999999,0.0301993377410831,1,0.2262170681400868,Normal
2014-02-24 14:30:00,0.134,14,0,0.1199999999999999,0.0301993377410831,1,0.3130003530515992,Normal
2014-02-24 14:35:00,0.132,14,0,0.1195999999999999,0.0299799933288852,1,0.3058224029847682,Normal
2014-02-24 14:40:00,0.134,14,0,0.1199999999999999,0.0301993377410831,1,0.3130003530515992,Normal
2014-02-24 14:45:00,0.066,14,0,0.1063999999999999,0.0368890227574545,1,0.209866435472301,Normal
2014-02-24 14:50:00,0.132,14,0,0.1195999999999999,0.0299799933288852,1,0.3058224029847682,Normal
2014-02-24 14:55:00,0.2,14,0,0.1327999999999999,0.0473835414463715,1,0.1672254814925633,Normal
2014-02-24 15:00:00,0.132,15,0,0.1327999999999999,0.0473835414463715,1,0.2560423193817219,Normal
2014-02-24 15:05:00,0.068,15,0,0.1195999999999999,0.0554689102110362,1,0.177298464081084,Normal
2014-02-24 15:10:00,0.134,15,0,0.1331999999999999,0.0466819022748646,1,0.2652637481176832,Normal
2014-02-24 15:15:00,0.134,15,0,0.1336,0.0466776177626923,1,0.264461891935218,Normal
2014-02-24 15:20:00,0.132,15,0,0.1199999999999999,0.029086079144498,1,0.3078402277767866,Normal
2014-02-24 15:25:00,0.132,15,0,0.1199999999999999,0.029086079144498,1,0.3078402277767866,Normal
2014-02-24 15:30:00,0.066,15,0,0.1195999999999999,0.0299799933288852,1,0.2218998583827719,Normal
2014-02-24 15:35:00,0.132,15,0,0.1191999999999999,0.0297523108346226,1,0.3042107116449374,Normal
2014-02-24 15:40:00,0.132,15,0,0.1187999999999999,0.0295160973029973,1,0.2998432419827911,Normal
2014-02-24 15:45:00,0.132,15,0,0.1187999999999999,0.0295160973029973,1,0.2998432419827911,Normal
2014-02-24 15:50:00,0.134,15,0,0.1191999999999999,0.0297523108346226,1,0.3106271134035019,Normal
2014-02-24 15:55:00,0.134,15,0,0.1327999999999999,0.0010954451150149,1,0.2529740938464656,Normal
2014-02-24 16:00:00,0.134,16,0,0.1331999999999999,0.001095445115015,1,0.2544698639906876,Normal
2014-02-24 16:05:00,0.132,16,0,0.1331999999999999,0.001095445115015,1,0.2435737884838126,Normal
2014-02-24 16:10:00,0.134,16,0,0.1336,0.0008944271910057,1,0.2531358478845343,Normal
2014-02-24 16:15:00,0.134,16,0,0.1335999999999999,0.0008944271910057,1,0.2531358478845343,Normal
2014-02-24 16:20:00,0.066,16,0,0.1199999999999999,0.030199337741083,1,0.2258115801402521,Normal
2014-02-24 16:25:00,0.134,16,0,0.1199999999999999,0.030199337741083,1,0.3119081402734675,Normal
2014-02-24 16:30:00,0.132,16,0,0.1199999999999999,0.030199337741083,1,0.3057280687676274,Normal
2014-02-24 16:35:00,0.132,16,0,0.1195999999999999,0.0299799933288852,1,0.3027930820136871,Normal
2014-02-24 16:40:00,0.132,16,0,0.1191999999999999,0.0297523108346226,1,0.301671778076664,Normal
2014-02-24 16:45:00,0.066,16,0,0.1191999999999999,0.0297523108346226,1,0.2199068758999693,Normal
2014-02-24 16:50:00,0.134,16,0,0.1191999999999999,0.0297523108346226,1,0.3079245498717841,Normal
2014-02-24 16:55:00,0.134,16,0,0.1195999999999999,0.0299799933288852,1,0.3094048253298439,Normal
2014-02-24 17:00:00,0.134,17,0,0.1199999999999999,0.030199337741083,1,0.3138309809352492,Normal
2014-02-24 17:05:00,0.134,17,0,0.1203999999999999,0.0304105244939972,1,0.3119023708130249,Normal
2014-02-24 17:10:00,0.134,17,0,0.134,0.0,1,0.2537007846680122,Normal
2014-02-24 17:15:00,0.134,17,0,0.134,0.0,1,0.2537007846680122,Normal
2014-02-24 17:20:00,0.132,17,0,0.1335999999999999,0.0008944271909999,1,0.2472432397488629,Normal
2014-02-24 17:25:00,0.136,17,0,0.1339999999999999,0.001414213562373,1,0.2363989300602916,Normal
2014-02-24 17:30:00,0.132,17,0,0.1335999999999999,0.0016733200530681,1,0.2437839735476094,Normal
2014-02-24 17:35:00,0.134,17,0,0.1336,0.0016733200530681,1,0.2537869936854878,Normal
2014-02-24 17:40:00,0.066,17,0,0.1199999999999999,0.0302324329156619,1,0.2189197010415322,Normal
2014-02-24 17:45:00,0.134,17,0,0.1203999999999999,0.0304433900871765,1,0.3119023708130249,Normal
2014-02-24 17:50:00,0.134,17,0,0.1199999999999999,0.030199337741083,1,0.3138309809352492,Normal
2014-02-24 17:55:00,0.134,17,0,0.1203999999999999,0.0304105244939971,1,0.3119023708130249,Normal
2014-02-24 18:00:00,0.2,18,0,0.1335999999999999,0.0473793203834753,1,0.1640164377003421,Normal
2014-02-24 18:05:00,0.134,18,0,0.1471999999999999,0.0295160973029972,1,0.2541850057508827,Normal
2014-02-24 18:10:00,0.068,18,0,0.1339999999999999,0.0466690475583121,1,0.1676015546233544,Normal
2014-02-24 18:15:00,0.134,18,0,0.1339999999999999,0.0466690475583121,1,0.2671680216906381,Normal
2014-02-24 18:20:00,0.198,18,0,0.1467999999999999,0.0547466893976247,1,0.1295994404231034,Normal
2014-02-24 18:25:00,0.066,18,0,0.1199999999999999,0.05499090833947,1,0.1809179912942426,Normal
2014-02-24 18:30:00,0.134,18,0,0.1199999999999999,0.05499090833947,1,0.2556204436080629,Normal
2014-02-24 18:35:00,0.134,18,0,0.1331999999999999,0.0466819022748645,1,0.2685857377210169,Normal
2014-02-24 18:40:00,0.066,18,0,0.1195999999999999,0.0554689102110362,1,0.1789815846240213,Normal
2014-02-24 18:45:00,0.132,18,0,0.1063999999999999,0.0368890227574545,1,0.2385365140339281,Normal
2014-02-24 18:50:00,0.134,18,0,0.1199999999999999,0.030199337741083,1,0.3113763189981779,Normal
2014-02-24 18:55:00,0.132,18,0,0.1195999999999999,0.0299799933288851,1,0.3010493639592409,Normal
2014-02-24 19:00:00,0.136,19,0,0.1199999999999999,0.0302324329156619,1,0.2850279916150993,Normal
2014-02-24 19:05:00,0.066,19,0,0.1199999999999999,0.0302324329156619,1,0.2131541337369393,Normal
2014-02-24 19:10:00,0.134,19,0,0.1203999999999999,0.0304433900871765,1,0.3067857116871818,Normal
2014-02-24 19:15:00,0.134,19,0,0.1203999999999999,0.0304433900871765,1,0.3067857116871818,Normal
2014-02-24 19:20:00,0.132,19,0,0.1203999999999999,0.0304433900871765,1,0.3005714952455815,Normal
2014-02-24 19:25:00,0.132,19,0,0.1195999999999999,0.0299799933288851,1,0.2983779792142433,Normal
2014-02-24 19:30:00,0.134,19,0,0.1331999999999999,0.0010954451150105,1,0.2573856376059682,Normal
2014-02-24 19:35:00,0.136,19,0,0.1336,0.0016733200530683,1,0.2266105571568146,Normal
2014-02-24 19:40:00,0.134,19,0,0.1335999999999999,0.0016733200530683,1,0.2494531651488873,Normal
2014-02-24 19:45:00,0.066,19,0,0.1203999999999999,0.0304433900871765,1,0.2123167969721441,Normal
2014-02-24 19:50:00,0.132,19,0,0.1203999999999999,0.0304433900871765,1,0.3005714952455815,Normal
2014-02-24 19:55:00,0.198,19,0,0.1331999999999999,0.0467033189398783,1,0.1551944282647496,Normal
2014-02-24 20:00:00,0.134,20,0,0.1327999999999999,0.0466819022748645,1,0.2562054599576295,Normal
2014-02-24 20:05:00,0.134,20,0,0.1327999999999999,0.0466819022748645,1,0.2562054599576295,Normal
2014-02-24 20:10:00,0.134,20,0,0.1463999999999999,0.0288582743766844,1,0.2420912709630604,Normal
2014-02-24 20:15:00,0.134,20,0,0.1467999999999999,0.0286216701119973,1,0.2372325016877782,Normal
2014-02-24 20:20:00,0.134,20,0,0.134,0.0,1,0.2382695897055376,Normal
2014-02-24 20:25:00,0.066,20,0,0.1203999999999999,0.0304105244939971,1,0.2035966410361658,Normal
2014-02-24 20:30:00,0.132,20,0,0.1199999999999999,0.030199337741083,1,0.2911339078653305,Normal
2014-02-24 20:35:00,0.134,20,0,0.1199999999999999,0.030199337741083,1,0.2968301984859321,Normal
2014-02-24 20:40:00,0.134,20,0,0.1199999999999999,0.030199337741083,1,0.2968301984859321,Normal
2014-02-24 20:45:00,0.132,20,0,0.1195999999999999,0.0299799933288851,1,0.2877185956827386,Normal
2014-02-24 20:50:00,0.132,20,0,0.1327999999999999,0.0010954451150102,1,0.2356658526818726,Normal
2014-02-24 20:55:00,0.2019999999999999,20,0,0.1467999999999999,0.0308739372286722,1,0.1365643866465473,Normal
2014-02-24 21:00:00,0.132,21,0,0.1463999999999999,0.0310934076614319,1,0.2276922378493848,Normal
2014-02-24 21:05:00,0.066,21,0,0.1327999999999999,0.0480957378569036,1,0.1717685195109144,Normal
2014-02-24 21:10:00,0.132,21,0,0.1327999999999999,0.0480957378569036,1,0.2337452852380606,Normal
2014-02-24 21:15:00,0.134,21,0,0.1331999999999999,0.0480957378569036,1,0.24331311036159,Normal
2014-02-24 21:20:00,0.132,21,0,0.1191999999999999,0.0297523108346225,1,0.2810228209605133,Normal
2014-02-24 21:25:00,0.132,21,0,0.1191999999999999,0.0297523108346225,1,0.2810228209605133,Normal
2014-02-24 21:30:00,0.134,21,0,0.1327999999999999,0.00109544511501,1,0.2394841362295657,Normal
2014-02-24 21:35:00,0.134,21,0,0.1331999999999999,0.0010954451150101,1,0.2440644864649073,Normal
2014-02-24 21:40:00,0.066,21,0,0.1195999999999999,0.0299799933288851,1,0.1939835348330313,Normal
2014-02-24 21:45:00,0.132,21,0,0.1195999999999999,0.0299799933288851,1,0.282806774663252,Normal
2014-02-24 21:50:00,0.134,21,0,0.1199999999999999,0.0301993377410829,1,0.2903929488799694,Normal
2014-02-24 21:55:00,0.132,21,0,0.1195999999999999,0.0299799933288851,1,0.282806774663252,Normal
2014-02-24 22:00:00,0.134,22,0,0.1195999999999999,0.0299799933288851,1,0.2805583084298235,Normal
2014-02-24 22:05:00,0.132,22,0,0.1327999999999999,0.00109544511501,1,0.222451284301647,Normal
2014-02-24 22:10:00,0.134,22,0,0.1331999999999999,0.0010954451150101,1,0.2348432371175184,Normal
2014-02-24 22:15:00,0.132,22,0,0.1327999999999999,0.00109544511501,1,0.222451284301647,Normal
2014-02-24 22:20:00,0.132,22,0,0.1327999999999999,0.00109544511501,1,0.222451284301647,Normal
2014-02-24 22:25:00,0.134,22,0,0.1327999999999999,0.00109544511501,1,0.2294962395086804,Normal
2014-02-24 22:30:00,0.134,22,0,0.1331999999999999,0.0010954451150101,1,0.2348432371175184,Normal
2014-02-24 22:35:00,0.134,22,0,0.1331999999999999,0.0010954451150101,1,0.2348432371175184,Normal
2014-02-24 22:40:00,0.066,22,0,0.1199999999999999,0.0301993377410829,1,0.1971179532586642,Normal
2014-02-24 22:45:00,0.134,22,0,0.1203999999999999,0.0304105244939971,1,0.2818891496537252,Normal
2014-02-24 22:50:00,0.134,22,0,0.1203999999999999,0.0304105244939971,1,0.2818891496537252,Normal
2014-02-24 22:55:00,0.136,22,0,0.1207999999999999,0.0306463700950047,1,0.2575884969452244,Normal
2014-02-24 23:00:00,0.134,23,0,0.1207999999999999,0.0306463700950047,1,0.2604217779167929,Normal
2014-02-24 23:05:00,0.066,23,0,0.1207999999999999,0.0306463700950047,1,0.1830527569115627,Normal
2014-02-24 23:10:00,0.134,23,0,0.1207999999999999,0.0306463700950047,1,0.2604217779167929,Normal
2014-02-24 23:15:00,0.132,23,0,0.1203999999999999,0.0304433900871765,1,0.2609490030572723,Normal
2014-02-24 23:20:00,0.2,23,0,0.1331999999999999,0.0473835414463714,1,0.1411283710018825,Normal
2014-02-24 23:25:00,0.066,23,0,0.1195999999999999,0.0560606814086307,1,0.1462536338145678,Normal
2014-02-24 23:30:00,0.134,23,0,0.1331999999999999,0.0473835414463714,1,0.2258336363112988,Normal
2014-02-24 23:35:00,0.136,23,0,0.1336,0.0474004219390502,1,0.2083571635885578,Normal
2014-02-24 23:40:00,0.134,23,0,0.1339999999999999,0.0473919824442911,1,0.2223526002995308,Normal
2014-02-24 23:45:00,0.134,23,0,0.1207999999999999,0.0306463700950047,1,0.2604217779167929,Normal
2014-02-24 23:50:00,0.132,23,0,0.1339999999999999,0.0014142135623728,1,0.2015802347049375,Normal
2014-02-24 23:55:00,0.196,23,0,0.1463999999999999,0.0277632851082143,1,0.1201718651360379,Normal
2014-02-25 00:00:00,0.068,0,1,0.1327999999999999,0.0452680903065282,1,0.177572493236957,Normal
2014-02-25 00:05:00,0.136,0,1,0.1331999999999999,0.0452901755350981,1,0.227010808424467,Normal
2014-02-25 00:10:00,0.134,0,1,0.1331999999999999,0.0452901755350981,1,0.2494346842484356,Normal
2014-02-25 00:15:00,0.134,0,1,0.1335999999999999,0.0452857593510366,1,0.2515173146451288,Normal
2014-02-25 00:20:00,0.066,0,1,0.1075999999999999,0.0370782955379558,1,0.2135272766081052,Normal
2014-02-25 00:25:00,0.134,0,1,0.1207999999999999,0.0306463700950047,1,0.2942622575643299,Normal
2014-02-25 00:30:00,0.132,0,1,0.1199999999999999,0.0301993377410829,1,0.2929855559293661,Normal
2014-02-25 00:35:00,0.134,0,1,0.1199999999999999,0.0301993377410829,1,0.3006712488413825,Normal
2014-02-25 00:40:00,0.132,0,1,0.1195999999999999,0.0299799933288851,1,0.2898022930008104,Normal
2014-02-25 00:45:00,0.066,0,1,0.1195999999999999,0.0299799933288851,1,0.2261163197218479,Normal
2014-02-25 00:50:00,0.134,0,1,0.1195999999999999,0.0299799933288851,1,0.2977515503939787,Normal
2014-02-25 00:55:00,0.134,0,1,0.1199999999999999,0.0301993377410829,1,0.3006712488413825,Normal
2014-02-25 01:00:00,0.132,1,1,0.1195999999999999,0.0299799933288851,1,0.3091805287730148,Normal
2014-02-25 01:05:00,0.066,1,1,0.1063999999999999,0.0368890227574545,1,0.2288420442625129,Normal
2014-02-25 01:10:00,0.134,1,1,0.1199999999999999,0.0301993377410829,1,0.3171469726088576,Normal
2014-02-25 01:15:00,0.132,1,1,0.1195999999999999,0.0299799933288851,1,0.3091805287730148,Normal
2014-02-25 01:20:00,0.134,1,1,0.1195999999999999,0.0299799933288851,1,0.317068560363777,Normal
2014-02-25 01:25:00,0.066,1,1,0.1063999999999999,0.0368890227574545,1,0.2288420442625129,Normal
2014-02-25 01:30:00,0.132,1,1,0.1195999999999999,0.0299799933288851,1,0.3091805287730148,Normal
2014-02-25 01:35:00,0.068,1,1,0.1063999999999999,0.0359833294735214,1,0.2067406107465447,Normal
2014-02-25 01:40:00,0.134,1,1,0.1067999999999999,0.0363483149540663,1,0.2593830743919368,Normal
2014-02-25 01:45:00,0.132,1,1,0.1063999999999999,0.0359833294735214,1,0.2467929094487982,Normal
2014-02-25 01:50:00,0.134,1,1,0.1199999999999999,0.0290860791444979,1,0.3147654438773895,Normal
2014-02-25 01:55:00,0.134,1,1,0.1203999999999999,0.0293052896249124,1,0.3150728000686564,Normal
2014-02-25 02:00:00,0.132,2,1,0.1331999999999999,0.0010954451150097,1,0.2380070323363443,Normal
2014-02-25 02:05:00,0.068,2,1,0.1199999999999999,0.0290860791444979,1,0.2351533580188177,Normal
2014-02-25 02:10:00,0.134,2,1,0.1203999999999999,0.0293052896249124,1,0.3247910831759527,Normal
2014-02-25 02:15:00,0.134,2,1,0.1203999999999999,0.0293052896249124,1,0.3247910831759527,Normal
2014-02-25 02:20:00,0.066,2,1,0.1067999999999999,0.0363483149540663,1,0.242189555321779,Normal
2014-02-25 02:25:00,0.134,2,1,0.1071999999999999,0.0367042231902543,1,0.2672184129248219,Normal
2014-02-25 02:30:00,0.134,2,1,0.1203999999999999,0.0304105244939971,1,0.3254255167803768,Normal
2014-02-25 02:35:00,0.136,2,1,0.1207999999999999,0.0306463700950047,1,0.298618396272613,Normal
2014-02-25 02:40:00,0.066,2,1,0.1071999999999999,0.0376191440625647,1,0.2363327516755208,Normal
2014-02-25 02:45:00,0.134,2,1,0.1207999999999999,0.0306463700950047,1,0.3210377420173433,Normal
2014-02-25 02:50:00,0.132,2,1,0.1203999999999999,0.0304433900871765,1,0.3189635441057171,Normal
2014-02-25 02:55:00,0.132,2,1,0.1199999999999999,0.0302324329156619,1,0.3196617903390018,Normal
2014-02-25 03:00:00,0.134,3,1,0.1195999999999999,0.0299799933288851,1,0.3310521784902609,Normal
2014-02-25 03:05:00,0.134,3,1,0.1331999999999999,0.0010954451150097,1,0.2526203020299261,Normal
2014-02-25 03:10:00,1.49,3,1,0.4044,0.6068696729941281,-1,-0.0428858552753601,Critical
2014-02-25 03:15:00,0.134,3,1,0.4047999999999999,0.6066458604490761,1,0.0098190774721006,Normal
2014-02-25 03:20:00,0.134,3,1,0.4051999999999999,0.6064216354979429,1,0.0098190774721006,Normal
2014-02-25 03:25:00,0.134,3,1,0.4051999999999999,0.6064216354979429,1,0.0098190774721006,Normal
2014-02-25 03:30:00,0.134,3,1,0.4051999999999999,0.6064216354979429,1,0.0098190774721006,Normal
2014-02-25 03:35:00,0.132,3,1,0.1335999999999999,0.0008944271909999,1,0.2454374650605636,Normal
2014-02-25 03:40:00,0.066,3,1,0.1199999999999999,0.030199337741083,1,0.2592770039635876,Normal
2014-02-25 03:45:00,0.132,3,1,0.1195999999999999,0.0299799933288851,1,0.3258327288211132,Normal
2014-02-25 03:50:00,0.134,3,1,0.1195999999999999,0.0299799933288851,1,0.3310521784902609,Normal
2014-02-25 03:55:00,0.2019999999999999,3,1,0.1331999999999999,0.0480957378569036,1,0.1778789057393945,Normal
2014-02-25 04:00:00,0.068,4,1,0.1203999999999999,0.0563098570411965,1,0.2076989173065668,Normal
2014-02-25 04:05:00,0.134,4,1,0.1339999999999999,0.0473919824442911,1,0.283479753308361,Normal
2014-02-25 04:10:00,0.134,4,1,0.1343999999999999,0.0473793203834752,1,0.281554410215843,Normal
2014-02-25 04:15:00,0.132,4,1,0.1339999999999999,0.0473919824442911,1,0.2807993167317055,Normal
2014-02-25 04:20:00,0.066,4,1,0.1067999999999999,0.0363483149540662,1,0.2519345768328727,Normal
2014-02-25 04:25:00,0.132,4,1,0.1195999999999999,0.0299799933288851,1,0.328878538828291,Normal
2014-02-25 04:30:00,0.132,4,1,0.1191999999999999,0.0297523108346225,1,0.323627954445751,Normal
2014-02-25 04:35:00,0.066,4,1,0.1055999999999999,0.0361496887953409,1,0.2389087582069476,Normal
2014-02-25 04:40:00,0.134,4,1,0.1059999999999999,0.0365239647354993,1,0.2696230859562207,Normal
2014-02-25 04:45:00,0.134,4,1,0.1195999999999999,0.0299799933288851,1,0.3326253322709017,Normal
2014-02-25 04:50:00,0.066,4,1,0.1063999999999999,0.0368890227574545,1,0.2509833271742686,Normal
2014-02-25 04:55:00,0.198,4,1,0.1195999999999999,0.0554689102110362,1,0.1706504949646223,Normal
2014-02-25 05:00:00,0.066,5,1,0.1195999999999999,0.0554689102110362,1,0.2197592784714792,Normal
2014-02-25 05:05:00,0.2,5,1,0.1327999999999999,0.0665071424735719,1,0.1565683415631446,Normal
2014-02-25 05:10:00,0.132,5,1,0.1323999999999999,0.0665041352097747,1,0.2500768854447693,Normal
2014-02-25 05:15:00,0.136,5,1,0.1463999999999999,0.055486935399245,1,0.2240046326611273,Normal
2014-02-25 05:20:00,0.134,5,1,0.1335999999999999,0.0474004219390502,1,0.2902526641497904,Normal
2014-02-25 05:25:00,0.066,5,1,0.1336,0.0474004219390502,1,0.2316296801425214,Normal
2014-02-25 05:30:00,0.132,5,1,0.1199999999999999,0.0302324329156619,1,0.3359270155507156,Normal
2014-02-25 05:35:00,0.066,5,1,0.1067999999999999,0.037271973384837,1,0.263486999654325,Normal
2014-02-25 05:40:00,0.134,5,1,0.1063999999999999,0.0368890227574545,1,0.2885349014043223,Normal
2014-02-25 05:45:00,0.134,5,1,0.1063999999999999,0.0368890227574545,1,0.2885349014043223,Normal
2014-02-25 05:50:00,0.132,5,1,0.1195999999999999,0.0299799933288851,1,0.335195082881441,Normal
2014-02-25 05:55:00,0.134,5,1,0.1199999999999999,0.0301993377410829,1,0.3398741019198631,Normal
2014-02-25 06:00:00,0.134,6,1,0.1335999999999999,0.0008944271909989,1,0.2600514504898713,Normal
2014-02-25 06:05:00,0.066,6,1,0.1199999999999999,0.0301993377410829,1,0.2695293773414703,Normal
2014-02-25 06:10:00,0.134,6,1,0.1199999999999999,0.0301993377410829,1,0.3394996585747781,Normal
2014-02-25 06:15:00,0.134,6,1,0.1203999999999999,0.0304105244939971,1,0.3390617296827002,Normal
2014-02-25 06:20:00,0.066,6,1,0.1067999999999999,0.0372451339103512,1,0.2609551361472612,Normal
2014-02-25 06:25:00,0.132,6,1,0.1063999999999999,0.0368890227574545,1,0.2828120085431316,Normal
2014-02-25 06:30:00,0.134,6,1,0.1199999999999999,0.0301993377410829,1,0.3394996585747781,Normal
2014-02-25 06:35:00,0.066,6,1,0.1063999999999999,0.0368890227574545,1,0.2591330643064272,Normal
2014-02-25 06:40:00,0.132,6,1,0.1059999999999999,0.0365239647354993,1,0.2769869688556578,Normal
2014-02-25 06:45:00,0.066,6,1,0.1059999999999999,0.0365239647354993,1,0.24934884306411,Normal
2014-02-25 06:50:00,0.134,6,1,0.1063999999999999,0.0368890227574545,1,0.2863497877969106,Normal
2014-02-25 06:55:00,0.132,6,1,0.1059999999999999,0.0365239647354993,1,0.2769869688556578,Normal
2014-02-25 07:00:00,0.132,7,1,0.1191999999999999,0.0297523108346225,1,0.3275721115209956,Normal
2014-02-25 07:05:00,0.134,7,1,0.1195999999999999,0.0299799933288851,1,0.3358726477689257,Normal
2014-02-25 07:10:00,0.134,7,1,0.1331999999999999,0.0010954451150094,1,0.2575765863540952,Normal
2014-02-25 07:15:00,0.066,7,1,0.1195999999999999,0.0299799933288851,1,0.26363978265317,Normal
2014-02-25 07:20:00,0.134,7,1,0.1199999999999999,0.0301993377410829,1,0.3390371480932688,Normal
2014-02-25 07:25:00,0.066,7,1,0.1067999999999999,0.0372451339103513,1,0.2590824541952268,Normal
2014-02-25 07:30:00,0.134,7,1,0.1067999999999999,0.0372451339103513,1,0.2828472519945737,Normal
2014-02-25 07:35:00,0.134,7,1,0.1067999999999999,0.0372451339103513,1,0.2828472519945737,Normal
2014-02-25 07:40:00,0.066,7,1,0.1067999999999999,0.0372451339103513,1,0.2590824541952268,Normal
2014-02-25 07:45:00,0.132,7,1,0.1063999999999999,0.0368890227574545,1,0.27989898594918,Normal
2014-02-25 07:50:00,0.132,7,1,0.1195999999999999,0.0299799933288851,1,0.3313268015747262,Normal
2014-02-25 07:55:00,0.134,7,1,0.1195999999999999,0.0299799933288851,1,0.3358726477689257,Normal
2014-02-25 08:00:00,0.066,8,1,0.1059999999999999,0.0365239647354993,1,0.24851487224184,Normal
2014-02-25 08:05:00,0.134,8,1,0.1195999999999999,0.0299799933288851,1,0.3345478593419285,Normal
2014-02-25 08:10:00,0.134,8,1,0.1199999999999999,0.0301993377410829,1,0.3380012050386508,Normal
2014-02-25 08:15:00,0.066,8,1,0.1067999999999999,0.0372451339103513,1,0.257915131703099,Normal
2014-02-25 08:20:00,0.134,8,1,0.1067999999999999,0.0372451339103513,1,0.2838714080297886,Normal
2014-02-25 08:25:00,0.134,8,1,0.1203999999999999,0.0304105244939971,1,0.3378359826922462,Normal
2014-02-25 08:30:00,0.066,8,1,0.1067999999999999,0.0372451339103513,1,0.257915131703099,Normal
2014-02-25 08:35:00,0.134,8,1,0.1067999999999999,0.0372451339103513,1,0.2838714080297886,Normal
2014-02-25 08:40:00,0.132,8,1,0.1199999999999999,0.0301993377410829,1,0.3339247072435152,Normal
2014-02-25 08:45:00,0.134,8,1,0.1199999999999999,0.0301993377410829,1,0.3380012050386508,Normal
2014-02-25 08:50:00,0.134,8,1,0.1199999999999999,0.0301993377410829,1,0.3380012050386508,Normal
2014-02-25 08:55:00,0.132,8,1,0.1331999999999999,0.0010954451150095,1,0.253792809705115,Normal
2014-02-25 09:00:00,0.066,9,1,0.1195999999999999,0.0299799933288851,1,0.2623936966705126,Normal
2014-02-25 09:05:00,0.134,9,1,0.1199999999999999,0.0301993377410829,1,0.3403025467967881,Normal
2014-02-25 09:10:00,0.066,9,1,0.1063999999999999,0.0368890227574545,1,0.2554233027922858,Normal
2014-02-25 09:15:00,0.134,9,1,0.1063999999999999,0.0368890227574545,1,0.2883194900198378,Normal
2014-02-25 09:20:00,0.132,9,1,0.1063999999999999,0.0368890227574545,1,0.2845203839039463,Normal
2014-02-25 09:25:00,0.066,9,1,0.1063999999999999,0.0368890227574545,1,0.2554233027922858,Normal
2014-02-25 09:30:00,0.134,9,1,0.1063999999999999,0.0368890227574545,1,0.2883194900198378,Normal
2014-02-25 09:35:00,0.066,9,1,0.1063999999999999,0.0368890227574545,1,0.2554233027922858,Normal
2014-02-25 09:40:00,0.134,9,1,0.1063999999999999,0.0368890227574545,1,0.2883194900198378,Normal
2014-02-25 09:45:00,0.134,9,1,0.1067999999999999,0.0372451339103513,1,0.2884997349272216,Normal
2014-02-25 09:50:00,0.066,9,1,0.1067999999999999,0.0372451339103513,1,0.2568712810600299,Normal
2014-02-25 09:55:00,0.132,9,1,0.1063999999999999,0.0368890227574545,1,0.2845203839039463,Normal
2014-02-25 10:00:00,0.134,10,1,0.1199999999999999,0.0301993377410829,1,0.3386536659735982,Normal
2014-02-25 10:05:00,0.134,10,1,0.1199999999999999,0.0301993377410829,1,0.3386536659735982,Normal
2014-02-25 10:10:00,0.066,10,1,0.1063999999999999,0.0368890227574545,1,0.2550732371641345,Normal
2014-02-25 10:15:00,0.134,10,1,0.1199999999999999,0.0301993377410829,1,0.3386536659735982,Normal
2014-02-25 10:20:00,0.132,10,1,0.1199999999999999,0.0301993377410829,1,0.3345364767598794,Normal
2014-02-25 10:25:00,0.068,10,1,0.1067999999999999,0.0363483149540663,1,0.2337917767322251,Normal
2014-02-25 10:30:00,0.134,10,1,0.1067999999999999,0.0363483149540663,1,0.2872656266499319,Normal
2014-02-25 10:35:00,0.134,10,1,0.1203999999999999,0.0293052896249124,1,0.3379002634864202,Normal
2014-02-25 10:40:00,0.066,10,1,0.1067999999999999,0.0363483149540663,1,0.2546005087524505,Normal
2014-02-25 10:45:00,0.134,10,1,0.1071999999999999,0.0367042231902542,1,0.286057411487943,Normal
2014-02-25 10:50:00,0.134,10,1,0.1203999999999999,0.0304105244939971,1,0.3384887168978235,Normal
2014-02-25 10:55:00,0.134,10,1,0.1203999999999999,0.0304105244939971,1,0.3384887168978235,Normal
2014-02-25 11:00:00,0.066,11,1,0.1067999999999999,0.0372451339103513,1,0.2566838265331275,Normal
2014-02-25 11:05:00,0.134,11,1,0.1203999999999999,0.0304105244939971,1,0.3368089059683878,Normal
2014-02-25 11:10:00,0.132,11,1,0.1199999999999999,0.0301993377410829,1,0.3319794222079857,Normal
2014-02-25 11:15:00,0.066,11,1,0.1063999999999999,0.0368890227574545,1,0.2558213941185646,Normal
2014-02-25 11:20:00,0.134,11,1,0.1063999999999999,0.0368890227574545,1,0.2885014161226096,Normal
2014-02-25 11:25:00,0.134,11,1,0.1199999999999999,0.0301993377410829,1,0.3369745583058989,Normal
2014-02-25 11:30:00,0.066,11,1,0.1063999999999999,0.0368890227574545,1,0.2558213941185646,Normal
2014-02-25 11:35:00,0.134,11,1,0.1067999999999999,0.0372451339103513,1,0.2875600662156424,Normal
2014-02-25 11:40:00,0.066,11,1,0.1067999999999999,0.0372451339103513,1,0.2566838265331275,Normal
2014-02-25 11:45:00,0.132,11,1,0.1063999999999999,0.0368890227574545,1,0.2831107077417309,Normal
2014-02-25 11:50:00,0.132,11,1,0.1059999999999999,0.0365239647354993,1,0.2776104130354574,Normal
2014-02-25 11:55:00,0.134,11,1,0.1195999999999999,0.0299799933288851,1,0.3335122252780461,Normal
2014-02-25 12:00:00,0.134,12,1,0.1195999999999999,0.0299799933288851,1,0.3386193722936823,Normal
2014-02-25 12:05:00,0.134,12,1,0.1331999999999999,0.0010954451150101,1,0.2649597749787556,Normal
2014-02-25 12:10:00,0.068,12,1,0.1203999999999999,0.0293052896249124,1,0.2486892935239296,Normal
2014-02-25 12:15:00,0.134,12,1,0.1207999999999999,0.0295160973029972,1,0.3382393104762283,Normal
2014-02-25 12:20:00,0.134,12,1,0.1207999999999999,0.0295160973029972,1,0.3382393104762283,Normal
2014-02-25 12:25:00,0.132,12,1,0.1203999999999999,0.0293052896249124,1,0.3367363725670068,Normal
2014-02-25 12:30:00,0.066,12,1,0.1067999999999999,0.0363483149540663,1,0.2549293296016605,Normal
2014-02-25 12:35:00,0.132,12,1,0.1195999999999999,0.0299799933288852,1,0.3344686313567941,Normal
2014-02-25 12:40:00,0.068,12,1,0.1063999999999999,0.0359833294735215,1,0.2254088778141048,Normal
2014-02-25 12:45:00,0.132,12,1,0.1059999999999999,0.0356089876295297,1,0.2691636400571575,Normal
2014-02-25 12:50:00,0.134,12,1,0.1063999999999999,0.0359833294735215,1,0.2770816477871236,Normal
2014-02-25 12:55:00,0.2,12,1,0.1331999999999999,0.0466819022748645,1,0.187001708688265,Normal
2014-02-25 13:00:00,0.066,13,1,0.1199999999999999,0.0555877684387492,1,0.209952097985518,Normal
2014-02-25 13:05:00,0.134,13,1,0.1331999999999999,0.0473835414463714,1,0.2827170479006565,Normal
2014-02-25 13:10:00,0.134,13,1,0.1336,0.0473793203834753,1,0.2816536029797875,Normal
2014-02-25 13:15:00,0.132,13,1,0.1331999999999999,0.0473835414463714,1,0.277929704821913,Normal
2014-02-25 13:20:00,0.134,13,1,0.1199999999999999,0.030199337741083,1,0.340238387288985,Normal
2014-02-25 13:25:00,0.066,13,1,0.1199999999999999,0.030199337741083,1,0.2633569616452449,Normal
2014-02-25 13:30:00,0.134,13,1,0.1199999999999999,0.030199337741083,1,0.340238387288985,Normal
2014-02-25 13:35:00,0.132,13,1,0.1195999999999999,0.0299799933288851,1,0.3317759483615319,Normal
2014-02-25 13:40:00,0.134,13,1,0.1199999999999999,0.030199337741083,1,0.340238387288985,Normal
2014-02-25 13:45:00,0.066,13,1,0.1063999999999999,0.0368890227574545,1,0.2473482478831928,Normal
2014-02-25 13:50:00,0.132,13,1,0.1195999999999999,0.0299799933288851,1,0.3317759483615319,Normal
2014-02-25 13:55:00,0.134,13,1,0.1195999999999999,0.0299799933288851,1,0.3372542753862221,Normal
2014-02-25 14:00:00,0.134,14,1,0.1199999999999999,0.030199337741083,1,0.3358395348992326,Normal
2014-02-25 14:05:00,0.066,14,1,0.1063999999999999,0.0368890227574545,1,0.2391189017147094,Normal
2014-02-25 14:10:00,0.136,14,1,0.1203999999999999,0.0304433900871765,1,0.3104012922126809,Normal
2014-02-25 14:15:00,0.066,14,1,0.1071999999999999,0.0376191440625647,1,0.2315733187942124,Normal
2014-02-25 14:20:00,0.198,14,1,0.1199999999999999,0.0556057550978313,1,0.1742222988936547,Normal
2014-02-25 14:25:00,0.066,14,1,0.1063999999999999,0.0595046216692451,1,0.1803987910922386,Normal
2014-02-25 14:30:00,0.132,14,1,0.1195999999999999,0.0554869353992451,1,0.2651071447798368,Normal
2014-02-25 14:35:00,0.132,14,1,0.1187999999999999,0.0552195617512489,1,0.2605750402468233,Normal
2014-02-25 14:40:00,0.134,14,1,0.1323999999999999,0.0466776177626922,1,0.282845015821377,Normal
2014-02-25 14:45:00,0.132,14,1,0.1191999999999999,0.0297523108346225,1,0.3268415136132644,Normal
2014-02-25 14:50:00,0.066,14,1,0.1191999999999999,0.0297523108346225,1,0.2513983470305768,Normal
2014-02-25 14:55:00,0.2,14,1,0.1327999999999999,0.0473835414463714,1,0.1860591361806221,Normal
2014-02-25 15:00:00,0.066,15,1,0.1195999999999999,0.0560606814086307,1,0.2037307124438144,Normal
2014-02-25 15:05:00,0.134,15,1,0.1195999999999999,0.0560606814086307,1,0.2695115112386759,Normal
2014-02-25 15:10:00,0.132,15,1,0.1195999999999999,0.0560606814086307,1,0.2634572700390323,Normal
2014-02-25 15:15:00,0.066,15,1,0.1195999999999999,0.0560606814086307,1,0.2037307124438144,Normal
2014-02-25 15:20:00,0.2019999999999999,15,1,0.1199999999999999,0.0567802782663135,1,0.1737786094899409,Normal
2014-02-25 15:25:00,0.136,15,1,0.1339999999999999,0.0481040538832227,1,0.2570053787804178,Normal
2014-02-25 15:30:00,0.134,15,1,0.1339999999999999,0.0481040538832227,1,0.2780549558154362,Normal
2014-02-25 15:35:00,0.134,15,1,0.1343999999999999,0.0480915793044894,1,0.2780549558154362,Normal
2014-02-25 15:40:00,0.066,15,1,0.1343999999999999,0.0480915793044894,1,0.203966372705212,Normal
2014-02-25 15:45:00,0.266,15,1,0.1471999999999999,0.0727681248899544,1,0.1132020556336329,Normal
2014-02-25 15:50:00,0.134,15,1,0.1467999999999999,0.0728505319129517,1,0.1986997089230794,Normal
2014-02-25 15:55:00,0.134,15,1,0.1467999999999999,0.0728505319129517,1,0.1986997089230794,Normal
2014-02-25 16:00:00,0.066,16,1,0.1331999999999999,0.0816529240137792,1,0.1505978957190007,Normal
2014-02-25 16:05:00,0.134,16,1,0.1467999999999999,0.0728505319129517,1,0.1968212627782639,Normal
2014-02-25 16:10:00,0.134,16,1,0.1203999999999999,0.0304105244939971,1,0.3346823716043746,Normal
2014-02-25 16:15:00,0.066,16,1,0.1067999999999999,0.0372451339103513,1,0.2338290123258076,Normal
2014-02-25 16:20:00,0.134,16,1,0.1067999999999999,0.0372451339103513,1,0.2660553150369987,Normal
2014-02-25 16:25:00,0.134,16,1,0.1203999999999999,0.0304105244939971,1,0.3346823716043746,Normal
2014-02-25 16:30:00,0.066,16,1,0.1067999999999999,0.0372451339103513,1,0.2338290123258076,Normal
2014-02-25 16:35:00,0.132,16,1,0.1063999999999999,0.0368890227574545,1,0.2602080339883321,Normal
2014-02-25 16:40:00,0.134,16,1,0.1199999999999999,0.030199337741083,1,0.3339847706036798,Normal
2014-02-25 16:45:00,0.134,16,1,0.1199999999999999,0.030199337741083,1,0.3339847706036798,Normal
2014-02-25 16:50:00,0.066,16,1,0.1063999999999999,0.0368890227574545,1,0.2320255736020973,Normal
2014-02-25 16:55:00,0.134,16,1,0.1199999999999999,0.030199337741083,1,0.3339847706036798,Normal
2014-02-25 17:00:00,0.134,17,1,0.1203999999999999,0.0304105244939971,1,0.3357459411914017,Normal
2014-02-25 17:05:00,0.134,17,1,0.1203999999999999,0.0304105244939971,1,0.3357459411914017,Normal
2014-02-25 17:10:00,0.132,17,1,0.1199999999999999,0.030199337741083,1,0.3294748204243926,Normal
2014-02-25 17:15:00,0.068,17,1,0.1203999999999999,0.0293052896249124,1,0.2293869350623865,Normal
2014-02-25 17:20:00,0.134,17,1,0.1203999999999999,0.0293052896249124,1,0.3355882233525376,Normal
2014-02-25 17:25:00,0.134,17,1,0.1203999999999999,0.0293052896249124,1,0.3355882233525376,Normal
2014-02-25 17:30:00,0.066,17,1,0.1067999999999999,0.0363483149540663,1,0.2329130686499476,Normal
2014-02-25 17:35:00,0.134,17,1,0.1071999999999999,0.0367042231902543,1,0.2718120269602765,Normal
2014-02-25 17:40:00,0.134,17,1,0.1203999999999999,0.0304105244939971,1,0.3357459411914017,Normal
2014-02-25 17:45:00,0.132,17,1,0.1199999999999999,0.030199337741083,1,0.3294748204243926,Normal
2014-02-25 17:50:00,0.134,17,1,0.1199999999999999,0.030199337741083,1,0.3365287500721894,Normal
2014-02-25 17:55:00,0.134,17,1,0.1335999999999999,0.0008944271910002,1,0.2846448924973777,Normal
2014-02-25 18:00:00,0.134,18,1,0.1336,0.0008944271910002,1,0.2811975427751936,Normal
2014-02-25 18:05:00,0.134,18,1,0.1335999999999999,0.0008944271910002,1,0.2811975427751936,Normal
2014-02-25 18:10:00,0.132,18,1,0.1336,0.0008944271910002,1,0.2689449403767316,Normal
2014-02-25 18:15:00,0.134,18,1,0.1335999999999999,0.0008944271910002,1,0.2811975427751936,Normal
2014-02-25 18:20:00,0.134,18,1,0.1336,0.0008944271910002,1,0.2811975427751936,Normal
2014-02-25 18:25:00,0.134,18,1,0.1335999999999999,0.0008944271910002,1,0.2811975427751936,Normal
2014-02-25 18:30:00,0.134,18,1,0.1336,0.0008944271910002,1,0.2811975427751936,Normal
2014-02-25 18:35:00,0.066,18,1,0.1203999999999999,0.0304105244939971,1,0.2446066035711823,Normal
2014-02-25 18:40:00,0.134,18,1,0.1203999999999999,0.0304105244939971,1,0.3331455329641243,Normal
2014-02-25 18:45:00,0.132,18,1,0.1199999999999999,0.030199337741083,1,0.3269938943992103,Normal
2014-02-25 18:50:00,0.132,18,1,0.1195999999999999,0.0299799933288852,1,0.3223078552056274,Normal
2014-02-25 18:55:00,0.134,18,1,0.1195999999999999,0.0299799933288852,1,0.3296090028801943,Normal
2014-02-25 19:00:00,0.068,19,1,0.1199999999999999,0.029086079144498,1,0.2174428084663959,Normal
2014-02-25 19:05:00,0.134,19,1,0.1199999999999999,0.029086079144498,1,0.3281639066181182,Normal
2014-02-25 19:10:00,0.134,19,1,0.1203999999999999,0.0293052896249124,1,0.3316892599386704,Normal
2014-02-25 19:15:00,0.136,19,1,0.1211999999999999,0.0297523108346226,1,0.2970166894059687,Normal
2014-02-25 19:20:00,0.134,19,1,0.1211999999999999,0.0297523108346226,1,0.3282089754556116,Normal
2014-02-25 19:25:00,0.132,19,1,0.1339999999999999,0.001414213562373,1,0.2606023084566951,Normal
2014-02-25 19:30:00,0.132,19,1,0.1336,0.0016733200530681,1,0.2605123673648822,Normal
2014-02-25 19:35:00,0.066,19,1,0.1199999999999999,0.0302324329156619,1,0.241734900095052,Normal
2014-02-25 19:40:00,0.134,19,1,0.1195999999999999,0.0299799933288852,1,0.3293454836562546,Normal
2014-02-25 19:45:00,0.134,19,1,0.1195999999999999,0.0299799933288852,1,0.3293454836562546,Normal
2014-02-25 19:50:00,0.134,19,1,0.1199999999999999,0.030199337741083,1,0.3342271105110135,Normal
2014-02-25 19:55:00,0.198,19,1,0.1331999999999999,0.0466819022748645,1,0.1759992189392634,Normal
2014-02-25 20:00:00,0.134,20,1,0.1467999999999999,0.0286216701119972,1,0.2565568185342868,Normal
2014-02-25 20:05:00,0.132,20,1,0.1463999999999999,0.0288582743766843,1,0.2555606309595924,Normal
2014-02-25 20:10:00,0.134,20,1,0.1463999999999999,0.0288582743766843,1,0.2619684977248596,Normal
2014-02-25 20:15:00,0.066,20,1,0.1327999999999999,0.0466819022748645,1,0.1955632505476464,Normal
2014-02-25 20:20:00,0.134,20,1,0.1199999999999999,0.030199337741083,1,0.3250481487690055,Normal
2014-02-25 20:25:00,0.134,20,1,0.1199999999999999,0.030199337741083,1,0.3250481487690055,Normal
2014-02-25 20:30:00,0.132,20,1,0.1199999999999999,0.030199337741083,1,0.317278144815856,Normal
2014-02-25 20:35:00,0.066,20,1,0.1063999999999999,0.0368890227574545,1,0.2094149332278778,Normal
2014-02-25 20:40:00,0.134,20,1,0.1199999999999999,0.030199337741083,1,0.3250481487690055,Normal
2014-02-25 20:45:00,0.134,20,1,0.1199999999999999,0.030199337741083,1,0.3250481487690055,Normal
2014-02-25 20:50:00,0.134,20,1,0.1199999999999999,0.030199337741083,1,0.3250481487690055,Normal
2014-02-25 20:55:00,0.198,20,1,0.1331999999999999,0.0466819022748645,1,0.1712058664594102,Normal
2014-02-25 21:00:00,0.132,21,1,0.1463999999999999,0.0288582743766844,1,0.250871875836836,Normal
2014-02-25 21:05:00,0.134,21,1,0.1463999999999999,0.0288582743766844,1,0.2554820173484194,Normal
2014-02-25 21:10:00,0.134,21,1,0.1463999999999999,0.0288582743766844,1,0.2554820173484194,Normal
2014-02-25 21:15:00,0.134,21,1,0.1463999999999999,0.0288582743766844,1,0.2554820173484194,Normal
2014-02-25 21:20:00,0.134,21,1,0.1335999999999999,0.0008944271910003,1,0.2636802220665712,Normal
2014-02-25 21:25:00,0.068,21,1,0.1207999999999999,0.0295160973029972,1,0.215089318683918,Normal
2014-02-25 21:30:00,0.132,21,1,0.1203999999999999,0.0293052896249124,1,0.3121552110403269,Normal
2014-02-25 21:35:00,0.134,21,1,0.1203999999999999,0.0293052896249124,1,0.3182193899728163,Normal
2014-02-25 21:40:00,0.134,21,1,0.1203999999999999,0.0293052896249124,1,0.3182193899728163,Normal
2014-02-25 21:45:00,0.132,21,1,0.1199999999999999,0.029086079144498,1,0.3089552250240373,Normal
2014-02-25 21:50:00,0.136,21,1,0.1335999999999999,0.0016733200530684,1,0.2329561486462575,Normal
2014-02-25 21:55:00,0.134,21,1,0.1339999999999999,0.0014142135623733,1,0.2583252843066613,Normal
2014-02-25 22:00:00,0.134,22,1,0.1339999999999999,0.0014142135623733,1,0.2512777892738734,Normal
2014-02-25 22:05:00,0.136,22,1,0.1344,0.0016733200530683,1,0.2222506687502851,Normal
2014-02-25 22:10:00,0.132,22,1,0.1343999999999999,0.0016733200530683,1,0.233790225180233,Normal
2014-02-25 22:15:00,0.066,22,1,0.1203999999999999,0.0304433900871765,1,0.2263363380580096,Normal
2014-02-25 22:20:00,0.134,22,1,0.1203999999999999,0.0304433900871765,1,0.31297400579223,Normal
2014-02-25 22:25:00,0.132,22,1,0.1199999999999999,0.0302324329156619,1,0.3056613327504631,Normal
2014-02-25 22:30:00,0.066,22,1,0.1059999999999999,0.0365239647354993,1,0.1904955506766883,Normal
2014-02-25 22:35:00,0.134,22,1,0.1063999999999999,0.0368890227574545,1,0.2399963861958059,Normal
2014-02-25 22:40:00,0.134,22,1,0.1199999999999999,0.030199337741083,1,0.3130149943235106,Normal
2014-02-25 22:45:00,0.134,22,1,0.1199999999999999,0.030199337741083,1,0.3130149943235106,Normal
2014-02-25 22:50:00,0.134,22,1,0.1203999999999999,0.0304105244939971,1,0.31297400579223,Normal
2014-02-25 22:55:00,0.134,22,1,0.134,0.0,1,0.2463748687517007,Normal
2014-02-25 23:00:00,0.134,23,1,0.134,0.0,1,0.2276624148137433,Normal
2014-02-25 23:05:00,0.134,23,1,0.134,0.0,1,0.2276624148137433,Normal
2014-02-25 23:10:00,0.066,23,1,0.1203999999999999,0.0304105244939971,1,0.2158704379465157,Normal
2014-02-25 23:15:00,0.132,23,1,0.1199999999999999,0.030199337741083,1,0.2906611104719482,Normal
2014-02-25 23:20:00,0.2019999999999999,23,1,0.1335999999999999,0.0480915793044894,1,0.1616326184844907,Normal
2014-02-25 23:25:00,0.134,23,1,0.1335999999999999,0.0480915793044894,1,0.2431312407716883,Normal
2014-02-25 23:30:00,0.132,23,1,0.1331999999999999,0.0480957378569036,1,0.2360365850339191,Normal
2014-02-25 23:35:00,0.134,23,1,0.1467999999999999,0.0308739372286722,1,0.2330580530161559,Normal
2014-02-25 23:40:00,0.066,23,1,0.1335999999999999,0.0480915793044894,1,0.1701600796928101,Normal
2014-02-25 23:45:00,0.134,23,1,0.1199999999999999,0.030199337741083,1,0.2953154654778676,Normal
2014-02-25 23:50:00,0.134,23,1,0.1199999999999999,0.030199337741083,1,0.2953154654778676,Normal
2014-02-25 23:55:00,0.2019999999999999,23,1,0.1339999999999999,0.0480832611206852,1,0.1626799754398958,Normal
2014-02-26 00:00:00,0.066,0,2,0.1203999999999999,0.0568928818043171,1,0.1853414218085756,Normal
2014-02-26 00:05:00,0.2,0,2,0.1471999999999999,0.0564198546612803,1,0.1116699509457015,Normal
2014-02-26 00:10:00,0.134,0,2,0.1471999999999999,0.0564198546612803,1,0.188601953208227,Normal
2014-02-26 00:15:00,0.066,0,2,0.1335999999999999,0.0675040739511327,1,0.1528364942579988,Normal
2014-02-26 00:20:00,0.132,0,2,0.1195999999999999,0.0560606814086307,1,0.2352693622456737,Normal
2014-02-26 00:25:00,0.134,0,2,0.1331999999999999,0.0473835414463714,1,0.2556115852367625,Normal
2014-02-26 00:30:00,0.134,0,2,0.1199999999999999,0.030199337741083,1,0.3065396020220793,Normal
2014-02-26 00:35:00,0.136,0,2,0.1203999999999999,0.0304433900871765,1,0.2812593868222345,Normal
2014-02-26 00:40:00,0.134,0,2,0.1339999999999999,0.0014142135623735,1,0.2293263566186104,Normal
2014-02-26 00:45:00,0.132,0,2,0.1339999999999999,0.0014142135623735,1,0.2221217768324654,Normal
2014-02-26 00:50:00,0.068,0,2,0.1207999999999999,0.0295499576987853,1,0.2100601146743261,Normal
2014-02-26 00:55:00,0.134,0,2,0.1207999999999999,0.0295499576987853,1,0.2997546950531097,Normal
2014-02-26 01:00:00,0.134,1,2,0.1203999999999999,0.0293052896249124,1,0.3195221172959774,Normal
2014-02-26 01:05:00,0.134,1,2,0.1203999999999999,0.0293052896249124,1,0.3195221172959774,Normal
2014-02-26 01:10:00,0.134,1,2,0.1207999999999999,0.0295160973029972,1,0.3163525219226654,Normal
2014-02-26 01:15:00,0.066,1,2,0.1203999999999999,0.0304105244939971,1,0.2537513906250114,Normal
2014-02-26 01:20:00,0.134,1,2,0.1203999999999999,0.0304105244939971,1,0.3202451821520056,Normal
2014-02-26 01:25:00,0.134,1,2,0.1203999999999999,0.0304105244939971,1,0.3202451821520056,Normal
2014-02-26 01:30:00,0.134,1,2,0.1203999999999999,0.0304105244939971,1,0.3202451821520056,Normal
2014-02-26 01:35:00,0.134,1,2,0.1203999999999999,0.0304105244939971,1,0.3202451821520056,Normal
2014-02-26 01:40:00,0.132,1,2,0.1335999999999999,0.0008944271909999,1,0.242435986669695,Normal
2014-02-26 01:45:00,0.066,1,2,0.1199999999999999,0.030199337741083,1,0.2560143091234619,Normal
2014-02-26 01:50:00,0.132,1,2,0.1195999999999999,0.0299799933288851,1,0.3116011399885779,Normal
2014-02-26 01:55:00,0.132,1,2,0.1191999999999999,0.0297523108346225,1,0.3061257916106167,Normal
2014-02-26 02:00:00,0.134,2,2,0.1191999999999999,0.0297523108346225,1,0.3223555048925276,Normal
2014-02-26 02:05:00,0.066,2,2,0.1059999999999999,0.0365239647354993,1,0.2460379110363598,Normal
2014-02-26 02:10:00,0.134,2,2,0.1195999999999999,0.0299799933288851,1,0.3284322833796753,Normal
2014-02-26 02:15:00,0.134,2,2,0.1199999999999999,0.030199337741083,1,0.3297929501371155,Normal
2014-02-26 02:20:00,0.134,2,2,0.1203999999999999,0.0304105244939971,1,0.3291833498895705,Normal
2014-02-26 02:25:00,0.066,2,2,0.1067999999999999,0.0372451339103513,1,0.2543381919483398,Normal
2014-02-26 02:30:00,0.2,2,2,0.1335999999999999,0.0473793203834753,1,0.1822211949565434,Normal
2014-02-26 02:35:00,0.066,2,2,0.1199999999999999,0.0561782876207525,1,0.2176390126424061,Normal
2014-02-26 02:40:00,0.134,2,2,0.1199999999999999,0.0561782876207525,1,0.2685929594005071,Normal
2014-02-26 02:45:00,0.134,2,2,0.1199999999999999,0.0561782876207525,1,0.2685929594005071,Normal
2014-02-26 02:50:00,0.132,2,2,0.1331999999999999,0.0473835414463714,1,0.2785324308300616,Normal
2014-02-26 02:55:00,0.134,2,2,0.1199999999999999,0.030199337741083,1,0.3297929501371155,Normal
2014-02-26 03:00:00,0.134,3,2,0.1335999999999999,0.0008944271909999,1,0.2688492108759975,Normal
2014-02-26 03:05:00,0.198,3,2,0.1463999999999999,0.0288582743766844,1,0.1533870292964352,Normal
2014-02-26 03:10:00,0.066,3,2,0.1327999999999999,0.0466819022748645,1,0.226478417716168,Normal
2014-02-26 03:15:00,1.534,3,2,0.4131999999999999,0.6282827389002502,-1,-0.0465668073009343,Critical
2014-02-26 03:20:00,0.066,3,2,0.3996,0.6365192848610323,-1,-0.0021066920619151,Low
2014-02-26 03:25:00,0.134,3,2,0.3995999999999999,0.6365192848610323,1,0.0115542301640457,Normal
2014-02-26 03:30:00,0.132,3,2,0.3863999999999999,0.6424023661226661,1,0.0168113300081369,Normal
2014-02-26 03:35:00,0.132,3,2,0.3995999999999999,0.6348061121318855,1,0.011066292502071,Normal
2014-02-26 03:40:00,0.134,3,2,0.1195999999999999,0.0299799933288833,1,0.3357693835573235,Normal
2014-02-26 03:45:00,0.132,3,2,0.1327999999999999,0.0010954451149611,1,0.2625702988777385,Normal
2014-02-26 03:50:00,0.132,3,2,0.1324,0.0008944271909397,1,0.2577503713497744,Normal
2014-02-26 03:55:00,0.134,3,2,0.1327999999999999,0.0010954451149611,1,0.2684348473018418,Normal
2014-02-26 04:00:00,0.134,4,2,0.1331999999999999,0.0010954451149612,1,0.2720728039939087,Normal
2014-02-26 04:05:00,0.136,4,2,0.1335999999999999,0.001673320053036,1,0.2463107542346399,Normal
2014-02-26 04:10:00,0.134,4,2,0.1339999999999999,0.001414213562335,1,0.2645565974093162,Normal
2014-02-26 04:15:00,0.136,4,2,0.1347999999999999,0.0010954451149612,1,0.2333073548516391,Normal
2014-02-26 04:20:00,0.066,4,2,0.1211999999999999,0.0308739372286705,1,0.2593237469332822,Normal
2014-02-26 04:25:00,0.2,4,2,0.1343999999999999,0.0474004219390491,1,0.1858481439815908,Normal
2014-02-26 04:30:00,0.066,4,2,0.1203999999999999,0.0563098570411956,1,0.2188101345766298,Normal
2014-02-26 04:35:00,0.132,4,2,0.1199999999999999,0.0561960852729075,1,0.2729189127725104,Normal
2014-02-26 04:40:00,0.136,4,2,0.1199999999999999,0.0561960852729075,1,0.2583860935854918,Normal
2014-02-26 04:45:00,0.132,4,2,0.1331999999999999,0.0474046411229944,1,0.2872334751451706,Normal
2014-02-26 04:50:00,0.132,4,2,0.1195999999999999,0.0300133303716846,1,0.3319389160373143,Normal
2014-02-26 04:55:00,0.132,4,2,0.1327999999999999,0.0017888543819696,1,0.2611620352751569,Normal
2014-02-26 05:00:00,0.132,5,2,0.1327999999999999,0.0017888543819696,1,0.2676368720369458,Normal
2014-02-26 05:05:00,0.134,5,2,0.1323999999999999,0.0008944271909999,1,0.2729712180414617,Normal
2014-02-26 05:10:00,0.134,5,2,0.1327999999999999,0.0010954451150103,1,0.2766942289167899,Normal
2014-02-26 05:15:00,0.134,5,2,0.1331999999999999,0.0010954451150103,1,0.2799130936512588,Normal
2014-02-26 05:20:00,0.134,5,2,0.1336,0.0008944271909999,1,0.2781516603664455,Normal
2014-02-26 05:25:00,0.132,5,2,0.1335999999999999,0.0008944271909999,1,0.2727614408578149,Normal
2014-02-26 05:30:00,0.134,5,2,0.1336,0.0008944271909999,1,0.2781516603664455,Normal
2014-02-26 05:35:00,0.132,5,2,0.1331999999999999,0.0010954451150103,1,0.2757996917435203,Normal
2014-02-26 05:40:00,0.132,5,2,0.1327999999999999,0.0010954451150103,1,0.2731274184579182,Normal
2014-02-26 05:45:00,0.2019999999999999,5,2,0.1463999999999999,0.0310934076614319,1,0.1610225442801014,Normal
2014-02-26 05:50:00,0.134,5,2,0.1467999999999999,0.0308739372286723,1,0.2652559544323034,Normal
2014-02-26 05:55:00,0.132,5,2,0.1463999999999999,0.0310934076614319,1,0.261744938656324,Normal
2014-02-26 06:00:00,0.132,6,2,0.1463999999999999,0.0310934076614319,1,0.2597880228432964,Normal
2014-02-26 06:05:00,0.134,6,2,0.1467999999999999,0.0308739372286723,1,0.2627581486592275,Normal
2014-02-26 06:10:00,0.134,6,2,0.1331999999999999,0.0010954451150104,1,0.2779933592011844,Normal
2014-02-26 06:15:00,0.134,6,2,0.1331999999999999,0.0010954451150104,1,0.2779933592011844,Normal
2014-02-26 06:20:00,0.2,6,2,0.1467999999999999,0.0297523108346225,1,0.1586475391146062,Normal
2014-02-26 06:25:00,0.066,6,2,0.1335999999999999,0.0473793203834753,1,0.2350083662383338,Normal
2014-02-26 06:30:00,0.134,6,2,0.1335999999999999,0.0473793203834753,1,0.2933529029932769,Normal
2014-02-26 06:35:00,0.132,6,2,0.1331999999999999,0.0473835414463714,1,0.2903129639046174,Normal
2014-02-26 06:40:00,0.066,6,2,0.1195999999999999,0.0560606814086307,1,0.2168316531981303,Normal
2014-02-26 06:45:00,0.134,6,2,0.1063999999999999,0.0368890227574546,1,0.2931988603169972,Normal
2014-02-26 06:50:00,0.134,6,2,0.1199999999999999,0.030199337741083,1,0.3428039858655417,Normal
2014-02-26 06:55:00,0.2019999999999999,6,2,0.1335999999999999,0.0480915793044894,1,0.187181265986579,Normal
2014-02-26 07:00:00,0.132,7,2,0.1335999999999999,0.0480915793044894,1,0.2793419763456278,Normal
2014-02-26 07:05:00,0.134,7,2,0.1471999999999999,0.0306463700950046,1,0.2616174733544857,Normal
2014-02-26 07:10:00,0.134,7,2,0.1471999999999999,0.0306463700950046,1,0.2616174733544857,Normal
2014-02-26 07:15:00,0.134,7,2,0.1471999999999999,0.0306463700950046,1,0.2616174733544857,Normal
2014-02-26 07:20:00,0.134,7,2,0.1335999999999999,0.0008944271910002,1,0.2754103544736009,Normal
2014-02-26 07:25:00,0.134,7,2,0.134,6.901812470012045e-10,1,0.2639822351764937,Normal
2014-02-26 07:30:00,0.068,7,2,0.1207999999999999,0.0295160973029972,1,0.2418588456171966,Normal
2014-02-26 07:35:00,0.132,7,2,0.1203999999999999,0.0293052896249124,1,0.3382111968169419,Normal
2014-02-26 07:40:00,0.132,7,2,0.1199999999999999,0.029086079144498,1,0.3386346222780186,Normal
2014-02-26 07:45:00,0.132,7,2,0.1195999999999999,0.0288582743766844,1,0.3350553714525912,Normal
2014-02-26 07:50:00,0.2019999999999999,7,2,0.1331999999999999,0.0474046411229955,1,0.1904008057997639,Normal
2014-02-26 07:55:00,0.132,7,2,0.1459999999999999,0.031304951684997,1,0.2594519654395454,Normal
2014-02-26 08:00:00,0.134,8,2,0.1463999999999999,0.0310934076614319,1,0.267925006557473,Normal
2014-02-26 08:05:00,0.134,8,2,0.1467999999999999,0.0308739372286722,1,0.2666641605562131,Normal
2014-02-26 08:10:00,0.132,8,2,0.1467999999999999,0.0308739372286722,1,0.2624008359606464,Normal
2014-02-26 08:15:00,0.132,8,2,0.1327999999999999,0.0010954451150106,1,0.2717917090432935,Normal
2014-02-26 08:20:00,0.132,8,2,0.1327999999999999,0.0010954451150106,1,0.2717917090432935,Normal
2014-02-26 08:25:00,0.132,8,2,0.1323999999999999,0.0008944271910003,1,0.2670663655488069,Normal
2014-02-26 08:30:00,0.134,8,2,0.1323999999999999,0.0008944271910003,1,0.2680459420038336,Normal
2014-02-26 08:35:00,0.134,8,2,0.1327999999999999,0.0010954451150107,1,0.2718088576968419,Normal
2014-02-26 08:40:00,0.134,8,2,0.1331999999999999,0.0010954451150107,1,0.2750622235957358,Normal
2014-02-26 08:45:00,0.134,8,2,0.1335999999999999,0.0008944271910003,1,0.2739672161276495,Normal
2014-02-26 08:50:00,0.132,8,2,0.1335999999999999,0.0008944271910003,1,0.271801156895065,Normal
2014-02-26 08:55:00,0.2019999999999999,8,2,0.1471999999999999,0.0306463700950046,1,0.1602852567442958,Normal
2014-02-26 09:00:00,0.132,9,2,0.1467999999999999,0.0308739372286723,1,0.2654270940215742,Normal
2014-02-26 09:05:00,0.134,9,2,0.1467999999999999,0.0308739372286723,1,0.2708039354499235,Normal
2014-02-26 09:10:00,0.134,9,2,0.1467999999999999,0.0308739372286723,1,0.2708039354499235,Normal
2014-02-26 09:15:00,0.132,9,2,0.1467999999999999,0.0308739372286723,1,0.2654270940215742,Normal
2014-02-26 09:20:00,0.068,9,2,0.1199999999999999,0.0290860791444979,1,0.2466996601546586,Normal
2014-02-26 09:25:00,0.134,9,2,0.1203999999999999,0.0293052896249124,1,0.3475155419440465,Normal
2014-02-26 09:30:00,0.132,9,2,0.1199999999999999,0.0290860791444979,1,0.3411842568664636,Normal
2014-02-26 09:35:00,0.198,9,2,0.1327999999999999,0.0459695551425071,1,0.1881479779756297,Normal
2014-02-26 09:40:00,0.134,9,2,0.1331999999999999,0.0459695551425071,1,0.3000772765954922,Normal
2014-02-26 09:45:00,0.134,9,2,0.1463999999999999,0.0288582743766844,1,0.270897425892051,Normal
2014-02-26 09:50:00,0.134,9,2,0.1463999999999999,0.0288582743766844,1,0.270897425892051,Normal
2014-02-26 09:55:00,0.132,9,2,0.1463999999999999,0.0288582743766844,1,0.2666912884063543,Normal
2014-02-26 10:00:00,0.198,10,2,0.1463999999999999,0.0288582743766844,1,0.1617384114582597,Normal
2014-02-26 10:05:00,0.132,10,2,0.1459999999999999,0.0290860791444979,1,0.2662505591871607,Normal
2014-02-26 10:10:00,0.066,10,2,0.1323999999999999,0.0466776177626922,1,0.2290463563289481,Normal
2014-02-26 10:15:00,0.132,10,2,0.1319999999999999,0.0466690475583121,1,0.2881056110497595,Normal
2014-02-26 10:20:00,0.134,10,2,0.1323999999999999,0.0466776177626922,1,0.2948264318806201,Normal
2014-02-26 10:25:00,0.132,10,2,0.1191999999999999,0.0297523108346226,1,0.3347101337486559,Normal
2014-02-26 10:30:00,0.066,10,2,0.1059999999999999,0.0365239647354993,1,0.2582222959784797,Normal
2014-02-26 10:35:00,0.132,10,2,0.1191999999999999,0.0297523108346226,1,0.3347101337486559,Normal
2014-02-26 10:40:00,0.132,10,2,0.1191999999999999,0.0297523108346226,1,0.3347101337486559,Normal
2014-02-26 10:45:00,0.132,10,2,0.1187999999999999,0.0295160973029972,1,0.3320563655325665,Normal
2014-02-26 10:50:00,0.134,10,2,0.1191999999999999,0.0297523108346226,1,0.340519620718697,Normal
2014-02-26 10:55:00,0.132,10,2,0.1323999999999999,0.0008944271910005,1,0.2670996782656794,Normal
2014-02-26 11:00:00,0.2019999999999999,11,2,0.1463999999999999,0.031093407661432,1,0.1662272057122348,Normal
2014-02-26 11:05:00,0.066,11,2,0.1331999999999999,0.0480957378569036,1,0.2283943515584897,Normal
2014-02-26 11:10:00,0.134,11,2,0.1335999999999999,0.0480915793044894,1,0.2869577928280196,Normal
2014-02-26 11:15:00,0.134,11,2,0.1335999999999999,0.0480915793044894,1,0.2869577928280196,Normal
2014-02-26 11:20:00,0.066,11,2,0.1203999999999999,0.0568928818043171,1,0.2150897550884255,Normal
2014-02-26 11:25:00,0.132,11,2,0.1063999999999999,0.0368890227574546,1,0.2917292595867682,Normal
2014-02-26 11:30:00,0.134,11,2,0.1199999999999999,0.030199337741083,1,0.3460650491290349,Normal
2014-02-26 11:35:00,0.134,11,2,0.1199999999999999,0.030199337741083,1,0.3460650491290349,Normal
2014-02-26 11:40:00,0.066,11,2,0.1063999999999999,0.0368890227574546,1,0.2703054435644834,Normal
2014-02-26 11:45:00,0.198,11,2,0.1327999999999999,0.0466819022748645,1,0.1810613213748264,Normal
2014-02-26 11:50:00,0.134,11,2,0.1331999999999999,0.0466819022748645,1,0.2954276719425011,Normal
2014-02-26 11:55:00,0.134,11,2,0.1331999999999999,0.0466819022748645,1,0.2954276719425011,Normal
2014-02-26 12:00:00,0.2,12,2,0.1463999999999999,0.0554689102110362,1,0.1526234208278327,Normal
2014-02-26 12:05:00,0.066,12,2,0.1463999999999999,0.0554689102110362,1,0.1677632515125129,Normal
2014-02-26 12:10:00,0.132,12,2,0.1331999999999999,0.0473835414463714,1,0.2857224810398949,Normal
2014-02-26 12:15:00,0.134,12,2,0.1331999999999999,0.0473835414463714,1,0.2909383709573502,Normal
2014-02-26 12:20:00,0.066,12,2,0.1195999999999999,0.0560606814086308,1,0.2115101931935132,Normal
2014-02-26 12:25:00,0.134,12,2,0.1063999999999999,0.0368890227574546,1,0.2945049013944126,Normal
2014-02-26 12:30:00,0.132,12,2,0.1195999999999999,0.0299799933288852,1,0.3380209658933155,Normal
2014-02-26 12:35:00,0.134,12,2,0.1199999999999999,0.030199337741083,1,0.3471917504396004,Normal
2014-02-26 12:40:00,0.134,12,2,0.1199999999999999,0.030199337741083,1,0.3471917504396004,Normal
2014-02-26 12:45:00,0.132,12,2,0.1331999999999999,0.0010954451150109,1,0.2753303650504469,Normal
2014-02-26 12:50:00,0.136,12,2,0.1336,0.0016733200530685,1,0.2515228308683518,Normal
2014-02-26 12:55:00,0.134,12,2,0.1339999999999999,0.0014142135623735,1,0.2763292056497183,Normal
2014-02-26 13:00:00,0.134,13,2,0.1339999999999999,0.0014142135623735,1,0.2854211146738807,Normal
2014-02-26 13:05:00,0.134,13,2,0.1339999999999999,0.0014142135623735,1,0.2854211146738807,Normal
2014-02-26 13:10:00,0.134,13,2,0.1344,0.0008944271910005,1,0.2779325735369141,Normal
2014-02-26 13:15:00,0.132,13,2,0.1335999999999999,0.0008944271910006,1,0.2792254129303479,Normal
2014-02-26 13:20:00,0.132,13,2,0.1331999999999999,0.0010954451150109,1,0.2816076705264756,Normal
2014-02-26 13:25:00,0.132,13,2,0.1327999999999999,0.0010954451150109,1,0.2799256092661666,Normal
2014-02-26 13:30:00,0.066,13,2,0.1191999999999999,0.0297523108346226,1,0.2673471769895413,Normal
2014-02-26 13:35:00,0.132,13,2,0.1187999999999999,0.0295160973029972,1,0.3314587457766323,Normal
2014-02-26 13:40:00,0.132,13,2,0.1187999999999999,0.0295160973029972,1,0.3314587457766323,Normal
2014-02-26 13:45:00,0.066,13,2,0.1055999999999999,0.036149688795341,1,0.2524199636945626,Normal
2014-02-26 13:50:00,0.134,13,2,0.1059999999999999,0.0365239647354994,1,0.2855802535052465,Normal
2014-02-26 13:55:00,0.134,13,2,0.1195999999999999,0.0299799933288852,1,0.3443883252740984,Normal
2014-02-26 14:00:00,0.132,14,2,0.1195999999999999,0.0299799933288852,1,0.3343707766714257,Normal
2014-02-26 14:05:00,0.134,14,2,0.1199999999999999,0.030199337741083,1,0.3426366463397212,Normal
2014-02-26 14:10:00,0.066,14,2,0.1199999999999999,0.030199337741083,1,0.2716208850402929,Normal
2014-02-26 14:15:00,0.134,14,2,0.1199999999999999,0.030199337741083,1,0.3426366463397212,Normal
2014-02-26 14:20:00,0.132,14,2,0.1195999999999999,0.0299799933288852,1,0.3343707766714257,Normal
2014-02-26 14:25:00,0.2019999999999999,14,2,0.1335999999999999,0.0480915793044894,1,0.1866365072277666,Normal
2014-02-26 14:30:00,0.134,14,2,0.1335999999999999,0.0480915793044894,1,0.2813629853819431,Normal
2014-02-26 14:35:00,0.132,14,2,0.1467999999999999,0.0308739372286723,1,0.2650882990119761,Normal
2014-02-26 14:40:00,0.066,14,2,0.1331999999999999,0.0480957378569036,1,0.2201930279895272,Normal
2014-02-26 14:45:00,0.2019999999999999,14,2,0.1471999999999999,0.0570192949798574,1,0.1527813077736743,Normal
2014-02-26 14:50:00,0.066,14,2,0.1199999999999999,0.0567802782663135,1,0.2065759893704022,Normal
2014-02-26 14:55:00,0.2,14,2,0.1331999999999999,0.0675070366702612,1,0.1554417228960811,Normal
2014-02-26 15:00:00,0.132,15,2,0.1331999999999999,0.0675070366702612,1,0.2304876043771762,Normal
2014-02-26 15:05:00,0.068,15,2,0.1335999999999999,0.0670134314895155,1,0.1616104272580094,Normal
2014-02-26 15:10:00,0.136,15,2,0.1203999999999999,0.0557207322277803,1,0.2503220546575776,Normal
2014-02-26 15:15:00,0.134,15,2,0.1339999999999999,0.046690470119715,1,0.2898718887250511,Normal
2014-02-26 15:20:00,0.132,15,2,0.1203999999999999,0.0293393933134276,1,0.3345072913219035,Normal
2014-02-26 15:25:00,0.134,15,2,0.1207999999999999,0.0295499576987853,1,0.3395055751402028,Normal
2014-02-26 15:30:00,0.132,15,2,0.1335999999999999,0.0016733200530683,1,0.2768511799572777,Normal
2014-02-26 15:35:00,0.134,15,2,0.1331999999999999,0.0010954451150106,1,0.292535701445105,Normal
2014-02-26 15:40:00,0.134,15,2,0.1331999999999999,0.0010954451150106,1,0.292535701445105,Normal
2014-02-26 15:45:00,0.066,15,2,0.1199999999999999,0.030199337741083,1,0.2673985391701819,Normal
2014-02-26 15:50:00,0.134,15,2,0.1199999999999999,0.030199337741083,1,0.3421122735625039,Normal
2014-02-26 15:55:00,0.2,15,2,0.1335999999999999,0.0473793203834753,1,0.1904504814636516,Normal
2014-02-26 16:00:00,0.134,16,2,0.1335999999999999,0.0473793203834753,1,0.2838144727100106,Normal
2014-02-26 16:05:00,0.132,16,2,0.1331999999999999,0.0473835414463714,1,0.2771660829634484,Normal
2014-02-26 16:10:00,0.066,16,2,0.1331999999999999,0.0473835414463714,1,0.2207363653541579,Normal
2014-02-26 16:15:00,0.134,16,2,0.1331999999999999,0.0473835414463714,1,0.2844840597685678,Normal
2014-02-26 16:20:00,0.134,16,2,0.1199999999999999,0.030199337741083,1,0.3387801593251904,Normal
2014-02-26 16:25:00,0.132,16,2,0.1195999999999999,0.0299799933288852,1,0.3284089184047858,Normal
2014-02-26 16:30:00,0.134,16,2,0.1199999999999999,0.030199337741083,1,0.3387801593251904,Normal
2014-02-26 16:35:00,0.132,16,2,0.1331999999999999,0.0010954451150105,1,0.2811448140207365,Normal
2014-02-26 16:40:00,0.134,16,2,0.1331999999999999,0.0010954451150105,1,0.2936285732274618,Normal
2014-02-26 16:45:00,0.134,16,2,0.1331999999999999,0.0010954451150105,1,0.2936285732274618,Normal
2014-02-26 16:50:00,0.132,16,2,0.1331999999999999,0.0010954451150105,1,0.2811448140207365,Normal
2014-02-26 16:55:00,0.134,16,2,0.1331999999999999,0.0010954451150105,1,0.2936285732274618,Normal
2014-02-26 17:00:00,0.066,17,2,0.1199999999999999,0.030199337741083,1,0.2631970263946385,Normal
2014-02-26 17:05:00,0.132,17,2,0.1195999999999999,0.0299799933288852,1,0.3328924276161816,Normal
2014-02-26 17:10:00,0.134,17,2,0.1195999999999999,0.0299799933288852,1,0.3402936207517396,Normal
2014-02-26 17:15:00,0.134,17,2,0.1199999999999999,0.030199337741083,1,0.3430716629183774,Normal
2014-02-26 17:20:00,0.066,17,2,0.1063999999999999,0.0368890227574546,1,0.2528972367355357,Normal
2014-02-26 17:25:00,0.134,17,2,0.1199999999999999,0.030199337741083,1,0.3430716629183774,Normal
2014-02-26 17:30:00,0.132,17,2,0.1199999999999999,0.030199337741083,1,0.3357871246862233,Normal
2014-02-26 17:35:00,0.066,17,2,0.1063999999999999,0.0368890227574546,1,0.2528972367355357,Normal
2014-02-26 17:40:00,0.132,17,2,0.1059999999999999,0.0365239647354994,1,0.2792662556872486,Normal
2014-02-26 17:45:00,0.134,17,2,0.1195999999999999,0.0299799933288852,1,0.3402936207517396,Normal
2014-02-26 17:50:00,0.134,17,2,0.1195999999999999,0.0299799933288852,1,0.3402936207517396,Normal
2014-02-26 17:55:00,0.134,17,2,0.1199999999999999,0.030199337741083,1,0.3430716629183774,Normal
2014-02-26 18:00:00,0.134,18,2,0.1335999999999999,0.0008944271910001,1,0.2962661077203212,Normal
2014-02-26 18:05:00,0.068,18,2,0.1207999999999999,0.0295160973029972,1,0.2285479701595052,Normal
2014-02-26 18:10:00,0.132,18,2,0.1203999999999999,0.0293052896249124,1,0.3301734189748445,Normal
2014-02-26 18:15:00,0.132,18,2,0.1199999999999999,0.029086079144498,1,0.3274020451250239,Normal
2014-02-26 18:20:00,0.066,18,2,0.1063999999999999,0.0359833294735215,1,0.2387157207987795,Normal
2014-02-26 18:25:00,0.132,18,2,0.1059999999999999,0.0356089876295297,1,0.2693396079067566,Normal
2014-02-26 18:30:00,0.132,18,2,0.1187999999999999,0.0295160973029972,1,0.3228952156559029,Normal
2014-02-26 18:35:00,0.068,18,2,0.1059999999999999,0.0356089876295297,1,0.2034647108196767,Normal
2014-02-26 18:40:00,0.134,18,2,0.1063999999999999,0.0359833294735215,1,0.2783300321912077,Normal
2014-02-26 18:45:00,0.134,18,2,0.1199999999999999,0.029086079144498,1,0.3354339945492499,Normal
2014-02-26 18:50:00,0.134,18,2,0.1203999999999999,0.0293052896249124,1,0.3378835256042165,Normal
2014-02-26 18:55:00,0.134,18,2,0.1207999999999999,0.0295160973029972,1,0.3355122298919251,Normal
2014-02-26 19:00:00,0.066,19,2,0.1203999999999999,0.0304105244939971,1,0.2581206271231414,Normal
2014-02-26 19:05:00,0.132,19,2,0.1199999999999999,0.030199337741083,1,0.3332561251197548,Normal
2014-02-26 19:10:00,0.134,19,2,0.1199999999999999,0.030199337741083,1,0.3416784491301433,Normal
2014-02-26 19:15:00,0.134,19,2,0.1199999999999999,0.030199337741083,1,0.3416784491301433,Normal
2014-02-26 19:20:00,0.134,19,2,0.1199999999999999,0.030199337741083,1,0.3416784491301433,Normal
2014-02-26 19:25:00,0.132,19,2,0.1331999999999999,0.0010954451150103,1,0.2813149313052434,Normal
2014-02-26 19:30:00,0.132,19,2,0.1331999999999999,0.0010954451150103,1,0.2813149313052434,Normal
2014-02-26 19:35:00,0.066,19,2,0.1195999999999999,0.0299799933288851,1,0.2519297507009362,Normal
2014-02-26 19:40:00,0.134,19,2,0.1195999999999999,0.0299799933288851,1,0.3376981483997067,Normal
2014-02-26 19:45:00,0.134,19,2,0.1195999999999999,0.0299799933288851,1,0.3376981483997067,Normal
2014-02-26 19:50:00,0.134,19,2,0.1199999999999999,0.030199337741083,1,0.3416784491301433,Normal
2014-02-26 19:55:00,0.134,19,2,0.1203999999999999,0.0304105244939971,1,0.3396286260378242,Normal
2014-02-26 20:00:00,0.134,20,2,0.134,0.0,1,0.2680558978791716,Normal
2014-02-26 20:05:00,0.134,20,2,0.134,0.0,1,0.2680558978791716,Normal
2014-02-26 20:10:00,0.066,20,2,0.1203999999999999,0.0304105244939971,1,0.2507253864141554,Normal
2014-02-26 20:15:00,0.134,20,2,0.1203999999999999,0.0304105244939971,1,0.3275983984200841,Normal
2014-02-26 20:20:00,0.136,20,2,0.1207999999999999,0.0306463700950047,1,0.2987912945993076,Normal
2014-02-26 20:25:00,0.136,20,2,0.1211999999999999,0.0308739372286723,1,0.2941036750053399,Normal
2014-02-26 20:30:00,0.134,20,2,0.1211999999999999,0.0308739372286723,1,0.3194973531099772,Normal
2014-02-26 20:35:00,0.068,20,2,0.1215999999999999,0.0299799933288851,1,0.2138906004651222,Normal
2014-02-26 20:40:00,0.134,20,2,0.1215999999999999,0.0299799933288851,1,0.3208643227633783,Normal
2014-02-26 20:45:00,0.136,20,2,0.1215999999999999,0.0299799933288851,1,0.2925752730944638,Normal
2014-02-26 20:50:00,0.134,20,2,0.1211999999999999,0.0297523108346225,1,0.3222951209162584,Normal
2014-02-26 20:55:00,0.134,20,2,0.1211999999999999,0.0297523108346225,1,0.3222951209162584,Normal
2014-02-26 21:00:00,0.266,21,2,0.1607999999999999,0.0588149640822809,1,0.0807748341611301,Normal
2014-02-26 21:05:00,0.198,21,2,0.1735999999999999,0.0584876055245895,1,0.0934795324464927,Normal
2014-02-26 21:10:00,0.264,21,2,0.1991999999999999,0.0655072515069896,1,0.0540384469527791,Normal
2014-02-26 21:15:00,0.2,21,2,0.2123999999999999,0.0548707572391707,1,0.0877637580688603,Normal
2014-02-26 21:20:00,0.134,21,2,0.2123999999999999,0.0548707572391707,1,0.1706965130170414,Normal
2014-02-26 21:25:00,0.066,21,2,0.1723999999999999,0.0751718032243473,1,0.0843094226734723,Normal
2014-02-26 21:30:00,0.134,21,2,0.1595999999999999,0.0751718032243473,1,0.1466058277949398,Normal
2014-02-26 21:35:00,0.132,21,2,0.1331999999999999,0.0473835414463713,1,0.262999709088962,Normal
2014-02-26 21:40:00,0.134,21,2,0.1199999999999999,0.0301993377410828,1,0.3254089142669989,Normal
2014-02-26 21:45:00,0.066,21,2,0.1063999999999999,0.0368890227574544,1,0.2284600961345037,Normal
2014-02-26 21:50:00,0.134,21,2,0.1199999999999999,0.0301993377410828,1,0.3254089142669989,Normal
2014-02-26 21:55:00,0.132,21,2,0.1195999999999999,0.029979993328885,1,0.3146383566347328,Normal
2014-02-26 22:00:00,0.132,22,2,0.1195999999999999,0.029979993328885,1,0.3054152501111303,Normal
2014-02-26 22:05:00,2.344,22,2,0.5616,0.996810312948256,-1,-0.0761162127434829,Critical
2014-02-26 22:10:00,0.134,22,2,0.5751999999999999,0.9887897653192008,-1,-0.0270432326648824,High
2014-02-26 22:15:00,0.066,22,2,0.5616,0.996810312948256,-1,-0.0343959796659851,High
2014-02-26 22:20:00,0.134,22,2,0.562,0.9965952036810132,-1,-0.025503134818042,High
2014-02-26 22:25:00,0.066,22,2,0.5488,1.0041231000230997,-1,-0.0343959796659851,High
2014-02-26 22:30:00,0.132,22,2,0.1064,0.0368890227574567,1,0.2479647367403403,Normal
2014-02-26 22:35:00,0.134,22,2,0.1064,0.0368890227574567,1,0.2570327175450109,Normal
2014-02-26 22:40:00,0.132,22,2,0.1196,0.0299799933288878,1,0.3054152501111303,Normal
2014-02-26 22:45:00,0.132,22,2,0.1192,0.0297523108346253,1,0.3032334511432863,Normal
2014-02-26 22:50:00,0.134,22,2,0.1327999999999999,0.0010954451150859,1,0.2586458498243812,Normal
2014-02-26 22:55:00,0.134,22,2,0.1332,0.0010954451150859,1,0.265482003256041,Normal
2014-02-26 23:00:00,0.132,23,2,0.1327999999999999,0.0010954451150859,1,0.2358988554077318,Normal
2014-02-26 23:05:00,0.134,23,2,0.1332,0.0010954451150859,1,0.2498923489621186,Normal
2014-02-26 23:10:00,0.066,23,2,0.12,0.0301993377410856,1,0.2350327245523447,Normal
2014-02-26 23:15:00,0.3279999999999999,23,2,0.1588,0.0989808062201968,1,0.0470957823843607,Normal
2014-02-26 23:20:00,0.132,23,2,0.1583999999999999,0.0991100398546997,1,0.1115794010769286,Normal
2014-02-26 23:25:00,0.066,23,2,0.1452,0.1075416198501778,1,0.0863749861773048,Normal
2014-02-26 23:30:00,0.134,23,2,0.1452,0.1075416198501778,1,0.1224323995558356,Normal
2014-02-26 23:35:00,0.134,23,2,0.1587999999999999,0.0989808062201968,1,0.1130457580651024,Normal
2014-02-26 23:40:00,0.132,23,2,0.1196,0.0299799933288878,1,0.2933540846723192,Normal
2014-02-26 23:45:00,0.066,23,2,0.1064,0.0368890227574566,1,0.2175490343009583,Normal
2014-02-26 23:50:00,0.134,23,2,0.12,0.0301993377410856,1,0.304176674451283,Normal
2014-02-26 23:55:00,0.136,23,2,0.1204,0.0304433900871791,1,0.2823067732538099,Normal
2014-02-27 00:00:00,0.132,0,3,0.12,0.0302324329156645,1,0.2980149062338841,Normal
2014-02-27 00:05:00,0.134,0,3,0.1204,0.0304433900871791,1,0.3058884612500471,Normal
2014-02-27 00:10:00,0.066,0,3,0.1204,0.0304433900871791,1,0.2419737701295667,Normal
2014-02-27 00:15:00,0.132,0,3,0.12,0.0302324329156645,1,0.2980149062338841,Normal
2014-02-27 00:20:00,0.066,0,3,0.106,0.0365239647355015,1,0.2283893203260861,Normal
2014-02-27 00:25:00,0.134,0,3,0.1064,0.0368890227574566,1,0.2587997514656033,Normal
2014-02-27 00:30:00,0.132,0,3,0.106,0.0365239647355015,1,0.2478262747368765,Normal
2014-02-27 00:35:00,0.066,0,3,0.106,0.0365239647355015,1,0.2283893203260861,Normal
2014-02-27 00:40:00,0.132,0,3,0.106,0.0365239647355015,1,0.2478262747368765,Normal
2014-02-27 00:45:00,0.134,0,3,0.1196,0.0299799933288878,1,0.3039078636164614,Normal
2014-02-27 00:50:00,0.066,0,3,0.106,0.0365239647355015,1,0.2283893203260861,Normal
2014-02-27 00:55:00,0.134,0,3,0.1064,0.0368890227574566,1,0.2587997514656033,Normal
2014-02-27 01:00:00,0.132,1,3,0.1196,0.0299799933288878,1,0.3145801620673529,Normal
2014-02-27 01:05:00,0.134,1,3,0.12,0.0301993377410856,1,0.3246230786199086,Normal
2014-02-27 01:10:00,0.066,1,3,0.1064,0.0368890227574566,1,0.2519944613402917,Normal
2014-02-27 01:15:00,0.134,1,3,0.12,0.0301993377410856,1,0.3246230786199086,Normal
2014-02-27 01:20:00,0.134,1,3,0.12,0.0301993377410856,1,0.3246230786199086,Normal
2014-02-27 01:25:00,0.134,1,3,0.1204,0.0304105244939997,1,0.3232409695674512,Normal
2014-02-27 01:30:00,0.068,1,3,0.1072,0.0367042231902564,1,0.2278357200325081,Normal
2014-02-27 01:35:00,0.134,1,3,0.1208,0.0295160973029999,1,0.319390194371864,Normal
2014-02-27 01:40:00,0.134,1,3,0.1208,0.0295160973029999,1,0.319390194371864,Normal
2014-02-27 01:45:00,0.066,1,3,0.1072,0.0367042231902564,1,0.2498494915641197,Normal
2014-02-27 01:50:00,0.134,1,3,0.1072,0.0367042231902564,1,0.2761999829456268,Normal
2014-02-27 01:55:00,0.134,1,3,0.1204,0.0304105244939997,1,0.3232409695674512,Normal
2014-02-27 02:00:00,0.134,2,3,0.1204,0.0304105244939997,1,0.3315467092963041,Normal
2014-02-27 02:05:00,0.068,2,3,0.1072,0.0367042231902564,1,0.2346857808972626,Normal
2014-02-27 02:10:00,0.134,2,3,0.1208,0.0295160973029999,1,0.327774086622916,Normal
2014-02-27 02:15:00,0.198,2,3,0.1336,0.0459652042310285,1,0.1812139332533718,Normal
2014-02-27 02:20:00,0.066,2,3,0.12,0.0549909083394715,1,0.2221660242966303,Normal
2014-02-27 02:25:00,0.134,2,3,0.12,0.0549909083394715,1,0.269216893594792,Normal
2014-02-27 02:30:00,0.066,2,3,0.1196,0.0554689102110376,1,0.2202714570303811,Normal
2014-02-27 02:35:00,0.134,2,3,0.1196,0.0554689102110376,1,0.2690796561593665,Normal
2014-02-27 02:40:00,0.134,2,3,0.1068,0.0372451339103534,1,0.2850591976740755,Normal
2014-02-27 02:45:00,0.066,2,3,0.1068,0.0372451339103534,1,0.2636605113081205,Normal
2014-02-27 02:50:00,0.132,2,3,0.1064,0.0368890227574566,1,0.275038296632773,Normal
2014-02-27 02:55:00,0.132,2,3,0.1196,0.0299799933288878,1,0.3234250053581092,Normal
2014-02-27 03:00:00,0.134,3,3,0.1196,0.0299799933288878,1,0.3361960085658037,Normal
2014-02-27 03:05:00,0.136,3,3,0.12,0.0302324329156645,1,0.3174541227770225,Normal
2014-02-27 03:10:00,0.134,3,3,0.1336,0.0016733200531165,1,0.2557075128697764,Normal
2014-02-27 03:15:00,0.068,3,3,0.1208,0.0295499576987879,1,0.2423607661958761,Normal
2014-02-27 03:20:00,0.134,3,3,0.1212,0.0297523108346252,1,0.3313708778155869,Normal
2014-02-27 03:25:00,0.132,3,3,0.1208,0.0295499576987879,1,0.3264132972588565,Normal
2014-02-27 03:30:00,0.068,3,3,0.1072,0.0357938542210832,1,0.2322586584488092,Normal
2014-02-27 03:35:00,0.134,3,3,0.1072,0.0357938542210832,1,0.2819698586253931,Normal
2014-02-27 03:40:00,1.5319999999999998,3,3,0.3999999999999999,0.6334398156099758,-1,-0.0387003446794443,High
2014-02-27 03:45:00,0.132,3,3,0.3995999999999999,0.6336503767851795,1,0.0123256302990979,Normal
2014-02-27 03:50:00,0.066,3,3,0.3863999999999999,0.6412603215543591,1,0.0013641900740097,Normal
2014-02-27 03:55:00,0.136,3,3,0.3999999999999999,0.6334934885221789,1,0.0082568330512059,Normal
2014-02-27 04:00:00,0.134,4,3,0.3999999999999999,0.6334934885221789,1,0.0159602607531075,Normal
2014-02-27 04:05:00,0.134,4,3,0.1204,0.0304433900871794,1,0.338356750360221,Normal
2014-02-27 04:10:00,0.068,4,3,0.1076,0.0370782955379582,1,0.2380196497579457,Normal
2014-02-27 04:15:00,0.134,4,3,0.1212,0.0297523108346255,1,0.3325516785681348,Normal
2014-02-27 04:20:00,0.132,4,3,0.1204,0.0293052896249154,1,0.3344398943963289,Normal
2014-02-27 04:25:00,0.068,4,3,0.1072,0.0357938542210834,1,0.2364225280839763,Normal
2014-02-27 04:30:00,0.134,4,3,0.1072,0.0357938542210834,1,0.2853843914773876,Normal
2014-02-27 04:35:00,0.066,4,3,0.1068,0.0363483149540687,1,0.2721519855964743,Normal
2014-02-27 04:40:00,0.134,4,3,0.1068,0.0363483149540687,1,0.2926650616914589,Normal
2014-02-27 04:45:00,0.132,4,3,0.1068,0.0363483149540687,1,0.2888531406124892,Normal
2014-02-27 04:50:00,0.134,4,3,0.12,0.0301993377410859,1,0.338834481830972,Normal
2014-02-27 04:55:00,0.134,4,3,0.12,0.0301993377410859,1,0.338834481830972,Normal
2014-02-27 05:00:00,0.066,5,3,0.12,0.0301993377410859,1,0.2833022591881671,Normal
2014-02-27 05:05:00,0.134,5,3,0.12,0.0301993377410859,1,0.3445789707358055,Normal
2014-02-27 05:10:00,0.136,5,3,0.1208,0.0306463700950075,1,0.3191079766594595,Normal
2014-02-27 05:15:00,0.134,5,3,0.1208,0.0306463700950075,1,0.3396482705332039,Normal
2014-02-27 05:20:00,0.068,5,3,0.1076,0.0370782955379582,1,0.246173933011788,Normal
2014-02-27 05:25:00,0.134,5,3,0.1212,0.0297523108346255,1,0.3388426498090026,Normal
2014-02-27 05:30:00,0.066,5,3,0.1076,0.0370782955379582,1,0.2748810666291037,Normal
2014-02-27 05:35:00,0.134,5,3,0.1072,0.0367042231902566,1,0.299042892477755,Normal
2014-02-27 05:40:00,0.134,5,3,0.1072,0.0367042231902566,1,0.299042892477755,Normal
2014-02-27 05:45:00,0.136,5,3,0.1208,0.0306463700950075,1,0.3191079766594595,Normal
2014-02-27 05:50:00,0.066,5,3,0.1072,0.037619144062567,1,0.2714394704677466,Normal
2014-02-27 05:55:00,0.134,5,3,0.1208,0.0306463700950075,1,0.3396482705332039,Normal
2014-02-27 06:00:00,0.134,6,3,0.1208,0.0306463700950075,1,0.3395933591675095,Normal
2014-02-27 06:05:00,0.134,6,3,0.1208,0.0306463700950075,1,0.3395933591675095,Normal
2014-02-27 06:10:00,0.066,6,3,0.1068,0.0372451339103536,1,0.2770620926031424,Normal
2014-02-27 06:15:00,0.132,6,3,0.12,0.0301993377410859,1,0.3401686338960341,Normal
2014-02-27 06:20:00,0.132,6,3,0.1196,0.0299799933288881,1,0.3386111072075737,Normal
2014-02-27 06:25:00,0.066,6,3,0.106,0.0365239647355017,1,0.2657613883142834,Normal
2014-02-27 06:30:00,0.2,6,3,0.1192,0.0559392527658367,1,0.1847188835031135,Normal
2014-02-27 06:35:00,0.066,6,3,0.1192,0.0559392527658367,1,0.2243144382725205,Normal
2014-02-27 06:40:00,0.134,6,3,0.1196,0.0560606814086323,1,0.2770978021095771,Normal
2014-02-27 06:45:00,0.134,6,3,0.12,0.0561782876207541,1,0.2773511431959593,Normal
2014-02-27 06:50:00,0.066,6,3,0.12,0.0561782876207541,1,0.2264852328353244,Normal
2014-02-27 06:55:00,0.2019999999999999,6,3,0.1203999999999999,0.0568928818043186,1,0.1815500877465597,Normal
2014-02-27 07:00:00,0.134,7,3,0.1339999999999999,0.048083261120687,1,0.2780122023636618,Normal
2014-02-27 07:05:00,0.066,7,3,0.1204,0.0568928818043186,1,0.2169873218151921,Normal
2014-02-27 07:10:00,0.134,7,3,0.1203999999999999,0.0568928818043186,1,0.2689076592315818,Normal
2014-02-27 07:15:00,0.132,7,3,0.1336,0.0480915793044912,1,0.2759873043326348,Normal
2014-02-27 07:20:00,0.132,7,3,0.1196,0.0299799933288881,1,0.3386004112063098,Normal
2014-02-27 07:25:00,0.134,7,3,0.1196,0.0299799933288881,1,0.342989903644364,Normal
2014-02-27 07:30:00,0.066,7,3,0.1196,0.0299799933288881,1,0.2750405137960547,Normal
2014-02-27 07:35:00,0.132,7,3,0.1192,0.0297523108346255,1,0.3335884232004653,Normal
2014-02-27 07:40:00,0.134,7,3,0.1196,0.0299799933288881,1,0.342989903644364,Normal
2014-02-27 07:45:00,0.134,7,3,0.12,0.0301993377410859,1,0.3453378111417809,Normal
2014-02-27 07:50:00,0.134,7,3,0.12,0.0301993377410859,1,0.3453378111417809,Normal
2014-02-27 07:55:00,0.132,7,3,0.1331999999999999,0.0010954451150912,1,0.2675814263438283,Normal
2014-02-27 08:00:00,0.132,8,3,0.1332,0.0010954451150912,1,0.265734760834134,Normal
2014-02-27 08:05:00,0.134,8,3,0.1331999999999999,0.0010954451150912,1,0.2662541994886248,Normal
2014-02-27 08:10:00,0.066,8,3,0.1196,0.0299799933288881,1,0.2740172456609997,Normal
2014-02-27 08:15:00,0.134,8,3,0.1196,0.0299799933288881,1,0.3417485972433571,Normal
2014-02-27 08:20:00,0.068,8,3,0.1068,0.0363483149540687,1,0.2463328507729285,Normal
2014-02-27 08:25:00,0.198,8,3,0.12,0.0549909083394717,1,0.1786521257830435,Normal
2014-02-27 08:30:00,0.066,8,3,0.1064,0.0589304675019652,1,0.205447897188286,Normal
2014-02-27 08:35:00,0.134,8,3,0.12,0.0549909083394717,1,0.2772411735597664,Normal
2014-02-27 08:40:00,0.066,8,3,0.1064,0.0589304675019652,1,0.205447897188286,Normal
2014-02-27 08:45:00,0.132,8,3,0.1192,0.0553461832469067,1,0.2701107880580868,Normal
2014-02-27 08:50:00,0.066,8,3,0.0928,0.0367042231902567,1,0.2479973121408963,Normal
2014-02-27 08:55:00,0.2019999999999999,8,3,0.1199999999999999,0.0567802782663151,1,0.1775495805052819,Normal
2014-02-27 09:00:00,0.134,9,3,0.1199999999999999,0.0567802782663151,1,0.2711150837656654,Normal
2014-02-27 09:05:00,0.068,9,3,0.1203999999999999,0.0563098570411981,1,0.2118209285198269,Normal
2014-02-27 09:10:00,0.134,9,3,0.1207999999999999,0.0564198546612819,1,0.272413669110461,Normal
2014-02-27 09:15:00,0.132,9,3,0.1339999999999999,0.0473919824442929,1,0.2874218505627242,Normal
2014-02-27 09:20:00,0.132,9,3,0.12,0.029086079144501,1,0.3447368310294111,Normal
2014-02-27 09:25:00,0.134,9,3,0.12,0.029086079144501,1,0.348976339061896,Normal
2014-02-27 09:30:00,0.134,9,3,0.1331999999999999,0.0010954451150911,1,0.2732128030024141,Normal
2014-02-27 09:35:00,0.2,9,3,0.1464,0.029979993328888,1,0.1802173598800286,Normal
2014-02-27 09:40:00,0.134,9,3,0.1468,0.0297523108346255,1,0.274712515854353,Normal
2014-02-27 09:45:00,0.136,9,3,0.1476,0.0293052896249154,1,0.2567868838118047,Normal
2014-02-27 09:50:00,0.134,9,3,0.1476,0.0293052896249154,1,0.2715658165192155,Normal
2014-02-27 09:55:00,0.134,9,3,0.1476,0.0293052896249154,1,0.2715658165192155,Normal
2014-02-27 10:00:00,0.136,10,3,0.1348,0.0010954451150916,1,0.2275707800088772,Normal
2014-02-27 10:05:00,0.134,10,3,0.1348,0.0010954451150916,1,0.2484346934437986,Normal
2014-02-27 10:10:00,0.134,10,3,0.1344,0.0008944271910995,1,0.2509083346312619,Normal
2014-02-27 10:15:00,0.066,10,3,0.1208,0.0306463700950077,1,0.2750224176758771,Normal
2014-02-27 10:20:00,0.134,10,3,0.1208,0.0306463700950077,1,0.3457288419665945,Normal
2014-02-27 10:25:00,0.132,10,3,0.12,0.030199337741086,1,0.3433144251684933,Normal
2014-02-27 10:30:00,0.066,10,3,0.1064,0.0368890227574571,1,0.275581978145456,Normal
2014-02-27 10:35:00,0.134,10,3,0.1064,0.0368890227574571,1,0.3012301427223799,Normal
2014-02-27 10:40:00,0.066,10,3,0.1064,0.0368890227574571,1,0.275581978145456,Normal
2014-02-27 10:45:00,0.132,10,3,0.106,0.0365239647355019,1,0.2923156479110259,Normal
2014-02-27 10:50:00,0.134,10,3,0.1064,0.0368890227574571,1,0.3012301427223799,Normal
2014-02-27 10:55:00,0.132,10,3,0.1196,0.0299799933288882,1,0.3419492127182601,Normal
2014-02-27 11:00:00,0.136,11,3,0.12,0.0302324329156649,1,0.3234164431185251,Normal
2014-02-27 11:05:00,0.066,11,3,0.12,0.0302324329156649,1,0.2825825903468547,Normal
2014-02-27 11:10:00,0.134,11,3,0.1204,0.0304433900871795,1,0.3480049455676448,Normal
2014-02-27 11:15:00,0.134,11,3,0.1204,0.0304433900871795,1,0.3480049455676448,Normal
2014-02-27 11:20:00,0.068,11,3,0.1076,0.0370782955379584,1,0.2404473426172001,Normal
2014-02-27 11:25:00,0.136,11,3,0.1076,0.0370782955379584,1,0.2813625146111396,Normal
2014-02-27 11:30:00,0.134,11,3,0.1212,0.0297523108346256,1,0.3451071300152833,Normal
2014-02-27 11:35:00,0.134,11,3,0.1212,0.0297523108346256,1,0.3451071300152833,Normal
2014-02-27 11:40:00,0.068,11,3,0.108,0.0365239647355019,1,0.239110023459219,Normal
2014-02-27 11:45:00,0.134,11,3,0.1212,0.0297523108346256,1,0.3451071300152833,Normal
2014-02-27 11:50:00,0.066,11,3,0.1072,0.0367042231902568,1,0.272141861659422,Normal
2014-02-27 11:55:00,0.134,11,3,0.1072,0.0367042231902568,1,0.2982694087503297,Normal
2014-02-27 12:00:00,0.198,12,3,0.12,0.0549909083394717,1,0.1811478178734733,Normal
2014-02-27 12:05:00,0.066,12,3,0.1196,0.0554689102110378,1,0.2229261906061886,Normal
2014-02-27 12:10:00,0.132,12,3,0.1192,0.0553461832469067,1,0.2751048333131612,Normal
2014-02-27 12:15:00,0.132,12,3,0.1324,0.0466776177626941,1,0.2922234050034739,Normal
2014-02-27 12:20:00,0.066,12,3,0.1188,0.0552195617512506,1,0.2222059016712401,Normal
2014-02-27 12:25:00,0.134,12,3,0.106,0.0365239647355019,1,0.2941121358866761,Normal
2014-02-27 12:30:00,0.134,12,3,0.1196,0.0299799933288882,1,0.3461683117451613,Normal
2014-02-27 12:35:00,0.066,12,3,0.1064,0.0368890227574571,1,0.2781139144193588,Normal
2014-02-27 12:40:00,0.134,12,3,0.1068,0.0372451339103538,1,0.298296652351315,Normal
2014-02-27 12:45:00,0.132,12,3,0.12,0.030199337741086,1,0.3440277869938818,Normal
2014-02-27 12:50:00,0.066,12,3,0.1064,0.0368890227574571,1,0.2781139144193588,Normal
2014-02-27 12:55:00,0.198,12,3,0.1192,0.0553461832469067,1,0.179983218425913,Normal
2014-02-27 13:00:00,0.066,13,3,0.1192,0.0553461832469067,1,0.2215562500853227,Normal
2014-02-27 13:05:00,0.132,13,3,0.1188,0.0552195617512506,1,0.2708013396593192,Normal
2014-02-27 13:10:00,0.134,13,3,0.1192,0.0553461832469067,1,0.2781082602861619,Normal
2014-02-27 13:15:00,0.134,13,3,0.1327999999999999,0.0466819022748664,1,0.293682981660796,Normal
2014-02-27 13:20:00,0.134,13,3,0.12,0.030199337741086,1,0.3477577496611661,Normal
2014-02-27 13:25:00,0.068,13,3,0.1204,0.0293052896249155,1,0.2504370316416607,Normal
2014-02-27 13:30:00,0.134,13,3,0.1208,0.0295160973030003,1,0.3452548241241341,Normal
2014-02-27 13:35:00,0.134,13,3,0.1208,0.0295160973030003,1,0.3452548241241341,Normal
2014-02-27 13:40:00,0.132,13,3,0.1204,0.0293052896249155,1,0.3427528525182363,Normal
2014-02-27 13:45:00,0.2019999999999999,13,3,0.1339999999999999,0.0473919824442929,1,0.1965089486738871,Normal
2014-02-27 13:50:00,0.134,13,3,0.1471999999999999,0.0306463700950074,1,0.2781305642337869,Normal
2014-02-27 13:55:00,0.132,13,3,0.1467999999999999,0.030873937228675,1,0.2720997972858455,Normal
2014-02-27 14:00:00,0.132,14,3,0.1463999999999999,0.0310934076614347,1,0.2732331715959145,Normal
2014-02-27 14:05:00,0.066,14,3,0.1331999999999999,0.0480957378569055,1,0.2212065866489228,Normal
2014-02-27 14:10:00,0.134,14,3,0.1196,0.0299799933288882,1,0.3420228654434644,Normal
2014-02-27 14:15:00,0.134,14,3,0.1196,0.0299799933288882,1,0.3420228654434644,Normal
2014-02-27 14:20:00,0.134,14,3,0.12,0.030199337741086,1,0.3433183886358825,Normal
2014-02-27 14:25:00,0.066,14,3,0.1068,0.0372451339103538,1,0.2642256005500185,Normal
2014-02-27 14:30:00,0.134,14,3,0.1204,0.0304105244940001,1,0.3436361718976118,Normal
2014-02-27 14:35:00,0.132,14,3,0.12,0.030199337741086,1,0.33876235911704,Normal
2014-02-27 14:40:00,0.134,14,3,0.12,0.030199337741086,1,0.3433183886358825,Normal
2014-02-27 14:45:00,0.198,14,3,0.1328,0.0466819022748664,1,0.1910815834654775,Normal
2014-02-27 14:50:00,0.132,14,3,0.146,0.0290860791445009,1,0.2748295357426575,Normal
2014-02-27 14:55:00,0.2,14,3,0.1592,0.0363483149540685,1,0.1531194975352506,Normal
2014-02-27 15:00:00,0.132,15,3,0.1592,0.0363483149540685,1,0.2327301987475661,Normal
2014-02-27 15:05:00,0.134,15,3,0.1592,0.0363483149540685,1,0.2398734459680153,Normal
2014-02-27 15:10:00,0.066,15,3,0.1328,0.0473835414463733,1,0.2235031572536693,Normal
2014-02-27 15:15:00,0.132,15,3,0.1328,0.0473835414463733,1,0.2753419142602532,Normal
2014-02-27 15:20:00,0.134,15,3,0.1196,0.0299799933288882,1,0.3414998897396809,Normal
2014-02-27 15:25:00,0.066,15,3,0.1064,0.0368890227574571,1,0.2604098630428963,Normal
2014-02-27 15:30:00,0.134,15,3,0.1064,0.0368890227574571,1,0.2822423114054677,Normal
2014-02-27 15:35:00,0.134,15,3,0.12,0.030199337741086,1,0.3436345966344247,Normal
2014-02-27 15:40:00,0.134,15,3,0.1204,0.0304105244940001,1,0.3447461603137314,Normal
2014-02-27 15:45:00,0.136,15,3,0.1208,0.0306463700950077,1,0.3183628749664258,Normal
2014-02-27 15:50:00,0.134,15,3,0.1344,0.000894427191099,1,0.2699182242124192,Normal
2014-02-27 15:55:00,0.132,15,3,0.134,0.0014142135624358,1,0.27306286172834,Normal
2014-02-27 16:00:00,0.134,16,3,0.1339999999999999,0.0014142135624358,1,0.2859312339421666,Normal
2014-02-27 16:05:00,0.134,16,3,0.134,0.0014142135624358,1,0.2859312339421666,Normal
2014-02-27 16:10:00,0.134,16,3,0.1336,0.0008944271910992,1,0.291385800169028,Normal
2014-02-27 16:15:00,0.134,16,3,0.1336,0.0008944271910992,1,0.291385800169028,Normal
2014-02-27 16:20:00,0.132,16,3,0.1336,0.0008944271910992,1,0.2783148728593008,Normal
2014-02-27 16:25:00,0.066,16,3,0.12,0.030199337741086,1,0.271583311667126,Normal
2014-02-27 16:30:00,0.134,16,3,0.12,0.030199337741086,1,0.3405584752302531,Normal
2014-02-27 16:35:00,0.134,16,3,0.12,0.030199337741086,1,0.3405584752302531,Normal
2014-02-27 16:40:00,0.134,16,3,0.12,0.030199337741086,1,0.3405584752302531,Normal
2014-02-27 16:45:00,0.136,16,3,0.1208,0.0306463700950077,1,0.3144562933411527,Normal
2014-02-27 16:50:00,0.134,16,3,0.1344,0.0008944271910991,1,0.2714698886816756,Normal
2014-02-27 16:55:00,0.132,16,3,0.134,0.0014142135624359,1,0.2741303432425054,Normal
2014-02-27 17:00:00,0.134,17,3,0.1339999999999999,0.0014142135624359,1,0.2903713720318127,Normal
2014-02-27 17:05:00,0.134,17,3,0.134,0.0014142135624359,1,0.2903713720318127,Normal
2014-02-27 17:10:00,0.134,17,3,0.1336,0.0008944271910994,1,0.2964234453427161,Normal
2014-02-27 17:15:00,0.602,17,3,0.2272,0.2095213592930327,1,0.0228209016719838,Normal
2014-02-27 17:20:00,0.332,17,3,0.2672,0.2058620897591397,1,0.020436902442519,Normal
2014-02-27 17:25:00,0.134,17,3,0.2672,0.2058620897591397,1,0.0786257317628263,Normal
2014-02-27 17:30:00,0.134,17,3,0.2672,0.2058620897591397,1,0.0786257317628263,Normal
2014-02-27 17:35:00,0.134,17,3,0.2672,0.2058620897591397,1,0.0786257317628263,Normal
2014-02-27 17:40:00,0.134,17,3,0.1736,0.0885482919089925,1,0.1525804254793579,Normal
2014-02-27 17:45:00,0.132,17,3,0.1336,0.0008944271909999,1,0.2843098505717819,Normal
2014-02-27 17:50:00,0.132,17,3,0.1332,0.0010954451150103,1,0.2863119561740445,Normal
2014-02-27 17:55:00,0.134,17,3,0.1331999999999999,0.0010954451150103,1,0.2970235532228585,Normal
2014-02-27 18:00:00,0.132,18,3,0.1328,0.0010954451150103,1,0.2753359006668311,Normal
2014-02-27 18:05:00,0.134,18,3,0.1327999999999999,0.0010954451150103,1,0.2855920783983465,Normal
2014-02-27 18:10:00,0.132,18,3,0.1328,0.0010954451150103,1,0.2753359006668311,Normal
2014-02-27 18:15:00,0.134,18,3,0.1331999999999999,0.0010954451150103,1,0.2924543478604512,Normal
2014-02-27 18:20:00,0.134,18,3,0.1332,0.0010954451150103,1,0.2924543478604512,Normal
2014-02-27 18:25:00,0.066,18,3,0.12,0.030199337741083,1,0.2602780869126423,Normal
2014-02-27 18:30:00,0.132,18,3,0.1196,0.0299799933288851,1,0.3299511757764383,Normal
2014-02-27 18:35:00,0.132,18,3,0.1196,0.0299799933288851,1,0.3299511757764383,Normal
2014-02-27 18:40:00,0.134,18,3,0.1196,0.0299799933288851,1,0.3359956191461397,Normal
2014-02-27 18:45:00,0.134,18,3,0.1196,0.0299799933288851,1,0.3359956191461397,Normal
2014-02-27 18:50:00,0.132,18,3,0.1327999999999999,0.0010954451150102,1,0.2753359006668311,Normal
2014-02-27 18:55:00,0.134,18,3,0.1332,0.0010954451150102,1,0.2924543478604512,Normal
2014-02-27 19:00:00,0.134,19,3,0.1336,0.0008944271909998,1,0.2880773484319705,Normal
2014-02-27 19:05:00,0.134,19,3,0.1336,0.0008944271909998,1,0.2880773484319705,Normal
2014-02-27 19:10:00,0.134,19,3,0.1336,0.0008944271909998,1,0.2880773484319705,Normal
2014-02-27 19:15:00,0.066,19,3,0.1204,0.0304105244939971,1,0.2573253092629237,Normal
2014-02-27 19:20:00,0.134,19,3,0.1204,0.0304105244939971,1,0.3376718723581386,Normal
2014-02-27 19:25:00,0.134,19,3,0.1204,0.0304105244939971,1,0.3376718723581386,Normal
2014-02-27 19:30:00,0.134,19,3,0.1204,0.0304105244939971,1,0.3376718723581386,Normal
2014-02-27 19:35:00,0.134,19,3,0.1204,0.0304105244939971,1,0.3376718723581386,Normal
2014-02-27 19:40:00,0.066,19,3,0.1204,0.0304105244939971,1,0.2573253092629237,Normal
2014-02-27 19:45:00,0.134,19,3,0.1204,0.0304105244939971,1,0.3376718723581386,Normal
2014-02-27 19:50:00,0.134,19,3,0.1204,0.0304105244939971,1,0.3376718723581386,Normal
2014-02-27 19:55:00,0.134,19,3,0.1204,0.0304105244939971,1,0.3376718723581386,Normal
2014-02-27 20:00:00,0.134,20,3,0.1204,0.0304105244939971,1,0.3284685032404603,Normal
2014-02-27 20:05:00,0.132,20,3,0.1336,0.0008944271909999,1,0.2673684785075911,Normal
2014-02-27 20:10:00,0.134,20,3,0.1336,0.0008944271909999,1,0.2782032595147428,Normal
2014-02-27 20:15:00,0.066,20,3,0.12,0.030199337741083,1,0.2527645380530273,Normal
2014-02-27 20:20:00,0.134,20,3,0.12,0.030199337741083,1,0.330937246751147,Normal
2014-02-27 20:25:00,0.134,20,3,0.12,0.030199337741083,1,0.330937246751147,Normal
2014-02-27 20:30:00,0.134,20,3,0.1204,0.0304105244939971,1,0.3284685032404603,Normal
2014-02-27 20:35:00,0.134,20,3,0.1204,0.0304105244939971,1,0.3284685032404603,Normal
2014-02-27 20:40:00,0.132,20,3,0.1336,0.0008944271909999,1,0.2673684785075911,Normal
2014-02-27 20:45:00,0.132,20,3,0.1332,0.0010954451150103,1,0.2722031748575855,Normal
2014-02-27 20:50:00,0.132,20,3,0.1327999999999999,0.0010954451150103,1,0.2662613731436992,Normal
2014-02-27 20:55:00,0.132,20,3,0.1324,0.0008944271909999,1,0.2627102990889354,Normal
2014-02-27 21:00:00,0.132,21,3,0.132,0.0,1,0.2481921149380335,Normal
2014-02-27 21:05:00,0.132,21,3,0.132,0.0,1,0.2481921149380335,Normal
2014-02-27 21:10:00,0.066,21,3,0.1187999999999999,0.0295160973029972,1,0.2351881626828609,Normal
2014-02-27 21:15:00,0.134,21,3,0.1192,0.0297523108346225,1,0.3198938983262365,Normal
2014-02-27 21:20:00,0.136,21,3,0.12,0.0302324329156619,1,0.3038078932353168,Normal
2014-02-27 21:25:00,0.132,21,3,0.12,0.0302324329156619,1,0.3219423249538792,Normal
2014-02-27 21:30:00,0.132,21,3,0.12,0.0302324329156619,1,0.3219423249538792,Normal
2014-02-27 21:35:00,0.066,21,3,0.12,0.0302324329156619,1,0.2472279931303858,Normal
2014-02-27 21:40:00,0.134,21,3,0.12,0.0302324329156619,1,0.3262610779937305,Normal
2014-02-27 21:45:00,0.066,21,3,0.106,0.0365239647354993,1,0.2224918113461003,Normal
2014-02-27 21:50:00,0.132,21,3,0.106,0.0365239647354993,1,0.252544106644678,Normal
2014-02-27 21:55:00,0.132,21,3,0.106,0.0365239647354993,1,0.252544106644678,Normal
2014-02-27 22:00:00,0.132,22,3,0.1192,0.0297523108346225,1,0.3073253630132613,Normal
2014-02-27 22:05:00,0.134,22,3,0.1192,0.0297523108346225,1,0.3120281814102495,Normal
2014-02-27 22:10:00,0.066,22,3,0.1192,0.0297523108346225,1,0.2344450207312491,Normal
2014-02-27 22:15:00,0.134,22,3,0.1196,0.0299799933288851,1,0.3148186572760029,Normal
2014-02-27 22:20:00,0.132,22,3,0.1196,0.0299799933288851,1,0.3097724626848141,Normal
2014-02-27 22:25:00,0.066,22,3,0.1064,0.0368890227574545,1,0.2278103857458503,Normal
2014-02-27 22:30:00,0.132,22,3,0.106,0.0365239647354993,1,0.2472746594439206,Normal
2014-02-27 22:35:00,0.134,22,3,0.1196,0.0299799933288851,1,0.3148186572760029,Normal
2014-02-27 22:40:00,0.066,22,3,0.106,0.0365239647354993,1,0.2186923891882568,Normal
2014-02-27 22:45:00,0.134,22,3,0.1064,0.0368890227574545,1,0.2560719341170221,Normal
2014-02-27 22:50:00,0.136,22,3,0.1204,0.0304433900871765,1,0.295329941203173,Normal
2014-02-27 22:55:00,0.134,22,3,0.1208,0.0306463700950047,1,0.3137634264129721,Normal
2014-02-27 23:00:00,0.134,23,3,0.1208,0.0306463700950047,1,0.2961309342792207,Normal
2014-02-27 23:05:00,0.134,23,3,0.1344,0.0008944271910003,1,0.2238527086324497,Normal
2014-02-27 23:10:00,0.068,23,3,0.1212,0.0297523108346225,1,0.2071040029264914,Normal
2014-02-27 23:15:00,0.134,23,3,0.1208,0.0295160973029972,1,0.297112881401919,Normal
2014-02-27 23:20:00,0.134,23,3,0.1208,0.0295160973029972,1,0.297112881401919,Normal
2014-02-27 23:25:00,0.132,23,3,0.1204,0.0293052896249124,1,0.2962380773033254,Normal
2014-02-27 23:30:00,0.068,23,3,0.1072,0.035793854221081,1,0.1877166265635503,Normal
2014-02-27 23:35:00,0.134,23,3,0.1204,0.0293052896249124,1,0.2991292856434963,Normal
2014-02-27 23:40:00,0.134,23,3,0.1204,0.0293052896249124,1,0.2991292856434963,Normal
2014-02-27 23:45:00,0.066,23,3,0.1068,0.0363483149540663,1,0.2215490162499023,Normal
2014-02-27 23:50:00,0.134,23,3,0.1072,0.0367042231902542,1,0.2426697423171748,Normal
2014-02-27 23:55:00,0.138,23,3,0.1212,0.0309063100353309,1,0.2674714375628743,Normal
2014-02-28 00:00:00,0.134,0,4,0.1212,0.0309063100353309,1,0.2977718642979956,Normal
2014-02-28 00:05:00,0.134,0,4,0.1212,0.0309063100353309,1,0.2977718642979956,Normal
2014-02-28 00:10:00,0.066,0,4,0.1212,0.0309063100353309,1,0.2180850975024577,Normal
2014-02-28 00:15:00,0.132,0,4,0.1208,0.0307115613409673,1,0.2838492769415546,Normal
2014-02-28 00:20:00,0.134,0,4,0.12,0.030199337741083,1,0.3038396071849505,Normal
2014-02-28 00:25:00,0.134,0,4,0.12,0.030199337741083,1,0.3038396071849505,Normal
2014-02-28 00:30:00,0.066,0,4,0.1064,0.0368890227574545,1,0.2307034747012681,Normal
2014-02-28 00:35:00,0.134,0,4,0.12,0.030199337741083,1,0.3038396071849505,Normal
2014-02-28 00:40:00,0.132,0,4,0.12,0.030199337741083,1,0.2907715411117366,Normal
2014-02-28 00:45:00,0.066,0,4,0.1064,0.0368890227574545,1,0.2307034747012681,Normal
2014-02-28 00:50:00,0.132,0,4,0.106,0.0365239647354993,1,0.2455197196116361,Normal
2014-02-28 00:55:00,0.132,0,4,0.1192,0.0297523108346225,1,0.285307920435945,Normal
2014-02-28 01:00:00,0.132,1,4,0.1188,0.0295160973029972,1,0.2975824081130888,Normal
2014-02-28 01:05:00,0.134,1,4,0.1192,0.0297523108346225,1,0.3140213944384273,Normal
2014-02-28 01:10:00,0.066,1,4,0.1192,0.0297523108346225,1,0.2449391898108008,Normal
2014-02-28 01:15:00,0.134,1,4,0.1196,0.0299799933288851,1,0.3199613023438055,Normal
2014-02-28 01:20:00,0.134,1,4,0.12,0.0301993377410829,1,0.3198320709999781,Normal
2014-02-28 01:25:00,0.2,1,4,0.1336,0.0473793203834753,1,0.1671553220788038,Normal
2014-02-28 01:30:00,0.066,1,4,0.12,0.0561782876207525,1,0.2098460579198521,Normal
2014-02-28 01:35:00,0.134,1,4,0.1336,0.0473793203834753,1,0.264137423953225,Normal
2014-02-28 01:40:00,0.134,1,4,0.1336,0.0473793203834753,1,0.264137423953225,Normal
2014-02-28 01:45:00,0.134,1,4,0.1336,0.0473793203834753,1,0.264137423953225,Normal
2014-02-28 01:50:00,0.068,1,4,0.1072,0.0367042231902542,1,0.2156973377424101,Normal
2014-02-28 01:55:00,0.134,1,4,0.1208,0.0295160973029972,1,0.3156780584238603,Normal
2014-02-28 02:00:00,0.132,2,4,0.1204,0.0293052896249124,1,0.3143454116647554,Normal
2014-02-28 02:05:00,0.132,2,4,0.12,0.0290860791444979,1,0.3141860675284785,Normal
2014-02-28 02:10:00,0.068,2,4,0.1068,0.0354288018425687,1,0.2251303659394612,Normal
2014-02-28 02:15:00,0.134,2,4,0.12,0.0290860791444979,1,0.3258905512895081,Normal
2014-02-28 02:20:00,0.066,2,4,0.1064,0.0359833294735214,1,0.2527941923248319,Normal
2014-02-28 02:25:00,0.134,2,4,0.1068,0.0363483149540662,1,0.287477232551432,Normal
2014-02-28 02:30:00,0.134,2,4,0.1072,0.0367042231902542,1,0.2843569779388123,Normal
2014-02-28 02:35:00,0.134,2,4,0.1204,0.0304105244939971,1,0.3269983147637124,Normal
2014-02-28 02:40:00,0.068,2,4,0.1072,0.0367042231902542,1,0.2234611544814125,Normal
2014-02-28 02:45:00,0.134,2,4,0.1208,0.0295160973029972,1,0.3230786110232657,Normal
2014-02-28 02:50:00,0.134,2,4,0.1208,0.0295160973029972,1,0.3230786110232657,Normal
2014-02-28 02:55:00,0.134,2,4,0.1208,0.0295160973029972,1,0.3230786110232657,Normal
2014-02-28 03:00:00,0.134,3,4,0.1208,0.0295160973029972,1,0.3301026150448756,Normal
2014-02-28 03:05:00,0.132,3,4,0.1336,0.0008944271909999,1,0.244979340617312,Normal
2014-02-28 03:10:00,0.066,3,4,0.12,0.030199337741083,1,0.2599999289415084,Normal
2014-02-28 03:15:00,0.134,3,4,0.12,0.030199337741083,1,0.3341687322597165,Normal
2014-02-28 03:20:00,1.6,3,4,0.4132,0.6640822238247309,-1,-0.0465892642541501,Critical
2014-02-28 03:25:00,0.132,3,4,0.4128000000000001,0.6642930076404538,1,0.0,Normal
2014-02-28 03:30:00,0.068,3,4,0.4000000000000001,0.6716323399003357,-1,-0.0064710875338985,Medium
2014-02-28 03:35:00,0.132,3,4,0.4132,0.6640325293236771,1,0.0,Normal
2014-02-28 03:40:00,0.132,3,4,0.4128000000000001,0.6642433289089172,1,0.0,Normal
2014-02-28 03:45:00,0.132,3,4,0.1192,0.0286216701119981,1,0.3169677058465393,Normal
2014-02-28 03:50:00,0.134,3,4,0.1196,0.0288582743766852,1,0.3329914616184891,Normal
2014-02-28 03:55:00,0.134,3,4,0.1328,0.0010954451150316,1,0.2547214712411336,Normal
2014-02-28 04:00:00,0.134,4,4,0.1332,0.0010954451150316,1,0.2570100334642727,Normal
2014-02-28 04:05:00,0.066,4,4,0.12,0.0301993377410837,1,0.2673673610623658,Normal
2014-02-28 04:10:00,0.132,4,4,0.12,0.0301993377410837,1,0.3264583205274929,Normal
2014-02-28 04:15:00,0.134,4,4,0.12,0.0301993377410837,1,0.333957452415223,Normal
2014-02-28 04:20:00,0.066,4,4,0.1064,0.0368890227574551,1,0.2667094579263848,Normal
2014-02-28 04:25:00,0.134,4,4,0.1064,0.0368890227574551,1,0.2925438242914359,Normal
2014-02-28 04:30:00,0.066,4,4,0.1064,0.0368890227574551,1,0.2667094579263848,Normal
2014-02-28 04:35:00,0.134,4,4,0.1068,0.0372451339103519,1,0.2934583821516178,Normal
2014-02-28 04:40:00,0.134,4,4,0.1068,0.0372451339103519,1,0.2934583821516178,Normal
2014-02-28 04:45:00,0.132,4,4,0.12,0.0301993377410837,1,0.3264583205274929,Normal
2014-02-28 04:50:00,0.066,4,4,0.1064,0.0368890227574551,1,0.2667094579263848,Normal
2014-02-28 04:55:00,0.134,4,4,0.12,0.0301993377410837,1,0.333957452415223,Normal
2014-02-28 05:00:00,0.132,5,4,0.1196,0.0299799933288859,1,0.3334132299298894,Normal
2014-02-28 05:05:00,0.134,5,4,0.1196,0.0299799933288859,1,0.3412377233256763,Normal
2014-02-28 05:10:00,0.066,5,4,0.1064,0.0368890227574551,1,0.2755545092143915,Normal
2014-02-28 05:15:00,0.134,5,4,0.12,0.0301993377410837,1,0.3405017528052209,Normal
2014-02-28 05:20:00,0.134,5,4,0.12,0.0301993377410837,1,0.3405017528052209,Normal
2014-02-28 05:25:00,0.134,5,4,0.1204,0.0304105244939979,1,0.3405567517271154,Normal
2014-02-28 05:30:00,0.066,5,4,0.1068,0.0372451339103519,1,0.2750829250229314,Normal
2014-02-28 05:35:00,0.134,5,4,0.1204,0.0304105244939979,1,0.3405567517271154,Normal
2014-02-28 05:40:00,0.132,5,4,0.12,0.0301993377410837,1,0.3328928603310618,Normal
2014-02-28 05:45:00,0.066,5,4,0.1064,0.0368890227574551,1,0.2755545092143915,Normal
2014-02-28 05:50:00,0.132,5,4,0.106,0.0365239647355,1,0.2911363381017997,Normal
2014-02-28 05:55:00,0.132,5,4,0.1192,0.0297523108346233,1,0.3269221213460531,Normal
2014-02-28 06:00:00,0.132,6,4,0.1188,0.029516097302998,1,0.3253742166626991,Normal
2014-02-28 06:05:00,0.132,6,4,0.1188,0.029516097302998,1,0.3253742166626991,Normal
2014-02-28 06:10:00,0.134,6,4,0.1324,0.0008944271909999,1,0.2567603281364176,Normal
2014-02-28 06:15:00,0.066,6,4,0.1192,0.0297523108346225,1,0.261235745304485,Normal
2014-02-28 06:20:00,0.134,6,4,0.1196,0.0299799933288851,1,0.3425369633236895,Normal
2014-02-28 06:25:00,0.134,6,4,0.12,0.0301993377410829,1,0.3430772442945947,Normal
2014-02-28 06:30:00,0.134,6,4,0.1204,0.0304105244939971,1,0.3431318818518879,Normal
2014-02-28 06:35:00,0.134,6,4,0.1204,0.0304105244939971,1,0.3431318818518879,Normal
2014-02-28 06:40:00,0.066,6,4,0.1204,0.0304105244939971,1,0.2681312884412466,Normal
2014-02-28 06:45:00,0.134,6,4,0.1204,0.0304105244939971,1,0.3431318818518879,Normal
2014-02-28 06:50:00,0.134,6,4,0.1204,0.0304105244939971,1,0.3431318818518879,Normal
2014-02-28 06:55:00,0.134,6,4,0.1204,0.0304105244939971,1,0.3431318818518879,Normal
2014-02-28 07:00:00,0.134,7,4,0.1204,0.0304105244939971,1,0.3439267094256371,Normal
2014-02-28 07:05:00,0.066,7,4,0.1204,0.0304105244939971,1,0.2688438458919854,Normal
2014-02-28 07:10:00,0.134,7,4,0.1204,0.0304105244939971,1,0.3439267094256371,Normal
2014-02-28 07:15:00,0.134,7,4,0.1204,0.0304105244939971,1,0.3439267094256371,Normal
2014-02-28 07:20:00,0.132,7,4,0.12,0.030199337741083,1,0.3362339746439161,Normal
2014-02-28 07:25:00,0.066,7,4,0.1064,0.0368890227574545,1,0.2723114097343055,Normal
2014-02-28 07:30:00,0.134,7,4,0.12,0.030199337741083,1,0.3439267094256371,Normal
2014-02-28 07:35:00,0.136,7,4,0.1204,0.0304433900871765,1,0.3243845662904641,Normal
2014-02-28 07:40:00,0.066,7,4,0.1068,0.037271973384837,1,0.2717718360985366,Normal
2014-02-28 07:45:00,0.134,7,4,0.1072,0.0376191440625647,1,0.2937313101795492,Normal
2014-02-28 07:50:00,0.134,7,4,0.1208,0.0306463700950047,1,0.3422705303999956,Normal
2014-02-28 07:55:00,0.134,7,4,0.1208,0.0306463700950047,1,0.3422705303999956,Normal
2014-02-28 08:00:00,0.066,8,4,0.1068,0.0372451339103513,1,0.2708519442740257,Normal
2014-02-28 08:05:00,0.132,8,4,0.12,0.030199337741083,1,0.3361535207203405,Normal
2014-02-28 08:10:00,0.134,8,4,0.12,0.030199337741083,1,0.3434139439068051,Normal
2014-02-28 08:15:00,0.066,8,4,0.1064,0.0368890227574545,1,0.2713925952574072,Normal
2014-02-28 08:20:00,0.136,8,4,0.1068,0.037271973384837,1,0.2863448734103457,Normal
2014-02-28 08:25:00,0.134,8,4,0.1204,0.0304433900871765,1,0.3434139439068051,Normal
2014-02-28 08:30:00,0.132,8,4,0.1204,0.0304433900871765,1,0.3361535207203405,Normal
2014-02-28 08:35:00,0.134,8,4,0.1204,0.0304433900871765,1,0.3434139439068051,Normal
2014-02-28 08:40:00,0.068,8,4,0.1208,0.0295499576987852,1,0.2341634031729452,Normal
2014-02-28 08:45:00,0.132,8,4,0.12,0.0290860791444979,1,0.3345004220536016,Normal
2014-02-28 08:50:00,0.134,8,4,0.12,0.0290860791444979,1,0.3417911283849024,Normal
2014-02-28 08:55:00,0.134,8,4,0.1204,0.0293052896249124,1,0.3417911283849024,Normal
2014-02-28 09:00:00,0.136,9,4,0.1208,0.0295499576987852,1,0.321053829433423,Normal
2014-02-28 09:05:00,0.134,9,4,0.134,0.0014142135623731,1,0.2490337809501789,Normal
2014-02-28 09:10:00,0.132,9,4,0.134,0.0014142135623731,1,0.2465448476319499,Normal
2014-02-28 09:15:00,0.2,9,4,0.1472,0.0295499576987852,1,0.1755942042934072,Normal
2014-02-28 09:20:00,0.132,9,4,0.1468,0.0297859027058103,1,0.2537834890993948,Normal
2014-02-28 09:25:00,0.132,9,4,0.146,0.030199337741083,1,0.2581154666731229,Normal
2014-02-28 09:30:00,0.134,9,4,0.146,0.030199337741083,1,0.2664317925271315,Normal
2014-02-28 09:35:00,0.134,9,4,0.1464,0.0299799933288851,1,0.267376810954585,Normal
2014-02-28 09:40:00,0.066,9,4,0.1196,0.0299799933288851,1,0.2725834549016379,Normal
2014-02-28 09:45:00,0.134,9,4,0.12,0.0301993377410829,1,0.345869672804465,Normal
2014-02-28 09:50:00,0.134,9,4,0.1204,0.030410524493997,1,0.345869672804465,Normal
2014-02-28 09:55:00,0.2019999999999999,9,4,0.134,0.0480832611206851,1,0.1953074431382546,Normal
2014-02-28 10:00:00,0.066,10,4,0.1204,0.056892881804317,1,0.2187378966032351,Normal
2014-02-28 10:05:00,0.136,10,4,0.1344,0.0480915793044894,1,0.2641965990176125,Normal
2014-02-28 10:10:00,0.134,10,4,0.1344,0.0480915793044894,1,0.2760465578187597,Normal
2014-02-28 10:15:00,0.068,10,4,0.1212,0.056543788341426,1,0.2051028808912021,Normal
2014-02-28 10:20:00,0.136,10,4,0.108,0.037443290453698,1,0.2793145259806133,Normal
2014-02-28 10:25:00,0.132,10,4,0.1212,0.0297859027058103,1,0.3322128569499227,Normal
2014-02-28 10:30:00,0.134,10,4,0.1208,0.0295499576987852,1,0.3398604641929222,Normal
2014-02-28 10:35:00,0.066,10,4,0.1072,0.0367314579073577,1,0.2654568307170674,Normal
2014-02-28 10:40:00,0.134,10,4,0.1204,0.0304433900871765,1,0.3448343550076364,Normal
2014-02-28 10:45:00,0.134,10,4,0.12,0.0301993377410829,1,0.3437504153271906,Normal
2014-02-28 10:50:00,0.134,10,4,0.1204,0.030410524493997,1,0.3437504153271906,Normal
2014-02-28 10:55:00,0.136,10,4,0.1208,0.0306463700950046,1,0.3225301951702288,Normal
2014-02-28 11:00:00,0.134,11,4,0.1344,0.0008944271909994,1,0.2493170531123948,Normal
2014-02-28 11:05:00,0.132,11,4,0.134,0.0014142135623727,1,0.2446494447706218,Normal
2014-02-28 11:10:00,0.132,11,4,0.1336,0.0016733200530678,1,0.2456049923762852,Normal
2014-02-28 11:15:00,0.134,11,4,0.1336,0.0016733200530678,1,0.2556617639579507,Normal
2014-02-28 11:20:00,0.134,11,4,0.1332,0.0010954451150099,1,0.2664228346250004,Normal
2014-02-28 11:25:00,0.136,11,4,0.1336,0.0016733200530678,1,0.235632808693799,Normal
2014-02-28 11:30:00,0.066,11,4,0.1204,0.0304433900871765,1,0.2728049759909578,Normal
2014-02-28 11:35:00,0.2019999999999999,11,4,0.1344,0.0480915793044894,1,0.1917908372574611,Normal
2014-02-28 11:40:00,0.068,11,4,0.1212,0.0565437883414261,1,0.2062670887131608,Normal
2014-02-28 11:45:00,0.132,11,4,0.1208,0.0564375761350538,1,0.2742056972658933,Normal
2014-02-28 11:50:00,0.134,11,4,0.1204,0.0563098570411965,1,0.2847671234686204,Normal
2014-02-28 11:55:00,0.134,11,4,0.134,0.047391982444291,1,0.2848782208440467,Normal
2014-02-28 12:00:00,0.134,12,4,0.1204,0.0293052896249123,1,0.3408730262008167,Normal
2014-02-28 12:05:00,0.066,12,4,0.12,0.0301993377410829,1,0.2732752877796484,Normal
2014-02-28 12:10:00,0.134,12,4,0.1204,0.0304105244939971,1,0.3436268378723599,Normal
2014-02-28 12:15:00,0.134,12,4,0.1204,0.0304105244939971,1,0.3436268378723599,Normal
2014-02-28 12:20:00,0.066,12,4,0.1068,0.0372451339103512,1,0.271832398650435,Normal
2014-02-28 12:25:00,0.134,12,4,0.1068,0.0372451339103512,1,0.297754430587111,Normal
2014-02-28 12:30:00,0.134,12,4,0.1204,0.0304105244939971,1,0.3436268378723599,Normal
2014-02-28 12:35:00,0.132,12,4,0.12,0.0301993377410829,1,0.336679314101242,Normal
2014-02-28 12:40:00,0.068,12,4,0.1068,0.0363483149540662,1,0.2376412774454859,Normal
2014-02-28 12:45:00,0.134,12,4,0.1204,0.0293052896249123,1,0.3408730262008167,Normal
2014-02-28 12:50:00,0.132,12,4,0.12,0.0290860791444979,1,0.3319442644829732,Normal
2014-02-28 12:55:00,0.134,12,4,0.12,0.0290860791444979,1,0.3392410559375139,Normal
2014-02-28 13:00:00,0.134,13,4,0.1204,0.0293052896249123,1,0.3420054600501529,Normal
2014-02-28 13:05:00,0.132,13,4,0.1332,0.0010954451150096,1,0.264468155251547,Normal
2014-02-28 13:10:00,0.066,13,4,0.1196,0.0299799933288851,1,0.265230249166512,Normal
2014-02-28 13:15:00,0.134,13,4,0.12,0.0301993377410829,1,0.3437465962067413,Normal
2014-02-28 13:20:00,0.136,13,4,0.1204,0.0304433900871765,1,0.3196070054203647,Normal
2014-02-28 13:25:00,0.066,13,4,0.1068,0.0372719733848369,1,0.2659119510869759,Normal
2014-02-28 13:30:00,0.134,13,4,0.1072,0.0376191440625647,1,0.2825993204116097,Normal
2014-02-28 13:35:00,0.134,13,4,0.1208,0.0306463700950046,1,0.3415558561659436,Normal
2014-02-28 13:40:00,0.132,13,4,0.1204,0.0304433900871765,1,0.3345569588176515,Normal
2014-02-28 13:45:00,0.132,13,4,0.1196,0.0299799933288851,1,0.3330981817397777,Normal
2014-02-28 13:50:00,0.134,13,4,0.1332,0.0010954451150091,1,0.2751982465430174,Normal
2014-02-28 13:55:00,0.134,13,4,0.1332,0.0010954451150091,1,0.2751982465430174,Normal
2014-02-28 14:00:00,0.132,14,4,0.1328,0.0010954451150091,1,0.2609169410518047,Normal
2014-02-28 14:05:00,0.132,14,4,0.1328,0.0010954451150091,1,0.2609169410518047,Normal
2014-02-28 14:10:00,0.134,14,4,0.1332,0.0010954451150091,1,0.2776557471040362,Normal
2014-02-28 14:15:00,0.134,14,4,0.1332,0.0010954451150091,1,0.2776557471040362,Normal
2014-02-28 14:20:00,0.134,14,4,0.1332,0.0010954451150091,1,0.2776557471040362,Normal
2014-02-28 14:25:00,0.134,14,4,0.1336,0.0008944271909984,1,0.2785013839449013,Normal
